Sample_file	Genome_file	Taxonomic_abundance	Sequence_abundance	Adjusted_ANI	Eff_cov	ANI_5-95_percentile	Eff_lambda	Lambda_5-95_percentile	Median_cov	Mean_cov_geq1	Containment_ind	Naive_ANI	kmers_reassigned	Contig_name
/work/reads/S01.clean_1.fastq.gz	db/GCF_638968339.1_genomic.fna.gz	6.9447	6.9447	99	37.571	NA-NA	HIGH	NA-NA	38	37.571	10000/10000	99	0	GCF_638968339.1 contig_1
/work/reads/S01.clean_1.fastq.gz	db/GCF_352991009.1_genomic.fna.gz	42.7223	42.7223	99	231.128	NA-NA	HIGH	NA-NA	231	231.128	10000/10000	99	0	GCF_352991009.1 contig_1
/work/reads/S01.clean_1.fastq.gz	db/GCF_109348154.1_genomic.fna.gz	20.2832	20.2832	99	109.732	NA-NA	HIGH	NA-NA	110	109.732	10000/10000	99	0	GCF_109348154.1 contig_1
/work/reads/S01.clean_1.fastq.gz	db/GCF_791540768.1_genomic.fna.gz	0.8321	0.8321	99	4.502	NA-NA	4.502	NA-NA	5	4.502	9889/10000	99	0	GCF_791540768.1 contig_1
/work/reads/S01.clean_1.fastq.gz	db/GCF_835514200.1_genomic.fna.gz	9.1014	9.1014	99	49.238	NA-NA	HIGH	NA-NA	49	49.238	10000/10000	99	0	GCF_835514200.1 contig_1
/work/reads/S01.clean_1.fastq.gz	db/GCF_805432683.1_genomic.fna.gz	0.3878	0.3878	99	2.098	NA-NA	2.098	NA-NA	2	2.098	8773/10000	99	0	GCF_805432683.1 contig_1
/work/reads/S01.clean_1.fastq.gz	db/GCF_117939755.1_genomic.fna.gz	1.0069	1.0069	99	5.447	NA-NA	5.447	NA-NA	5	5.447	9957/10000	99	0	GCF_117939755.1 contig_1
/work/reads/S01.clean_1.fastq.gz	db/GCF_245229538.1_genomic.fna.gz	0.3067	0.3067	99	1.659	NA-NA	1.659	NA-NA	2	1.659	8097/10000	99	0	GCF_245229538.1 contig_1
/work/reads/S01.clean_1.fastq.gz	db/GCF_632250977.1_genomic.fna.gz	0.5067	0.5067	99	2.741	NA-NA	2.741	NA-NA	3	2.741	9355/10000	99	0	GCF_632250977.1 contig_1
/work/reads/S01.clean_1.fastq.gz	db/GCF_891682273.1_genomic.fna.gz	6.9742	6.9742	99	37.73	NA-NA	HIGH	NA-NA	38	37.73	10000/10000	99	0	GCF_891682273.1 contig_1
/work/reads/S01.clean_1.fastq.gz	db/GCF_632308201.1_genomic.fna.gz	1.2623	1.2623	99	6.829	NA-NA	6.829	NA-NA	7	6.829	9989/10000	99	0	GCF_632308201.1 contig_1
/work/reads/S01.clean_1.fastq.gz	db/GCF_356668361.1_genomic.fna.gz	0.1241	0.1241	99	0.671	NA-NA	0.671	NA-NA	1	0.671	4889/10000	99	0	GCF_356668361.1 contig_1
/work/reads/S01.clean_1.fastq.gz	db/GCF_323853069.1_genomic.fna.gz	3.5461	3.5461	99	19.184	NA-NA	19.184	NA-NA	19	19.184	10000/10000	99	0	GCF_323853069.1 contig_1
/work/reads/S01.clean_1.fastq.gz	db/GCF_659083691.1_genomic.fna.gz	0.2878	0.2878	99	1.557	NA-NA	1.557	NA-NA	2	1.557	7893/10000	99	0	GCF_659083691.1 contig_1
/work/reads/S01.clean_1.fastq.gz	db/GCF_207693396.1_genomic.fna.gz	1.1057	1.1057	99	5.982	NA-NA	5.982	NA-NA	6	5.982	9975/10000	99	0	GCF_207693396.1 contig_1
/work/reads/S01.clean_1.fastq.gz	db/GCF_871858740.1_genomic.fna.gz	0.3292	0.3292	99	1.781	NA-NA	1.781	NA-NA	2	1.781	8315/10000	99	0	GCF_871858740.1 contig_1
/work/reads/S01.clean_1.fastq.gz	db/GCF_389620766.1_genomic.fna.gz	0.2056	0.2056	99	1.113	NA-NA	1.113	NA-NA	1	1.113	6713/10000	99	0	GCF_389620766.1 contig_1
/work/reads/S01.clean_1.fastq.gz	db/GCF_472516001.1_genomic.fna.gz	0.6961	0.6961	99	3.766	NA-NA	3.766	NA-NA	4	3.766	9769/10000	99	0	GCF_472516001.1 contig_1
/work/reads/S01.clean_1.fastq.gz	db/GCF_246237765.1_genomic.fna.gz	0.1531	0.1531	99	0.828	NA-NA	0.828	NA-NA	1	0.828	5631/10000	99	0	GCF_246237765.1 contig_1
/work/reads/S01.clean_1.fastq.gz	db/GCF_732166806.1_genomic.fna.gz	0.0478	0.0478	99	0.259	NA-NA	0.259	NA-NA	0	0.259	2281/10000	99	0	GCF_732166806.1 contig_1
/work/reads/S01.clean_1.fastq.gz	db/GCF_366096107.1_genomic.fna.gz	0.1091	0.1091	99	0.59	NA-NA	0.59	NA-NA	1	0.59	4457/10000	99	0	GCF_366096107.1 contig_1
/work/reads/S01.clean_1.fastq.gz	db/GCF_704212535.1_genomic.fna.gz	0.1882	0.1882	99	1.018	NA-NA	1.018	NA-NA	1	1.018	6387/10000	99	0	GCF_704212535.1 contig_1
/work/reads/S01.clean_1.fastq.gz	db/GCF_718869119.1_genomic.fna.gz	0.0194	0.0194	99	0.105	NA-NA	0.105	NA-NA	0	0.105	998/10000	99	0	GCF_718869119.1 contig_1
/work/reads/S01.clean_1.fastq.gz	db/GCF_692945506.1_genomic.fna.gz	0.2055	0.2055	99	1.112	NA-NA	1.112	NA-NA	1	1.112	6709/10000	99	0	GCF_692945506.1 contig_1
/work/reads/S01.clean_1.fastq.gz	db/GCF_786800773.1_genomic.fna.gz	0.1109	0.1109	99	0.6	NA-NA	0.6	NA-NA	1	0.6	4513/10000	99	0	GCF_786800773.1 contig_1
/work/reads/S01.clean_1.fastq.gz	db/GCF_671865125.1_genomic.fna.gz	0.8677	0.8677	99	4.694	NA-NA	4.694	NA-NA	5	4.694	9909/10000	99	0	GCF_671865125.1 contig_1
/work/reads/S01.clean_1.fastq.gz	db/GCF_488010780.1_genomic.fna.gz	0.0869	0.0869	99	0.47	NA-NA	0.47	NA-NA	0	0.47	3751/10000	99	0	GCF_488010780.1 contig_1
/work/reads/S01.clean_1.fastq.gz	db/GCF_620365125.1_genomic.fna.gz	0.4319	0.4319	99	2.337	NA-NA	2.337	NA-NA	2	2.337	9034/10000	99	0	GCF_620365125.1 contig_1
/work/reads/S01.clean_1.fastq.gz	db/GCF_728775122.1_genomic.fna.gz	0.1845	0.1845	99	0.998	NA-NA	0.998	NA-NA	1	0.998	6315/10000	99	0	GCF_728775122.1 contig_1
/work/reads/S01.clean_1.fastq.gz	db/GCF_402948604.1_genomic.fna.gz	0.6919	0.6919	99	3.743	NA-NA	3.743	NA-NA	4	3.743	9763/10000	99	0	GCF_402948604.1 contig_1
/work/reads/S01.clean_1.fastq.gz	db/GCF_599760709.1_genomic.fna.gz	0.1515	0.1515	99	0.82	NA-NA	0.82	NA-NA	1	0.82	5594/10000	99	0	GCF_599760709.1 contig_1
/work/reads/S01.clean_1.fastq.gz	db/GCF_654875077.1_genomic.fna.gz	0.1286	0.1286	99	0.696	NA-NA	0.696	NA-NA	1	0.696	5014/10000	99	0	GCF_654875077.1 contig_1
/work/reads/S02.clean_1.fastq.gz	db/GCF_638968339.1_genomic.fna.gz	32.8554	32.8554	99	91.228	NA-NA	HIGH	NA-NA	91	91.228	10000/10000	99	0	GCF_638968339.1 contig_1
/work/reads/S02.clean_1.fastq.gz	db/GCF_778003227.1_genomic.fna.gz	0.2964	0.2964	99	0.823	NA-NA	0.823	NA-NA	1	0.823	5609/10000	99	0	GCF_778003227.1 contig_1
/work/reads/S02.clean_1.fastq.gz	db/GCF_352991009.1_genomic.fna.gz	41.1162	41.1162	99	114.166	NA-NA	HIGH	NA-NA	114	114.166	10000/10000	99	0	GCF_352991009.1 contig_1
/work/reads/S02.clean_1.fastq.gz	db/GCF_109348154.1_genomic.fna.gz	13.0449	13.0449	99	36.221	NA-NA	HIGH	NA-NA	36	36.221	10000/10000	99	0	GCF_109348154.1 contig_1
/work/reads/S02.clean_1.fastq.gz	db/GCF_835514200.1_genomic.fna.gz	1.5089	1.5089	99	4.19	NA-NA	4.19	NA-NA	4	4.19	9848/10000	99	0	GCF_835514200.1 contig_1
/work/reads/S02.clean_1.fastq.gz	db/GCF_805432683.1_genomic.fna.gz	0.1138	0.1138	99	0.316	NA-NA	0.316	NA-NA	0	0.316	2710/10000	99	0	GCF_805432683.1 contig_1
/work/reads/S02.clean_1.fastq.gz	db/GCF_117939755.1_genomic.fna.gz	0.244	0.244	99	0.678	NA-NA	0.678	NA-NA	1	0.678	4922/10000	99	0	GCF_117939755.1 contig_1
/work/reads/S02.clean_1.fastq.gz	db/GCF_596743031.1_genomic.fna.gz	0.0539	0.0539	99	0.15	NA-NA	0.15	NA-NA	0	0.15	1389/10000	99	0	GCF_596743031.1 contig_1
/work/reads/S02.clean_1.fastq.gz	db/GCF_245229538.1_genomic.fna.gz	0.0813	0.0813	99	0.226	NA-NA	0.226	NA-NA	0	0.226	2021/10000	99	0	GCF_245229538.1 contig_1
/work/reads/S02.clean_1.fastq.gz	db/GCF_891682273.1_genomic.fna.gz	3.7661	3.7661	99	10.457	NA-NA	10.457	NA-NA	10	10.457	10000/10000	99	0	GCF_891682273.1 contig_1
/work/reads/S02.clean_1.fastq.gz	db/GCF_632308201.1_genomic.fna.gz	0.9612	0.9612	99	2.669	NA-NA	2.669	NA-NA	3	2.669	9307/10000	99	0	GCF_632308201.1 contig_1
/work/reads/S02.clean_1.fastq.gz	db/GCF_323853069.1_genomic.fna.gz	1.9115	1.9115	99	5.308	NA-NA	5.308	NA-NA	5	5.308	9950/10000	99	0	GCF_323853069.1 contig_1
/work/reads/S02.clean_1.fastq.gz	db/GCF_659083691.1_genomic.fna.gz	0.3305	0.3305	99	0.918	NA-NA	0.918	NA-NA	1	0.918	6006/10000	99	0	GCF_659083691.1 contig_1
/work/reads/S02.clean_1.fastq.gz	db/GCF_207693396.1_genomic.fna.gz	0.1885	0.1885	99	0.523	NA-NA	0.523	NA-NA	1	0.523	4074/10000	99	0	GCF_207693396.1 contig_1
/work/reads/S02.clean_1.fastq.gz	db/GCF_871858740.1_genomic.fna.gz	0.1053	0.1053	99	0.292	NA-NA	0.292	NA-NA	0	0.292	2535/10000	99	0	GCF_871858740.1 contig_1
/work/reads/S02.clean_1.fastq.gz	db/GCF_389620766.1_genomic.fna.gz	0.3656	0.3656	99	1.015	NA-NA	1.015	NA-NA	1	1.015	6377/10000	99	0	GCF_389620766.1 contig_1
/work/reads/S02.clean_1.fastq.gz	db/GCF_472516001.1_genomic.fna.gz	0.0273	0.0273	99	0.076	NA-NA	0.076	NA-NA	0	0.076	731/10000	99	0	GCF_472516001.1 contig_1
/work/reads/S02.clean_1.fastq.gz	db/GCF_246237765.1_genomic.fna.gz	0.1968	0.1968	99	0.547	NA-NA	0.547	NA-NA	1	0.547	4211/10000	99	0	GCF_246237765.1 contig_1
/work/reads/S02.clean_1.fastq.gz	db/GCF_732166806.1_genomic.fna.gz	0.1168	0.1168	99	0.324	NA-NA	0.324	NA-NA	0	0.324	2771/10000	99	0	GCF_732166806.1 contig_1
/work/reads/S02.clean_1.fastq.gz	db/GCF_825084688.1_genomic.fna.gz	0.3645	0.3645	99	1.012	NA-NA	1.012	NA-NA	1	1.012	6366/10000	99	0	GCF_825084688.1 contig_1
/work/reads/S02.clean_1.fastq.gz	db/GCF_366096107.1_genomic.fna.gz	0.0772	0.0772	99	0.214	NA-NA	0.214	NA-NA	0	0.214	1930/10000	99	0	GCF_366096107.1 contig_1
/work/reads/S02.clean_1.fastq.gz	db/GCF_704212535.1_genomic.fna.gz	0.1668	0.1668	99	0.463	NA-NA	0.463	NA-NA	0	0.463	3707/10000	99	0	GCF_704212535.1 contig_1
/work/reads/S02.clean_1.fastq.gz	db/GCF_692945506.1_genomic.fna.gz	0.2444	0.2444	99	0.679	NA-NA	0.679	NA-NA	1	0.679	4927/10000	99	0	GCF_692945506.1 contig_1
/work/reads/S02.clean_1.fastq.gz	db/GCF_786800773.1_genomic.fna.gz	0.0812	0.0812	99	0.225	NA-NA	0.225	NA-NA	0	0.225	2018/10000	99	0	GCF_786800773.1 contig_1
/work/reads/S02.clean_1.fastq.gz	db/GCF_671865125.1_genomic.fna.gz	0.1682	0.1682	99	0.467	NA-NA	0.467	NA-NA	0	0.467	3732/10000	99	0	GCF_671865125.1 contig_1
/work/reads/S02.clean_1.fastq.gz	db/GCF_488010780.1_genomic.fna.gz	0.034	0.034	99	0.094	NA-NA	0.094	NA-NA	0	0.094	900/10000	99	0	GCF_488010780.1 contig_1
/work/reads/S02.clean_1.fastq.gz	db/GCF_876113726.1_genomic.fna.gz	0.0891	0.0891	99	0.247	NA-NA	0.247	NA-NA	0	0.247	2192/10000	99	0	GCF_876113726.1 contig_1
/work/reads/S02.clean_1.fastq.gz	db/GCF_620365125.1_genomic.fna.gz	0.0669	0.0669	99	0.186	NA-NA	0.186	NA-NA	0	0.186	1696/10000	99	0	GCF_620365125.1 contig_1
/work/reads/S02.clean_1.fastq.gz	db/GCF_728775122.1_genomic.fna.gz	0.3334	0.3334	99	0.926	NA-NA	0.926	NA-NA	1	0.926	6037/10000	99	0	GCF_728775122.1 contig_1
/work/reads/S02.clean_1.fastq.gz	db/GCF_402948604.1_genomic.fna.gz	0.1837	0.1837	99	0.51	NA-NA	0.51	NA-NA	1	0.51	3996/10000	99	0	GCF_402948604.1 contig_1
/work/reads/S02.clean_1.fastq.gz	db/GCF_599760709.1_genomic.fna.gz	0.1313	0.1313	99	0.365	NA-NA	0.365	NA-NA	0	0.365	3055/10000	99	0	GCF_599760709.1 contig_1
/work/reads/S02.clean_1.fastq.gz	db/GCF_589348662.1_genomic.fna.gz	0.513	0.513	99	1.425	NA-NA	1.425	NA-NA	1	1.425	7594/10000	99	0	GCF_589348662.1 contig_1
/work/reads/S02.clean_1.fastq.gz	db/GCF_834999569.1_genomic.fna.gz	0.1159	0.1159	99	0.322	NA-NA	0.322	NA-NA	0	0.322	2752/10000	99	0	GCF_834999569.1 contig_1
/work/reads/S02.clean_1.fastq.gz	db/GCF_654875077.1_genomic.fna.gz	0.1457	0.1457	99	0.405	NA-NA	0.405	NA-NA	0	0.405	3327/10000	99	0	GCF_654875077.1 contig_1
/work/reads/S03.clean_1.fastq.gz	db/GCF_638968339.1_genomic.fna.gz	22.8185	22.8185	99	30.501	NA-NA	HIGH	NA-NA	31	30.501	10000/10000	99	0	GCF_638968339.1 contig_1
/work/reads/S03.clean_1.fastq.gz	db/GCF_778003227.1_genomic.fna.gz	0.1789	0.1789	99	0.239	NA-NA	0.239	NA-NA	0	0.239	2127/10000	99	0	GCF_778003227.1 contig_1
/work/reads/S03.clean_1.fastq.gz	db/GCF_352991009.1_genomic.fna.gz	20.3299	20.3299	99	27.174	NA-NA	HIGH	NA-NA	27	27.174	10000/10000	99	0	GCF_352991009.1 contig_1
/work/reads/S03.clean_1.fastq.gz	db/GCF_109348154.1_genomic.fna.gz	35.7579	35.7579	99	47.796	NA-NA	HIGH	NA-NA	48	47.796	10000/10000	99	0	GCF_109348154.1 contig_1
/work/reads/S03.clean_1.fastq.gz	db/GCF_791540768.1_genomic.fna.gz	1.031	1.031	99	1.378	NA-NA	1.378	NA-NA	1	1.378	7479/10000	99	0	GCF_791540768.1 contig_1
/work/reads/S03.clean_1.fastq.gz	db/GCF_835514200.1_genomic.fna.gz	3.7509	3.7509	99	5.014	NA-NA	5.014	NA-NA	5	5.014	9934/10000	99	0	GCF_835514200.1 contig_1
/work/reads/S03.clean_1.fastq.gz	db/GCF_805432683.1_genomic.fna.gz	0.3369	0.3369	99	0.45	NA-NA	0.45	NA-NA	0	0.45	3626/10000	99	0	GCF_805432683.1 contig_1
/work/reads/S03.clean_1.fastq.gz	db/GCF_117939755.1_genomic.fna.gz	0.2865	0.2865	99	0.383	NA-NA	0.383	NA-NA	0	0.383	3181/10000	99	0	GCF_117939755.1 contig_1
/work/reads/S03.clean_1.fastq.gz	db/GCF_596743031.1_genomic.fna.gz	0.0457	0.0457	99	0.061	NA-NA	0.061	NA-NA	0	0.061	593/10000	99	0	GCF_596743031.1 contig_1
/work/reads/S03.clean_1.fastq.gz	db/GCF_245229538.1_genomic.fna.gz	0.7417	0.7417	99	0.991	NA-NA	0.991	NA-NA	1	0.991	6289/10000	99	0	GCF_245229538.1 contig_1
/work/reads/S03.clean_1.fastq.gz	db/GCF_632250977.1_genomic.fna.gz	0.3891	0.3891	99	0.52	NA-NA	0.52	NA-NA	1	0.52	4056/10000	99	0	GCF_632250977.1 contig_1
/work/reads/S03.clean_1.fastq.gz	db/GCF_891682273.1_genomic.fna.gz	3.0005	3.0005	99	4.011	NA-NA	4.011	NA-NA	4	4.011	9819/10000	99	0	GCF_891682273.1 contig_1
/work/reads/S03.clean_1.fastq.gz	db/GCF_632308201.1_genomic.fna.gz	1.4116	1.4116	99	1.887	NA-NA	1.887	NA-NA	2	1.887	8485/10000	99	0	GCF_632308201.1 contig_1
/work/reads/S03.clean_1.fastq.gz	db/GCF_356668361.1_genomic.fna.gz	0.1902	0.1902	99	0.254	NA-NA	0.254	NA-NA	0	0.254	2245/10000	99	0	GCF_356668361.1 contig_1
/work/reads/S03.clean_1.fastq.gz	db/GCF_323853069.1_genomic.fna.gz	2.3945	2.3945	99	3.201	NA-NA	3.201	NA-NA	3	3.201	9593/10000	99	0	GCF_323853069.1 contig_1
/work/reads/S03.clean_1.fastq.gz	db/GCF_659083691.1_genomic.fna.gz	0.8053	0.8053	99	1.076	NA-NA	1.076	NA-NA	1	1.076	6592/10000	99	0	GCF_659083691.1 contig_1
/work/reads/S03.clean_1.fastq.gz	db/GCF_207693396.1_genomic.fna.gz	0.4175	0.4175	99	0.558	NA-NA	0.558	NA-NA	1	0.558	4277/10000	99	0	GCF_207693396.1 contig_1
/work/reads/S03.clean_1.fastq.gz	db/GCF_871858740.1_genomic.fna.gz	0.5633	0.5633	99	0.753	NA-NA	0.753	NA-NA	1	0.753	5290/10000	99	0	GCF_871858740.1 contig_1
/work/reads/S03.clean_1.fastq.gz	db/GCF_389620766.1_genomic.fna.gz	0.5632	0.5632	99	0.753	NA-NA	0.753	NA-NA	1	0.753	5289/10000	99	0	GCF_389620766.1 contig_1
/work/reads/S03.clean_1.fastq.gz	db/GCF_472516001.1_genomic.fna.gz	0.1432	0.1432	99	0.191	NA-NA	0.191	NA-NA	0	0.191	1742/10000	99	0	GCF_472516001.1 contig_1
/work/reads/S03.clean_1.fastq.gz	db/GCF_246237765.1_genomic.fna.gz	0.1695	0.1695	99	0.227	NA-NA	0.227	NA-NA	0	0.227	2028/10000	99	0	GCF_246237765.1 contig_1
/work/reads/S03.clean_1.fastq.gz	db/GCF_366096107.1_genomic.fna.gz	0.3119	0.3119	99	0.417	NA-NA	0.417	NA-NA	0	0.417	3409/10000	99	0	GCF_366096107.1 contig_1
/work/reads/S03.clean_1.fastq.gz	db/GCF_692945506.1_genomic.fna.gz	0.3926	0.3926	99	0.525	NA-NA	0.525	NA-NA	1	0.525	4083/10000	99	0	GCF_692945506.1 contig_1
/work/reads/S03.clean_1.fastq.gz	db/GCF_786800773.1_genomic.fna.gz	0.0866	0.0866	99	0.116	NA-NA	0.116	NA-NA	0	0.116	1093/10000	99	0	GCF_786800773.1 contig_1
/work/reads/S03.clean_1.fastq.gz	db/GCF_671865125.1_genomic.fna.gz	0.1408	0.1408	99	0.188	NA-NA	0.188	NA-NA	0	0.188	1716/10000	99	0	GCF_671865125.1 contig_1
/work/reads/S03.clean_1.fastq.gz	db/GCF_488010780.1_genomic.fna.gz	0.3304	0.3304	99	0.442	NA-NA	0.442	NA-NA	0	0.442	3570/10000	99	0	GCF_488010780.1 contig_1
/work/reads/S03.clean_1.fastq.gz	db/GCF_876113726.1_genomic.fna.gz	0.5587	0.5587	99	0.747	NA-NA	0.747	NA-NA	1	0.747	5261/10000	99	0	GCF_876113726.1 contig_1
/work/reads/S03.clean_1.fastq.gz	db/GCF_620365125.1_genomic.fna.gz	0.0979	0.0979	99	0.131	NA-NA	0.131	NA-NA	0	0.131	1226/10000	99	0	GCF_620365125.1 contig_1
/work/reads/S03.clean_1.fastq.gz	db/GCF_728775122.1_genomic.fna.gz	0.9507	0.9507	99	1.271	NA-NA	1.271	NA-NA	1	1.271	7194/10000	99	0	GCF_728775122.1 contig_1
/work/reads/S03.clean_1.fastq.gz	db/GCF_402948604.1_genomic.fna.gz	0.6641	0.6641	99	0.888	NA-NA	0.888	NA-NA	1	0.888	5884/10000	99	0	GCF_402948604.1 contig_1
/work/reads/S03.clean_1.fastq.gz	db/GCF_599760709.1_genomic.fna.gz	0.2694	0.2694	99	0.36	NA-NA	0.36	NA-NA	0	0.36	3024/10000	99	0	GCF_599760709.1 contig_1
/work/reads/S03.clean_1.fastq.gz	db/GCF_589348662.1_genomic.fna.gz	0.7447	0.7447	99	0.995	NA-NA	0.995	NA-NA	1	0.995	6304/10000	99	0	GCF_589348662.1 contig_1
/work/reads/S03.clean_1.fastq.gz	db/GCF_697917469.1_genomic.fna.gz	0.0315	0.0315	99	0.042	NA-NA	0.042	NA-NA	0	0.042	413/10000	99	0	GCF_697917469.1 contig_1
/work/reads/S03.clean_1.fastq.gz	db/GCF_654875077.1_genomic.fna.gz	0.0951	0.0951	99	0.127	NA-NA	0.127	NA-NA	0	0.127	1193/10000	99	0	GCF_654875077.1 contig_1
/work/reads/S04.clean_1.fastq.gz	db/GCF_638968339.1_genomic.fna.gz	35.2228	35.2228	99	42.972	NA-NA	HIGH	NA-NA	43	42.972	10000/10000	99	0	GCF_638968339.1 contig_1
/work/reads/S04.clean_1.fastq.gz	db/GCF_778003227.1_genomic.fna.gz	0.3096	0.3096	99	0.378	NA-NA	0.378	NA-NA	0	0.378	3145/10000	99	0	GCF_778003227.1 contig_1
/work/reads/S04.clean_1.fastq.gz	db/GCF_352991009.1_genomic.fna.gz	19.4611	19.4611	99	23.742	NA-NA	HIGH	NA-NA	24	23.742	10000/10000	99	0	GCF_352991009.1 contig_1
/work/reads/S04.clean_1.fastq.gz	db/GCF_109348154.1_genomic.fna.gz	16.6367	16.6367	99	20.297	NA-NA	HIGH	NA-NA	20	20.297	10000/10000	99	0	GCF_109348154.1 contig_1
/work/reads/S04.clean_1.fastq.gz	db/GCF_791540768.1_genomic.fna.gz	4.1477	4.1477	99	5.06	NA-NA	5.06	NA-NA	5	5.06	9937/10000	99	0	GCF_791540768.1 contig_1
/work/reads/S04.clean_1.fastq.gz	db/GCF_835514200.1_genomic.fna.gz	2.9927	2.9927	99	3.651	NA-NA	3.651	NA-NA	4	3.651	9740/10000	99	0	GCF_835514200.1 contig_1
/work/reads/S04.clean_1.fastq.gz	db/GCF_117939755.1_genomic.fna.gz	0.3999	0.3999	99	0.488	NA-NA	0.488	NA-NA	0	0.488	3861/10000	99	0	GCF_117939755.1 contig_1
/work/reads/S04.clean_1.fastq.gz	db/GCF_596743031.1_genomic.fna.gz	0.1877	0.1877	99	0.229	NA-NA	0.229	NA-NA	0	0.229	2047/10000	99	0	GCF_596743031.1 contig_1
/work/reads/S04.clean_1.fastq.gz	db/GCF_245229538.1_genomic.fna.gz	0.4367	0.4367	99	0.533	NA-NA	0.533	NA-NA	1	0.533	4130/10000	99	0	GCF_245229538.1 contig_1
/work/reads/S04.clean_1.fastq.gz	db/GCF_632250977.1_genomic.fna.gz	0.4155	0.4155	99	0.507	NA-NA	0.507	NA-NA	1	0.507	3977/10000	99	0	GCF_632250977.1 contig_1
/work/reads/S04.clean_1.fastq.gz	db/GCF_891682273.1_genomic.fna.gz	1.6415	1.6415	99	2.003	NA-NA	2.003	NA-NA	2	2.003	8650/10000	99	0	GCF_891682273.1 contig_1
/work/reads/S04.clean_1.fastq.gz	db/GCF_632308201.1_genomic.fna.gz	1.1019	1.1019	99	1.344	NA-NA	1.344	NA-NA	1	1.344	7393/10000	99	0	GCF_632308201.1 contig_1
/work/reads/S04.clean_1.fastq.gz	db/GCF_356668361.1_genomic.fna.gz	0.6628	0.6628	99	0.809	NA-NA	0.809	NA-NA	1	0.809	5545/10000	99	0	GCF_356668361.1 contig_1
/work/reads/S04.clean_1.fastq.gz	db/GCF_323853069.1_genomic.fna.gz	9.2549	9.2549	99	11.291	NA-NA	11.291	NA-NA	11	11.291	10000/10000	99	0	GCF_323853069.1 contig_1
/work/reads/S04.clean_1.fastq.gz	db/GCF_659083691.1_genomic.fna.gz	0.1394	0.1394	99	0.17	NA-NA	0.17	NA-NA	0	0.17	1564/10000	99	0	GCF_659083691.1 contig_1
/work/reads/S04.clean_1.fastq.gz	db/GCF_207693396.1_genomic.fna.gz	0.0694	0.0694	99	0.085	NA-NA	0.085	NA-NA	0	0.085	811/10000	99	0	GCF_207693396.1 contig_1
/work/reads/S04.clean_1.fastq.gz	db/GCF_871858740.1_genomic.fna.gz	0.1472	0.1472	99	0.18	NA-NA	0.18	NA-NA	0	0.18	1644/10000	99	0	GCF_871858740.1 contig_1
/work/reads/S04.clean_1.fastq.gz	db/GCF_389620766.1_genomic.fna.gz	0.2037	0.2037	99	0.248	NA-NA	0.248	NA-NA	0	0.248	2200/10000	99	0	GCF_389620766.1 contig_1
/work/reads/S04.clean_1.fastq.gz	db/GCF_472516001.1_genomic.fna.gz	0.5478	0.5478	99	0.668	NA-NA	0.668	NA-NA	1	0.668	4874/10000	99	0	GCF_472516001.1 contig_1
/work/reads/S04.clean_1.fastq.gz	db/GCF_246237765.1_genomic.fna.gz	0.4301	0.4301	99	0.525	NA-NA	0.525	NA-NA	1	0.525	4083/10000	99	0	GCF_246237765.1 contig_1
/work/reads/S04.clean_1.fastq.gz	db/GCF_732166806.1_genomic.fna.gz	0.7463	0.7463	99	0.911	NA-NA	0.911	NA-NA	1	0.911	5977/10000	99	0	GCF_732166806.1 contig_1
/work/reads/S04.clean_1.fastq.gz	db/GCF_825084688.1_genomic.fna.gz	0.2428	0.2428	99	0.296	NA-NA	0.296	NA-NA	0	0.296	2564/10000	99	0	GCF_825084688.1 contig_1
/work/reads/S04.clean_1.fastq.gz	db/GCF_704212535.1_genomic.fna.gz	1.1664	1.1664	99	1.423	NA-NA	1.423	NA-NA	1	1.423	7590/10000	99	0	GCF_704212535.1 contig_1
/work/reads/S04.clean_1.fastq.gz	db/GCF_692945506.1_genomic.fna.gz	0.5851	0.5851	99	0.714	NA-NA	0.714	NA-NA	1	0.714	5102/10000	99	0	GCF_692945506.1 contig_1
/work/reads/S04.clean_1.fastq.gz	db/GCF_786800773.1_genomic.fna.gz	0.1732	0.1732	99	0.211	NA-NA	0.211	NA-NA	0	0.211	1905/10000	99	0	GCF_786800773.1 contig_1
/work/reads/S04.clean_1.fastq.gz	db/GCF_671865125.1_genomic.fna.gz	0.4812	0.4812	99	0.587	NA-NA	0.587	NA-NA	1	0.587	4440/10000	99	0	GCF_671865125.1 contig_1
/work/reads/S04.clean_1.fastq.gz	db/GCF_488010780.1_genomic.fna.gz	0.3747	0.3747	99	0.457	NA-NA	0.457	NA-NA	0	0.457	3669/10000	99	0	GCF_488010780.1 contig_1
/work/reads/S04.clean_1.fastq.gz	db/GCF_876113726.1_genomic.fna.gz	0.3211	0.3211	99	0.392	NA-NA	0.392	NA-NA	0	0.392	3241/10000	99	0	GCF_876113726.1 contig_1
/work/reads/S04.clean_1.fastq.gz	db/GCF_620365125.1_genomic.fna.gz	0.1093	0.1093	99	0.133	NA-NA	0.133	NA-NA	0	0.133	1249/10000	99	0	GCF_620365125.1 contig_1
/work/reads/S04.clean_1.fastq.gz	db/GCF_728775122.1_genomic.fna.gz	0.2678	0.2678	99	0.327	NA-NA	0.327	NA-NA	0	0.327	2787/10000	99	0	GCF_728775122.1 contig_1
/work/reads/S04.clean_1.fastq.gz	db/GCF_599760709.1_genomic.fna.gz	0.4441	0.4441	99	0.542	NA-NA	0.542	NA-NA	1	0.542	4183/10000	99	0	GCF_599760709.1 contig_1
/work/reads/S04.clean_1.fastq.gz	db/GCF_589348662.1_genomic.fna.gz	0.4244	0.4244	99	0.518	NA-NA	0.518	NA-NA	1	0.518	4042/10000	99	0	GCF_589348662.1 contig_1
/work/reads/S04.clean_1.fastq.gz	db/GCF_697917469.1_genomic.fna.gz	0.0799	0.0799	99	0.097	NA-NA	0.097	NA-NA	0	0.097	928/10000	99	0	GCF_697917469.1 contig_1
/work/reads/S04.clean_1.fastq.gz	db/GCF_654875077.1_genomic.fna.gz	0.1749	0.1749	99	0.213	NA-NA	0.213	NA-NA	0	0.213	1922/10000	99	0	GCF_654875077.1 contig_1
/work/reads/S05.clean_1.fastq.gz	db/GCF_638968339.1_genomic.fna.gz	33.7321	33.7321	99	40.029	NA-NA	HIGH	NA-NA	40	40.029	10000/10000	99	0	GCF_638968339.1 contig_1
/work/reads/S05.clean_1.fastq.gz	db/GCF_778003227.1_genomic.fna.gz	0.2834	0.2834	99	0.336	NA-NA	0.336	NA-NA	0	0.336	2856/10000	99	0	GCF_778003227.1 contig_1
/work/reads/S05.clean_1.fastq.gz	db/GCF_352991009.1_genomic.fna.gz	33.2336	33.2336	99	39.437	NA-NA	HIGH	NA-NA	39	39.437	10000/10000	99	0	GCF_352991009.1 contig_1
/work/reads/S05.clean_1.fastq.gz	db/GCF_109348154.1_genomic.fna.gz	12.1318	12.1318	99	14.396	NA-NA	14.396	NA-NA	14	14.396	10000/10000	99	0	GCF_109348154.1 contig_1
/work/reads/S05.clean_1.fastq.gz	db/GCF_791540768.1_genomic.fna.gz	0.8935	0.8935	99	1.06	NA-NA	1.06	NA-NA	1	1.06	6536/10000	99	0	GCF_791540768.1 contig_1
/work/reads/S05.clean_1.fastq.gz	db/GCF_835514200.1_genomic.fna.gz	5.7738	5.7738	99	6.852	NA-NA	6.852	NA-NA	7	6.852	9989/10000	99	0	GCF_835514200.1 contig_1
/work/reads/S05.clean_1.fastq.gz	db/GCF_805432683.1_genomic.fna.gz	0.4673	0.4673	99	0.555	NA-NA	0.555	NA-NA	1	0.555	4257/10000	99	0	GCF_805432683.1 contig_1
/work/reads/S05.clean_1.fastq.gz	db/GCF_117939755.1_genomic.fna.gz	1.0211	1.0211	99	1.212	NA-NA	1.212	NA-NA	1	1.212	7023/10000	99	0	GCF_117939755.1 contig_1
/work/reads/S05.clean_1.fastq.gz	db/GCF_245229538.1_genomic.fna.gz	0.2894	0.2894	99	0.343	NA-NA	0.343	NA-NA	0	0.343	2906/10000	99	0	GCF_245229538.1 contig_1
/work/reads/S05.clean_1.fastq.gz	db/GCF_632250977.1_genomic.fna.gz	0.3837	0.3837	99	0.455	NA-NA	0.455	NA-NA	0	0.455	3657/10000	99	0	GCF_632250977.1 contig_1
/work/reads/S05.clean_1.fastq.gz	db/GCF_891682273.1_genomic.fna.gz	2.5482	2.5482	99	3.024	NA-NA	3.024	NA-NA	3	3.024	9514/10000	99	0	GCF_891682273.1 contig_1
/work/reads/S05.clean_1.fastq.gz	db/GCF_632308201.1_genomic.fna.gz	3.1632	3.1632	99	3.754	NA-NA	3.754	NA-NA	4	3.754	9766/10000	99	0	GCF_632308201.1 contig_1
/work/reads/S05.clean_1.fastq.gz	db/GCF_323853069.1_genomic.fna.gz	0.714	0.714	99	0.847	NA-NA	0.847	NA-NA	1	0.847	5714/10000	99	0	GCF_323853069.1 contig_1
/work/reads/S05.clean_1.fastq.gz	db/GCF_659083691.1_genomic.fna.gz	0.3347	0.3347	99	0.397	NA-NA	0.397	NA-NA	0	0.397	3278/10000	99	0	GCF_659083691.1 contig_1
/work/reads/S05.clean_1.fastq.gz	db/GCF_207693396.1_genomic.fna.gz	0.2631	0.2631	99	0.312	NA-NA	0.312	NA-NA	0	0.312	2681/10000	99	0	GCF_207693396.1 contig_1
/work/reads/S05.clean_1.fastq.gz	db/GCF_871858740.1_genomic.fna.gz	0.1523	0.1523	99	0.181	NA-NA	0.181	NA-NA	0	0.181	1653/10000	99	0	GCF_871858740.1 contig_1
/work/reads/S05.clean_1.fastq.gz	db/GCF_389620766.1_genomic.fna.gz	0.1675	0.1675	99	0.199	NA-NA	0.199	NA-NA	0	0.199	1802/10000	99	0	GCF_389620766.1 contig_1
/work/reads/S05.clean_1.fastq.gz	db/GCF_472516001.1_genomic.fna.gz	0.1309	0.1309	99	0.155	NA-NA	0.155	NA-NA	0	0.155	1439/10000	99	0	GCF_472516001.1 contig_1
/work/reads/S05.clean_1.fastq.gz	db/GCF_246237765.1_genomic.fna.gz	0.4396	0.4396	99	0.522	NA-NA	0.522	NA-NA	1	0.522	4064/10000	99	0	GCF_246237765.1 contig_1
/work/reads/S05.clean_1.fastq.gz	db/GCF_732166806.1_genomic.fna.gz	0.0317	0.0317	99	0.038	NA-NA	0.038	NA-NA	0	0.038	369/10000	99	0	GCF_732166806.1 contig_1
/work/reads/S05.clean_1.fastq.gz	db/GCF_366096107.1_genomic.fna.gz	0.0407	0.0407	99	0.048	NA-NA	0.048	NA-NA	0	0.048	472/10000	99	0	GCF_366096107.1 contig_1
/work/reads/S05.clean_1.fastq.gz	db/GCF_704212535.1_genomic.fna.gz	0.5118	0.5118	99	0.607	NA-NA	0.607	NA-NA	1	0.607	4552/10000	99	0	GCF_704212535.1 contig_1
/work/reads/S05.clean_1.fastq.gz	db/GCF_692945506.1_genomic.fna.gz	0.1269	0.1269	99	0.151	NA-NA	0.151	NA-NA	0	0.151	1398/10000	99	0	GCF_692945506.1 contig_1
/work/reads/S05.clean_1.fastq.gz	db/GCF_360765333.1_genomic.fna.gz	0.0233	0.0233	99	0.028	NA-NA	0.028	NA-NA	0	0.028	273/10000	99	0	GCF_360765333.1 contig_1
/work/reads/S05.clean_1.fastq.gz	db/GCF_786800773.1_genomic.fna.gz	0.1995	0.1995	99	0.237	NA-NA	0.237	NA-NA	0	0.237	2108/10000	99	0	GCF_786800773.1 contig_1
/work/reads/S05.clean_1.fastq.gz	db/GCF_671865125.1_genomic.fna.gz	0.3356	0.3356	99	0.398	NA-NA	0.398	NA-NA	0	0.398	3285/10000	99	0	GCF_671865125.1 contig_1
/work/reads/S05.clean_1.fastq.gz	db/GCF_488010780.1_genomic.fna.gz	0.1631	0.1631	99	0.194	NA-NA	0.194	NA-NA	0	0.194	1760/10000	99	0	GCF_488010780.1 contig_1
/work/reads/S05.clean_1.fastq.gz	db/GCF_876113726.1_genomic.fna.gz	0.2557	0.2557	99	0.303	NA-NA	0.303	NA-NA	0	0.303	2618/10000	99	0	GCF_876113726.1 contig_1
/work/reads/S05.clean_1.fastq.gz	db/GCF_620365125.1_genomic.fna.gz	0.047	0.047	99	0.056	NA-NA	0.056	NA-NA	0	0.056	543/10000	99	0	GCF_620365125.1 contig_1
/work/reads/S05.clean_1.fastq.gz	db/GCF_728775122.1_genomic.fna.gz	1.4162	1.4162	99	1.681	NA-NA	1.681	NA-NA	2	1.681	8137/10000	99	0	GCF_728775122.1 contig_1
/work/reads/S05.clean_1.fastq.gz	db/GCF_599760709.1_genomic.fna.gz	0.3118	0.3118	99	0.37	NA-NA	0.37	NA-NA	0	0.37	3093/10000	99	0	GCF_599760709.1 contig_1
/work/reads/S05.clean_1.fastq.gz	db/GCF_589348662.1_genomic.fna.gz	0.1061	0.1061	99	0.126	NA-NA	0.126	NA-NA	0	0.126	1183/10000	99	0	GCF_589348662.1 contig_1
/work/reads/S05.clean_1.fastq.gz	db/GCF_834999569.1_genomic.fna.gz	0.2191	0.2191	99	0.26	NA-NA	0.26	NA-NA	0	0.26	2289/10000	99	0	GCF_834999569.1 contig_1
/work/reads/S05.clean_1.fastq.gz	db/GCF_654875077.1_genomic.fna.gz	0.0883	0.0883	99	0.105	NA-NA	0.105	NA-NA	0	0.105	995/10000	99	0	GCF_654875077.1 contig_1
/work/reads/S06.clean_1.fastq.gz	db/GCF_638968339.1_genomic.fna.gz	36.9306	36.9306	99	87.772	NA-NA	HIGH	NA-NA	88	87.772	10000/10000	99	0	GCF_638968339.1 contig_1
/work/reads/S06.clean_1.fastq.gz	db/GCF_352991009.1_genomic.fna.gz	25.3975	25.3975	99	60.361	NA-NA	HIGH	NA-NA	60	60.361	10000/10000	99	0	GCF_352991009.1 contig_1
/work/reads/S06.clean_1.fastq.gz	db/GCF_109348154.1_genomic.fna.gz	17.2566	17.2566	99	41.013	NA-NA	HIGH	NA-NA	41	41.013	10000/10000	99	0	GCF_109348154.1 contig_1
/work/reads/S06.clean_1.fastq.gz	db/GCF_791540768.1_genomic.fna.gz	0.5396	0.5396	99	1.282	NA-NA	1.282	NA-NA	1	1.282	7226/10000	99	0	GCF_791540768.1 contig_1
/work/reads/S06.clean_1.fastq.gz	db/GCF_835514200.1_genomic.fna.gz	6.7723	6.7723	99	16.095	NA-NA	16.095	NA-NA	16	16.095	10000/10000	99	0	GCF_835514200.1 contig_1
/work/reads/S06.clean_1.fastq.gz	db/GCF_805432683.1_genomic.fna.gz	0.3938	0.3938	99	0.936	NA-NA	0.936	NA-NA	1	0.936	6078/10000	99	0	GCF_805432683.1 contig_1
/work/reads/S06.clean_1.fastq.gz	db/GCF_596743031.1_genomic.fna.gz	0.058	0.058	99	0.138	NA-NA	0.138	NA-NA	0	0.138	1287/10000	99	0	GCF_596743031.1 contig_1
/work/reads/S06.clean_1.fastq.gz	db/GCF_245229538.1_genomic.fna.gz	0.0655	0.0655	99	0.156	NA-NA	0.156	NA-NA	0	0.156	1442/10000	99	0	GCF_245229538.1 contig_1
/work/reads/S06.clean_1.fastq.gz	db/GCF_632250977.1_genomic.fna.gz	0.9509	0.9509	99	2.26	NA-NA	2.26	NA-NA	2	2.26	8957/10000	99	0	GCF_632250977.1 contig_1
/work/reads/S06.clean_1.fastq.gz	db/GCF_891682273.1_genomic.fna.gz	1.0156	1.0156	99	2.414	NA-NA	2.414	NA-NA	2	2.414	9105/10000	99	0	GCF_891682273.1 contig_1
/work/reads/S06.clean_1.fastq.gz	db/GCF_632308201.1_genomic.fna.gz	1.4708	1.4708	99	3.496	NA-NA	3.496	NA-NA	3	3.496	9697/10000	99	0	GCF_632308201.1 contig_1
/work/reads/S06.clean_1.fastq.gz	db/GCF_356668361.1_genomic.fna.gz	0.2045	0.2045	99	0.486	NA-NA	0.486	NA-NA	0	0.486	3849/10000	99	0	GCF_356668361.1 contig_1
/work/reads/S06.clean_1.fastq.gz	db/GCF_323853069.1_genomic.fna.gz	1.2456	1.2456	99	2.96	NA-NA	2.96	NA-NA	3	2.96	9482/10000	99	0	GCF_323853069.1 contig_1
/work/reads/S06.clean_1.fastq.gz	db/GCF_207693396.1_genomic.fna.gz	0.2178	0.2178	99	0.518	NA-NA	0.518	NA-NA	1	0.518	4041/10000	99	0	GCF_207693396.1 contig_1
/work/reads/S06.clean_1.fastq.gz	db/GCF_871858740.1_genomic.fna.gz	0.9076	0.9076	99	2.157	NA-NA	2.157	NA-NA	2	2.157	8843/10000	99	0	GCF_871858740.1 contig_1
/work/reads/S06.clean_1.fastq.gz	db/GCF_472516001.1_genomic.fna.gz	0.678	0.678	99	1.611	NA-NA	1.611	NA-NA	2	1.611	8004/10000	99	0	GCF_472516001.1 contig_1
/work/reads/S06.clean_1.fastq.gz	db/GCF_246237765.1_genomic.fna.gz	0.3748	0.3748	99	0.891	NA-NA	0.891	NA-NA	1	0.891	5896/10000	99	0	GCF_246237765.1 contig_1
/work/reads/S06.clean_1.fastq.gz	db/GCF_732166806.1_genomic.fna.gz	0.0836	0.0836	99	0.199	NA-NA	0.199	NA-NA	0	0.199	1801/10000	99	0	GCF_732166806.1 contig_1
/work/reads/S06.clean_1.fastq.gz	db/GCF_825084688.1_genomic.fna.gz	0.1508	0.1508	99	0.359	NA-NA	0.359	NA-NA	0	0.359	3013/10000	99	0	GCF_825084688.1 contig_1
/work/reads/S06.clean_1.fastq.gz	db/GCF_366096107.1_genomic.fna.gz	0.0675	0.0675	99	0.161	NA-NA	0.161	NA-NA	0	0.161	1483/10000	99	0	GCF_366096107.1 contig_1
/work/reads/S06.clean_1.fastq.gz	db/GCF_704212535.1_genomic.fna.gz	0.0756	0.0756	99	0.18	NA-NA	0.18	NA-NA	0	0.18	1645/10000	99	0	GCF_704212535.1 contig_1
/work/reads/S06.clean_1.fastq.gz	db/GCF_718869119.1_genomic.fna.gz	0.0646	0.0646	99	0.154	NA-NA	0.154	NA-NA	0	0.154	1424/10000	99	0	GCF_718869119.1 contig_1
/work/reads/S06.clean_1.fastq.gz	db/GCF_692945506.1_genomic.fna.gz	0.8719	0.8719	99	2.072	NA-NA	2.072	NA-NA	2	2.072	8741/10000	99	0	GCF_692945506.1 contig_1
/work/reads/S06.clean_1.fastq.gz	db/GCF_360765333.1_genomic.fna.gz	0.0316	0.0316	99	0.075	NA-NA	0.075	NA-NA	0	0.075	725/10000	99	0	GCF_360765333.1 contig_1
/work/reads/S06.clean_1.fastq.gz	db/GCF_671865125.1_genomic.fna.gz	0.4346	0.4346	99	1.033	NA-NA	1.033	NA-NA	1	1.033	6441/10000	99	0	GCF_671865125.1 contig_1
/work/reads/S06.clean_1.fastq.gz	db/GCF_488010780.1_genomic.fna.gz	0.0715	0.0715	99	0.17	NA-NA	0.17	NA-NA	0	0.17	1563/10000	99	0	GCF_488010780.1 contig_1
/work/reads/S06.clean_1.fastq.gz	db/GCF_876113726.1_genomic.fna.gz	0.4744	0.4744	99	1.127	NA-NA	1.127	NA-NA	1	1.127	6761/10000	99	0	GCF_876113726.1 contig_1
/work/reads/S06.clean_1.fastq.gz	db/GCF_620365125.1_genomic.fna.gz	0.1868	0.1868	99	0.444	NA-NA	0.444	NA-NA	0	0.444	3586/10000	99	0	GCF_620365125.1 contig_1
/work/reads/S06.clean_1.fastq.gz	db/GCF_728775122.1_genomic.fna.gz	0.3899	0.3899	99	0.927	NA-NA	0.927	NA-NA	1	0.927	6041/10000	99	0	GCF_728775122.1 contig_1
/work/reads/S06.clean_1.fastq.gz	db/GCF_402948604.1_genomic.fna.gz	1.0255	1.0255	99	2.437	NA-NA	2.437	NA-NA	2	2.437	9126/10000	99	0	GCF_402948604.1 contig_1
/work/reads/S06.clean_1.fastq.gz	db/GCF_599760709.1_genomic.fna.gz	0.5937	0.5937	99	1.411	NA-NA	1.411	NA-NA	1	1.411	7561/10000	99	0	GCF_599760709.1 contig_1
/work/reads/S06.clean_1.fastq.gz	db/GCF_589348662.1_genomic.fna.gz	0.4695	0.4695	99	1.116	NA-NA	1.116	NA-NA	1	1.116	6724/10000	99	0	GCF_589348662.1 contig_1
/work/reads/S06.clean_1.fastq.gz	db/GCF_834999569.1_genomic.fna.gz	0.3292	0.3292	99	0.783	NA-NA	0.783	NA-NA	1	0.783	5427/10000	99	0	GCF_834999569.1 contig_1
/work/reads/S06.clean_1.fastq.gz	db/GCF_697917469.1_genomic.fna.gz	0.083	0.083	99	0.197	NA-NA	0.197	NA-NA	0	0.197	1791/10000	99	0	GCF_697917469.1 contig_1
/work/reads/S06.clean_1.fastq.gz	db/GCF_654875077.1_genomic.fna.gz	0.1165	0.1165	99	0.277	NA-NA	0.277	NA-NA	0	0.277	2419/10000	99	0	GCF_654875077.1 contig_1
/work/reads/S07.clean_1.fastq.gz	db/GCF_638968339.1_genomic.fna.gz	46.5462	46.5462	99	181.995	NA-NA	HIGH	NA-NA	182	181.995	10000/10000	99	0	GCF_638968339.1 contig_1
/work/reads/S07.clean_1.fastq.gz	db/GCF_778003227.1_genomic.fna.gz	0.0626	0.0626	99	0.245	NA-NA	0.245	NA-NA	0	0.245	2170/10000	99	0	GCF_778003227.1 contig_1
/work/reads/S07.clean_1.fastq.gz	db/GCF_352991009.1_genomic.fna.gz	9.3184	9.3184	99	36.435	NA-NA	HIGH	NA-NA	36	36.435	10000/10000	99	0	GCF_352991009.1 contig_1
/work/reads/S07.clean_1.fastq.gz	db/GCF_109348154.1_genomic.fna.gz	29.3162	29.3162	99	114.626	NA-NA	HIGH	NA-NA	115	114.626	10000/10000	99	0	GCF_109348154.1 contig_1
/work/reads/S07.clean_1.fastq.gz	db/GCF_791540768.1_genomic.fna.gz	0.5845	0.5845	99	2.285	NA-NA	2.285	NA-NA	2	2.285	8983/10000	99	0	GCF_791540768.1 contig_1
/work/reads/S07.clean_1.fastq.gz	db/GCF_835514200.1_genomic.fna.gz	0.7192	0.7192	99	2.812	NA-NA	2.812	NA-NA	3	2.812	9399/10000	99	0	GCF_835514200.1 contig_1
/work/reads/S07.clean_1.fastq.gz	db/GCF_805432683.1_genomic.fna.gz	0.318	0.318	99	1.243	NA-NA	1.243	NA-NA	1	1.243	7115/10000	99	0	GCF_805432683.1 contig_1
/work/reads/S07.clean_1.fastq.gz	db/GCF_117939755.1_genomic.fna.gz	0.216	0.216	99	0.844	NA-NA	0.844	NA-NA	1	0.844	5702/10000	99	0	GCF_117939755.1 contig_1
/work/reads/S07.clean_1.fastq.gz	db/GCF_245229538.1_genomic.fna.gz	0.2264	0.2264	99	0.885	NA-NA	0.885	NA-NA	1	0.885	5874/10000	99	0	GCF_245229538.1 contig_1
/work/reads/S07.clean_1.fastq.gz	db/GCF_632250977.1_genomic.fna.gz	0.5357	0.5357	99	2.094	NA-NA	2.094	NA-NA	2	2.094	8769/10000	99	0	GCF_632250977.1 contig_1
/work/reads/S07.clean_1.fastq.gz	db/GCF_891682273.1_genomic.fna.gz	3.0057	3.0057	99	11.752	NA-NA	11.752	NA-NA	12	11.752	10000/10000	99	0	GCF_891682273.1 contig_1
/work/reads/S07.clean_1.fastq.gz	db/GCF_632308201.1_genomic.fna.gz	1.2472	1.2472	99	4.877	NA-NA	4.877	NA-NA	5	4.877	9924/10000	99	0	GCF_632308201.1 contig_1
/work/reads/S07.clean_1.fastq.gz	db/GCF_323853069.1_genomic.fna.gz	1.666	1.666	99	6.514	NA-NA	6.514	NA-NA	7	6.514	9985/10000	99	0	GCF_323853069.1 contig_1
/work/reads/S07.clean_1.fastq.gz	db/GCF_659083691.1_genomic.fna.gz	0.0754	0.0754	99	0.295	NA-NA	0.295	NA-NA	0	0.295	2553/10000	99	0	GCF_659083691.1 contig_1
/work/reads/S07.clean_1.fastq.gz	db/GCF_207693396.1_genomic.fna.gz	0.0483	0.0483	99	0.189	NA-NA	0.189	NA-NA	0	0.189	1722/10000	99	0	GCF_207693396.1 contig_1
/work/reads/S07.clean_1.fastq.gz	db/GCF_871858740.1_genomic.fna.gz	0.4594	0.4594	99	1.796	NA-NA	1.796	NA-NA	2	1.796	8341/10000	99	0	GCF_871858740.1 contig_1
/work/reads/S07.clean_1.fastq.gz	db/GCF_389620766.1_genomic.fna.gz	0.388	0.388	99	1.517	NA-NA	1.517	NA-NA	2	1.517	7807/10000	99	0	GCF_389620766.1 contig_1
/work/reads/S07.clean_1.fastq.gz	db/GCF_472516001.1_genomic.fna.gz	0.2187	0.2187	99	0.855	NA-NA	0.855	NA-NA	1	0.855	5748/10000	99	0	GCF_472516001.1 contig_1
/work/reads/S07.clean_1.fastq.gz	db/GCF_246237765.1_genomic.fna.gz	0.0962	0.0962	99	0.376	NA-NA	0.376	NA-NA	0	0.376	3135/10000	99	0	GCF_246237765.1 contig_1
/work/reads/S07.clean_1.fastq.gz	db/GCF_825084688.1_genomic.fna.gz	0.1279	0.1279	99	0.5	NA-NA	0.5	NA-NA	1	0.5	3935/10000	99	0	GCF_825084688.1 contig_1
/work/reads/S07.clean_1.fastq.gz	db/GCF_704212535.1_genomic.fna.gz	0.9172	0.9172	99	3.586	NA-NA	3.586	NA-NA	4	3.586	9723/10000	99	0	GCF_704212535.1 contig_1
/work/reads/S07.clean_1.fastq.gz	db/GCF_718869119.1_genomic.fna.gz	0.0099	0.0099	99	0.039	NA-NA	0.039	NA-NA	0	0.039	378/10000	99	0	GCF_718869119.1 contig_1
/work/reads/S07.clean_1.fastq.gz	db/GCF_692945506.1_genomic.fna.gz	0.1993	0.1993	99	0.779	NA-NA	0.779	NA-NA	1	0.779	5412/10000	99	0	GCF_692945506.1 contig_1
/work/reads/S07.clean_1.fastq.gz	db/GCF_786800773.1_genomic.fna.gz	0.1293	0.1293	99	0.506	NA-NA	0.506	NA-NA	1	0.506	3969/10000	99	0	GCF_786800773.1 contig_1
/work/reads/S07.clean_1.fastq.gz	db/GCF_876113726.1_genomic.fna.gz	0.4247	0.4247	99	1.661	NA-NA	1.661	NA-NA	2	1.661	8100/10000	99	0	GCF_876113726.1 contig_1
/work/reads/S07.clean_1.fastq.gz	db/GCF_620365125.1_genomic.fna.gz	0.1487	0.1487	99	0.581	NA-NA	0.581	NA-NA	1	0.581	4409/10000	99	0	GCF_620365125.1 contig_1
/work/reads/S07.clean_1.fastq.gz	db/GCF_728775122.1_genomic.fna.gz	0.3505	0.3505	99	1.371	NA-NA	1.371	NA-NA	1	1.371	7460/10000	99	0	GCF_728775122.1 contig_1
/work/reads/S07.clean_1.fastq.gz	db/GCF_402948604.1_genomic.fna.gz	0.5593	0.5593	99	2.187	NA-NA	2.187	NA-NA	2	2.187	8877/10000	99	0	GCF_402948604.1 contig_1
/work/reads/S07.clean_1.fastq.gz	db/GCF_599760709.1_genomic.fna.gz	0.1958	0.1958	99	0.766	NA-NA	0.766	NA-NA	1	0.766	5350/10000	99	0	GCF_599760709.1 contig_1
/work/reads/S07.clean_1.fastq.gz	db/GCF_589348662.1_genomic.fna.gz	1.7336	1.7336	99	6.778	NA-NA	6.778	NA-NA	7	6.778	9989/10000	99	0	GCF_589348662.1 contig_1
/work/reads/S07.clean_1.fastq.gz	db/GCF_697917469.1_genomic.fna.gz	0.0502	0.0502	99	0.196	NA-NA	0.196	NA-NA	0	0.196	1782/10000	99	0	GCF_697917469.1 contig_1
/work/reads/S07.clean_1.fastq.gz	db/GCF_654875077.1_genomic.fna.gz	0.1057	0.1057	99	0.413	NA-NA	0.413	NA-NA	0	0.413	3384/10000	99	0	GCF_654875077.1 contig_1
/work/reads/S08.clean_1.fastq.gz	db/GCF_638968339.1_genomic.fna.gz	40.3198	40.3198	99	113.971	NA-NA	HIGH	NA-NA	114	113.971	10000/10000	99	0	GCF_638968339.1 contig_1
/work/reads/S08.clean_1.fastq.gz	db/GCF_778003227.1_genomic.fna.gz	0.4643	0.4643	99	1.312	NA-NA	1.312	NA-NA	1	1.312	7308/10000	99	0	GCF_778003227.1 contig_1
/work/reads/S08.clean_1.fastq.gz	db/GCF_352991009.1_genomic.fna.gz	18.2535	18.2535	99	51.597	NA-NA	HIGH	NA-NA	52	51.597	10000/10000	99	0	GCF_352991009.1 contig_1
/work/reads/S08.clean_1.fastq.gz	db/GCF_109348154.1_genomic.fna.gz	5.0508	5.0508	99	14.277	NA-NA	14.277	NA-NA	14	14.277	10000/10000	99	0	GCF_109348154.1 contig_1
/work/reads/S08.clean_1.fastq.gz	db/GCF_791540768.1_genomic.fna.gz	0.7817	0.7817	99	2.21	NA-NA	2.21	NA-NA	2	2.21	8903/10000	99	0	GCF_791540768.1 contig_1
/work/reads/S08.clean_1.fastq.gz	db/GCF_835514200.1_genomic.fna.gz	17.9222	17.9222	99	50.66	NA-NA	HIGH	NA-NA	51	50.66	10000/10000	99	0	GCF_835514200.1 contig_1
/work/reads/S08.clean_1.fastq.gz	db/GCF_805432683.1_genomic.fna.gz	1.1858	1.1858	99	3.352	NA-NA	3.352	NA-NA	3	3.352	9650/10000	99	0	GCF_805432683.1 contig_1
/work/reads/S08.clean_1.fastq.gz	db/GCF_117939755.1_genomic.fna.gz	0.4386	0.4386	99	1.24	NA-NA	1.24	NA-NA	1	1.24	7105/10000	99	0	GCF_117939755.1 contig_1
/work/reads/S08.clean_1.fastq.gz	db/GCF_245229538.1_genomic.fna.gz	0.1122	0.1122	99	0.317	NA-NA	0.317	NA-NA	0	0.317	2718/10000	99	0	GCF_245229538.1 contig_1
/work/reads/S08.clean_1.fastq.gz	db/GCF_891682273.1_genomic.fna.gz	1.2997	1.2997	99	3.674	NA-NA	3.674	NA-NA	4	3.674	9746/10000	99	0	GCF_891682273.1 contig_1
/work/reads/S08.clean_1.fastq.gz	db/GCF_632308201.1_genomic.fna.gz	1.8052	1.8052	99	5.103	NA-NA	5.103	NA-NA	5	5.103	9939/10000	99	0	GCF_632308201.1 contig_1
/work/reads/S08.clean_1.fastq.gz	db/GCF_356668361.1_genomic.fna.gz	0.2077	0.2077	99	0.587	NA-NA	0.587	NA-NA	1	0.587	4440/10000	99	0	GCF_356668361.1 contig_1
/work/reads/S08.clean_1.fastq.gz	db/GCF_323853069.1_genomic.fna.gz	6.1826	6.1826	99	17.476	NA-NA	17.476	NA-NA	17	17.476	10000/10000	99	0	GCF_323853069.1 contig_1
/work/reads/S08.clean_1.fastq.gz	db/GCF_659083691.1_genomic.fna.gz	0.1455	0.1455	99	0.411	NA-NA	0.411	NA-NA	0	0.411	3371/10000	99	0	GCF_659083691.1 contig_1
/work/reads/S08.clean_1.fastq.gz	db/GCF_207693396.1_genomic.fna.gz	0.1138	0.1138	99	0.322	NA-NA	0.322	NA-NA	0	0.322	2751/10000	99	0	GCF_207693396.1 contig_1
/work/reads/S08.clean_1.fastq.gz	db/GCF_871858740.1_genomic.fna.gz	0.3882	0.3882	99	1.097	NA-NA	1.097	NA-NA	1	1.097	6662/10000	99	0	GCF_871858740.1 contig_1
/work/reads/S08.clean_1.fastq.gz	db/GCF_389620766.1_genomic.fna.gz	0.7725	0.7725	99	2.184	NA-NA	2.184	NA-NA	2	2.184	8874/10000	99	0	GCF_389620766.1 contig_1
/work/reads/S08.clean_1.fastq.gz	db/GCF_472516001.1_genomic.fna.gz	0.1869	0.1869	99	0.528	NA-NA	0.528	NA-NA	1	0.528	4104/10000	99	0	GCF_472516001.1 contig_1
/work/reads/S08.clean_1.fastq.gz	db/GCF_246237765.1_genomic.fna.gz	0.1028	0.1028	99	0.291	NA-NA	0.291	NA-NA	0	0.291	2522/10000	99	0	GCF_246237765.1 contig_1
/work/reads/S08.clean_1.fastq.gz	db/GCF_732166806.1_genomic.fna.gz	0.5086	0.5086	99	1.438	NA-NA	1.438	NA-NA	1	1.438	7625/10000	99	0	GCF_732166806.1 contig_1
/work/reads/S08.clean_1.fastq.gz	db/GCF_825084688.1_genomic.fna.gz	0.4446	0.4446	99	1.257	NA-NA	1.257	NA-NA	1	1.257	7155/10000	99	0	GCF_825084688.1 contig_1
/work/reads/S08.clean_1.fastq.gz	db/GCF_366096107.1_genomic.fna.gz	0.2123	0.2123	99	0.6	NA-NA	0.6	NA-NA	1	0.6	4513/10000	99	0	GCF_366096107.1 contig_1
/work/reads/S08.clean_1.fastq.gz	db/GCF_704212535.1_genomic.fna.gz	0.4307	0.4307	99	1.217	NA-NA	1.217	NA-NA	1	1.217	7040/10000	99	0	GCF_704212535.1 contig_1
/work/reads/S08.clean_1.fastq.gz	db/GCF_718869119.1_genomic.fna.gz	0.0058	0.0058	99	0.017	NA-NA	0.017	NA-NA	0	0.017	164/10000	99	0	GCF_718869119.1 contig_1
/work/reads/S08.clean_1.fastq.gz	db/GCF_360765333.1_genomic.fna.gz	0.1007	0.1007	99	0.285	NA-NA	0.285	NA-NA	0	0.285	2477/10000	99	0	GCF_360765333.1 contig_1
/work/reads/S08.clean_1.fastq.gz	db/GCF_786800773.1_genomic.fna.gz	0.1602	0.1602	99	0.453	NA-NA	0.453	NA-NA	0	0.453	3642/10000	99	0	GCF_786800773.1 contig_1
/work/reads/S08.clean_1.fastq.gz	db/GCF_671865125.1_genomic.fna.gz	0.1352	0.1352	99	0.382	NA-NA	0.382	NA-NA	0	0.382	3177/10000	99	0	GCF_671865125.1 contig_1
/work/reads/S08.clean_1.fastq.gz	db/GCF_488010780.1_genomic.fna.gz	0.3293	0.3293	99	0.931	NA-NA	0.931	NA-NA	1	0.931	6058/10000	99	0	GCF_488010780.1 contig_1
/work/reads/S08.clean_1.fastq.gz	db/GCF_876113726.1_genomic.fna.gz	0.1486	0.1486	99	0.42	NA-NA	0.42	NA-NA	0	0.42	3431/10000	99	0	GCF_876113726.1 contig_1
/work/reads/S08.clean_1.fastq.gz	db/GCF_620365125.1_genomic.fna.gz	0.1772	0.1772	99	0.501	NA-NA	0.501	NA-NA	1	0.501	3939/10000	99	0	GCF_620365125.1 contig_1
/work/reads/S08.clean_1.fastq.gz	db/GCF_728775122.1_genomic.fna.gz	0.1222	0.1222	99	0.346	NA-NA	0.346	NA-NA	0	0.346	2922/10000	99	0	GCF_728775122.1 contig_1
/work/reads/S08.clean_1.fastq.gz	db/GCF_402948604.1_genomic.fna.gz	0.2695	0.2695	99	0.762	NA-NA	0.762	NA-NA	1	0.762	5332/10000	99	0	GCF_402948604.1 contig_1
/work/reads/S08.clean_1.fastq.gz	db/GCF_589348662.1_genomic.fna.gz	0.6312	0.6312	99	1.784	NA-NA	1.784	NA-NA	2	1.784	8321/10000	99	0	GCF_589348662.1 contig_1
/work/reads/S08.clean_1.fastq.gz	db/GCF_834999569.1_genomic.fna.gz	0.3593	0.3593	99	1.016	NA-NA	1.016	NA-NA	1	1.016	6378/10000	99	0	GCF_834999569.1 contig_1
/work/reads/S08.clean_1.fastq.gz	db/GCF_697917469.1_genomic.fna.gz	0.0279	0.0279	99	0.079	NA-NA	0.079	NA-NA	0	0.079	759/10000	99	0	GCF_697917469.1 contig_1
/work/reads/S08.clean_1.fastq.gz	db/GCF_654875077.1_genomic.fna.gz	0.2026	0.2026	99	0.573	NA-NA	0.573	NA-NA	1	0.573	4361/10000	99	0	GCF_654875077.1 contig_1
/work/reads/S09.clean_1.fastq.gz	db/GCF_638968339.1_genomic.fna.gz	32.8618	32.8618	99	163.432	NA-NA	HIGH	NA-NA	163	163.432	10000/10000	99	0	GCF_638968339.1 contig_1
/work/reads/S09.clean_1.fastq.gz	db/GCF_778003227.1_genomic.fna.gz	0.2653	0.2653	99	1.319	NA-NA	1.319	NA-NA	1	1.319	7327/10000	99	0	GCF_778003227.1 contig_1
/work/reads/S09.clean_1.fastq.gz	db/GCF_352991009.1_genomic.fna.gz	21.823	21.823	99	108.533	NA-NA	HIGH	NA-NA	109	108.533	10000/10000	99	0	GCF_352991009.1 contig_1
/work/reads/S09.clean_1.fastq.gz	db/GCF_109348154.1_genomic.fna.gz	17.3386	17.3386	99	86.23	NA-NA	HIGH	NA-NA	86	86.23	10000/10000	99	0	GCF_109348154.1 contig_1
/work/reads/S09.clean_1.fastq.gz	db/GCF_791540768.1_genomic.fna.gz	1.9816	1.9816	99	9.855	NA-NA	9.855	NA-NA	10	9.855	9999/10000	99	0	GCF_791540768.1 contig_1
/work/reads/S09.clean_1.fastq.gz	db/GCF_835514200.1_genomic.fna.gz	9.2764	9.2764	99	46.134	NA-NA	HIGH	NA-NA	46	46.134	10000/10000	99	0	GCF_835514200.1 contig_1
/work/reads/S09.clean_1.fastq.gz	db/GCF_805432683.1_genomic.fna.gz	0.4956	0.4956	99	2.465	NA-NA	2.465	NA-NA	2	2.465	9150/10000	99	0	GCF_805432683.1 contig_1
/work/reads/S09.clean_1.fastq.gz	db/GCF_117939755.1_genomic.fna.gz	2.0547	2.0547	99	10.219	NA-NA	10.219	NA-NA	10	10.219	10000/10000	99	0	GCF_117939755.1 contig_1
/work/reads/S09.clean_1.fastq.gz	db/GCF_245229538.1_genomic.fna.gz	0.2139	0.2139	99	1.064	NA-NA	1.064	NA-NA	1	1.064	6549/10000	99	0	GCF_245229538.1 contig_1
/work/reads/S09.clean_1.fastq.gz	db/GCF_632250977.1_genomic.fna.gz	0.624	0.624	99	3.104	NA-NA	3.104	NA-NA	3	3.104	9551/10000	99	0	GCF_632250977.1 contig_1
/work/reads/S09.clean_1.fastq.gz	db/GCF_891682273.1_genomic.fna.gz	2.5145	2.5145	99	12.505	NA-NA	12.505	NA-NA	13	12.505	10000/10000	99	0	GCF_891682273.1 contig_1
/work/reads/S09.clean_1.fastq.gz	db/GCF_632308201.1_genomic.fna.gz	0.4815	0.4815	99	2.394	NA-NA	2.394	NA-NA	2	2.394	9088/10000	99	0	GCF_632308201.1 contig_1
/work/reads/S09.clean_1.fastq.gz	db/GCF_356668361.1_genomic.fna.gz	0.4154	0.4154	99	2.066	NA-NA	2.066	NA-NA	2	2.066	8733/10000	99	0	GCF_356668361.1 contig_1
/work/reads/S09.clean_1.fastq.gz	db/GCF_323853069.1_genomic.fna.gz	2.3592	2.3592	99	11.733	NA-NA	11.733	NA-NA	12	11.733	10000/10000	99	0	GCF_323853069.1 contig_1
/work/reads/S09.clean_1.fastq.gz	db/GCF_659083691.1_genomic.fna.gz	0.2577	0.2577	99	1.282	NA-NA	1.282	NA-NA	1	1.282	7225/10000	99	0	GCF_659083691.1 contig_1
/work/reads/S09.clean_1.fastq.gz	db/GCF_871858740.1_genomic.fna.gz	0.5998	0.5998	99	2.983	NA-NA	2.983	NA-NA	3	2.983	9493/10000	99	0	GCF_871858740.1 contig_1
/work/reads/S09.clean_1.fastq.gz	db/GCF_246237765.1_genomic.fna.gz	0.1621	0.1621	99	0.806	NA-NA	0.806	NA-NA	1	0.806	5533/10000	99	0	GCF_246237765.1 contig_1
/work/reads/S09.clean_1.fastq.gz	db/GCF_732166806.1_genomic.fna.gz	0.2618	0.2618	99	1.302	NA-NA	1.302	NA-NA	1	1.302	7281/10000	99	0	GCF_732166806.1 contig_1
/work/reads/S09.clean_1.fastq.gz	db/GCF_366096107.1_genomic.fna.gz	0.193	0.193	99	0.96	NA-NA	0.96	NA-NA	1	0.96	6171/10000	99	0	GCF_366096107.1 contig_1
/work/reads/S09.clean_1.fastq.gz	db/GCF_718869119.1_genomic.fna.gz	0.0688	0.0688	99	0.342	NA-NA	0.342	NA-NA	0	0.342	2897/10000	99	0	GCF_718869119.1 contig_1
/work/reads/S09.clean_1.fastq.gz	db/GCF_692945506.1_genomic.fna.gz	0.4251	0.4251	99	2.114	NA-NA	2.114	NA-NA	2	2.114	8793/10000	99	0	GCF_692945506.1 contig_1
/work/reads/S09.clean_1.fastq.gz	db/GCF_786800773.1_genomic.fna.gz	0.473	0.473	99	2.352	NA-NA	2.352	NA-NA	2	2.352	9049/10000	99	0	GCF_786800773.1 contig_1
/work/reads/S09.clean_1.fastq.gz	db/GCF_671865125.1_genomic.fna.gz	0.3179	0.3179	99	1.581	NA-NA	1.581	NA-NA	2	1.581	7942/10000	99	0	GCF_671865125.1 contig_1
/work/reads/S09.clean_1.fastq.gz	db/GCF_488010780.1_genomic.fna.gz	0.1848	0.1848	99	0.919	NA-NA	0.919	NA-NA	1	0.919	6011/10000	99	0	GCF_488010780.1 contig_1
/work/reads/S09.clean_1.fastq.gz	db/GCF_352842732.1_genomic.fna.gz	0.0337	0.0337	99	0.167	NA-NA	0.167	NA-NA	0	0.167	1541/10000	99	0	GCF_352842732.1 contig_1
/work/reads/S09.clean_1.fastq.gz	db/GCF_876113726.1_genomic.fna.gz	0.3788	0.3788	99	1.884	NA-NA	1.884	NA-NA	2	1.884	8480/10000	99	0	GCF_876113726.1 contig_1
/work/reads/S09.clean_1.fastq.gz	db/GCF_620365125.1_genomic.fna.gz	1.0848	1.0848	99	5.395	NA-NA	5.395	NA-NA	5	5.395	9955/10000	99	0	GCF_620365125.1 contig_1
/work/reads/S09.clean_1.fastq.gz	db/GCF_728775122.1_genomic.fna.gz	0.3124	0.3124	99	1.554	NA-NA	1.554	NA-NA	2	1.554	7886/10000	99	0	GCF_728775122.1 contig_1
/work/reads/S09.clean_1.fastq.gz	db/GCF_402948604.1_genomic.fna.gz	0.6818	0.6818	99	3.391	NA-NA	3.391	NA-NA	3	3.391	9663/10000	99	0	GCF_402948604.1 contig_1
/work/reads/S09.clean_1.fastq.gz	db/GCF_599760709.1_genomic.fna.gz	0.4318	0.4318	99	2.147	NA-NA	2.147	NA-NA	2	2.147	8832/10000	99	0	GCF_599760709.1 contig_1
/work/reads/S09.clean_1.fastq.gz	db/GCF_589348662.1_genomic.fna.gz	0.6714	0.6714	99	3.339	NA-NA	3.339	NA-NA	3	3.339	9645/10000	99	0	GCF_589348662.1 contig_1
/work/reads/S09.clean_1.fastq.gz	db/GCF_834999569.1_genomic.fna.gz	0.7094	0.7094	99	3.528	NA-NA	3.528	NA-NA	4	3.528	9706/10000	99	0	GCF_834999569.1 contig_1
/work/reads/S09.clean_1.fastq.gz	db/GCF_654875077.1_genomic.fna.gz	0.0468	0.0468	99	0.233	NA-NA	0.233	NA-NA	0	0.233	2078/10000	99	0	GCF_654875077.1 contig_1
/work/reads/S10.clean_1.fastq.gz	db/GCF_638968339.1_genomic.fna.gz	22.9094	22.9094	99	34.059	NA-NA	HIGH	NA-NA	34	34.059	10000/10000	99	0	GCF_638968339.1 contig_1
/work/reads/S10.clean_1.fastq.gz	db/GCF_778003227.1_genomic.fna.gz	0.2923	0.2923	99	0.435	NA-NA	0.435	NA-NA	0	0.435	3524/10000	99	0	GCF_778003227.1 contig_1
/work/reads/S10.clean_1.fastq.gz	db/GCF_352991009.1_genomic.fna.gz	12.6717	12.6717	99	18.839	NA-NA	18.839	NA-NA	19	18.839	10000/10000	99	0	GCF_352991009.1 contig_1
/work/reads/S10.clean_1.fastq.gz	db/GCF_109348154.1_genomic.fna.gz	30.7748	30.7748	99	45.752	NA-NA	HIGH	NA-NA	46	45.752	10000/10000	99	0	GCF_109348154.1 contig_1
/work/reads/S10.clean_1.fastq.gz	db/GCF_791540768.1_genomic.fna.gz	0.9834	0.9834	99	1.462	NA-NA	1.462	NA-NA	1	1.462	7682/10000	99	0	GCF_791540768.1 contig_1
/work/reads/S10.clean_1.fastq.gz	db/GCF_835514200.1_genomic.fna.gz	8.2267	8.2267	99	12.23	NA-NA	12.23	NA-NA	12	12.23	10000/10000	99	0	GCF_835514200.1 contig_1
/work/reads/S10.clean_1.fastq.gz	db/GCF_805432683.1_genomic.fna.gz	0.4482	0.4482	99	0.666	NA-NA	0.666	NA-NA	1	0.666	4864/10000	99	0	GCF_805432683.1 contig_1
/work/reads/S10.clean_1.fastq.gz	db/GCF_117939755.1_genomic.fna.gz	0.8714	0.8714	99	1.295	NA-NA	1.295	NA-NA	1	1.295	7262/10000	99	0	GCF_117939755.1 contig_1
/work/reads/S10.clean_1.fastq.gz	db/GCF_596743031.1_genomic.fna.gz	0.0407	0.0407	99	0.061	NA-NA	0.061	NA-NA	0	0.061	588/10000	99	0	GCF_596743031.1 contig_1
/work/reads/S10.clean_1.fastq.gz	db/GCF_245229538.1_genomic.fna.gz	0.1486	0.1486	99	0.221	NA-NA	0.221	NA-NA	0	0.221	1982/10000	99	0	GCF_245229538.1 contig_1
/work/reads/S10.clean_1.fastq.gz	db/GCF_632250977.1_genomic.fna.gz	0.6136	0.6136	99	0.912	NA-NA	0.912	NA-NA	1	0.912	5984/10000	99	0	GCF_632250977.1 contig_1
/work/reads/S10.clean_1.fastq.gz	db/GCF_891682273.1_genomic.fna.gz	2.8852	2.8852	99	4.289	NA-NA	4.289	NA-NA	4	4.289	9863/10000	99	0	GCF_891682273.1 contig_1
/work/reads/S10.clean_1.fastq.gz	db/GCF_632308201.1_genomic.fna.gz	0.6648	0.6648	99	0.988	NA-NA	0.988	NA-NA	1	0.988	6278/10000	99	0	GCF_632308201.1 contig_1
/work/reads/S10.clean_1.fastq.gz	db/GCF_356668361.1_genomic.fna.gz	0.1477	0.1477	99	0.22	NA-NA	0.22	NA-NA	0	0.22	1972/10000	99	0	GCF_356668361.1 contig_1
/work/reads/S10.clean_1.fastq.gz	db/GCF_323853069.1_genomic.fna.gz	10.1372	10.1372	99	15.071	NA-NA	15.071	NA-NA	15	15.071	10000/10000	99	0	GCF_323853069.1 contig_1
/work/reads/S10.clean_1.fastq.gz	db/GCF_659083691.1_genomic.fna.gz	0.4287	0.4287	99	0.637	NA-NA	0.637	NA-NA	1	0.637	4713/10000	99	0	GCF_659083691.1 contig_1
/work/reads/S10.clean_1.fastq.gz	db/GCF_207693396.1_genomic.fna.gz	0.6275	0.6275	99	0.933	NA-NA	0.933	NA-NA	1	0.933	6066/10000	99	0	GCF_207693396.1 contig_1
/work/reads/S10.clean_1.fastq.gz	db/GCF_389620766.1_genomic.fna.gz	0.3204	0.3204	99	0.476	NA-NA	0.476	NA-NA	0	0.476	3790/10000	99	0	GCF_389620766.1 contig_1
/work/reads/S10.clean_1.fastq.gz	db/GCF_472516001.1_genomic.fna.gz	0.2368	0.2368	99	0.352	NA-NA	0.352	NA-NA	0	0.352	2967/10000	99	0	GCF_472516001.1 contig_1
/work/reads/S10.clean_1.fastq.gz	db/GCF_246237765.1_genomic.fna.gz	0.4016	0.4016	99	0.597	NA-NA	0.597	NA-NA	1	0.597	4495/10000	99	0	GCF_246237765.1 contig_1
/work/reads/S10.clean_1.fastq.gz	db/GCF_732166806.1_genomic.fna.gz	0.1409	0.1409	99	0.209	NA-NA	0.209	NA-NA	0	0.209	1890/10000	99	0	GCF_732166806.1 contig_1
/work/reads/S10.clean_1.fastq.gz	db/GCF_825084688.1_genomic.fna.gz	0.2793	0.2793	99	0.415	NA-NA	0.415	NA-NA	0	0.415	3398/10000	99	0	GCF_825084688.1 contig_1
/work/reads/S10.clean_1.fastq.gz	db/GCF_366096107.1_genomic.fna.gz	0.1375	0.1375	99	0.204	NA-NA	0.204	NA-NA	0	0.204	1849/10000	99	0	GCF_366096107.1 contig_1
/work/reads/S10.clean_1.fastq.gz	db/GCF_704212535.1_genomic.fna.gz	0.3465	0.3465	99	0.515	NA-NA	0.515	NA-NA	1	0.515	4026/10000	99	0	GCF_704212535.1 contig_1
/work/reads/S10.clean_1.fastq.gz	db/GCF_718869119.1_genomic.fna.gz	0.0746	0.0746	99	0.111	NA-NA	0.111	NA-NA	0	0.111	1050/10000	99	0	GCF_718869119.1 contig_1
/work/reads/S10.clean_1.fastq.gz	db/GCF_360765333.1_genomic.fna.gz	0.0565	0.0565	99	0.084	NA-NA	0.084	NA-NA	0	0.084	806/10000	99	0	GCF_360765333.1 contig_1
/work/reads/S10.clean_1.fastq.gz	db/GCF_786800773.1_genomic.fna.gz	0.3513	0.3513	99	0.522	NA-NA	0.522	NA-NA	1	0.522	4068/10000	99	0	GCF_786800773.1 contig_1
/work/reads/S10.clean_1.fastq.gz	db/GCF_671865125.1_genomic.fna.gz	0.9705	0.9705	99	1.443	NA-NA	1.443	NA-NA	1	1.443	7637/10000	99	0	GCF_671865125.1 contig_1
/work/reads/S10.clean_1.fastq.gz	db/GCF_488010780.1_genomic.fna.gz	0.1783	0.1783	99	0.265	NA-NA	0.265	NA-NA	0	0.265	2328/10000	99	0	GCF_488010780.1 contig_1
/work/reads/S10.clean_1.fastq.gz	db/GCF_876113726.1_genomic.fna.gz	0.2863	0.2863	99	0.426	NA-NA	0.426	NA-NA	0	0.426	3467/10000	99	0	GCF_876113726.1 contig_1
/work/reads/S10.clean_1.fastq.gz	db/GCF_620365125.1_genomic.fna.gz	0.2687	0.2687	99	0.399	NA-NA	0.399	NA-NA	0	0.399	3293/10000	99	0	GCF_620365125.1 contig_1
/work/reads/S10.clean_1.fastq.gz	db/GCF_728775122.1_genomic.fna.gz	0.6245	0.6245	99	0.928	NA-NA	0.928	NA-NA	1	0.928	6048/10000	99	0	GCF_728775122.1 contig_1
/work/reads/S10.clean_1.fastq.gz	db/GCF_402948604.1_genomic.fna.gz	0.3944	0.3944	99	0.586	NA-NA	0.586	NA-NA	1	0.586	4437/10000	99	0	GCF_402948604.1 contig_1
/work/reads/S10.clean_1.fastq.gz	db/GCF_599760709.1_genomic.fna.gz	0.5192	0.5192	99	0.772	NA-NA	0.772	NA-NA	1	0.772	5378/10000	99	0	GCF_599760709.1 contig_1
/work/reads/S10.clean_1.fastq.gz	db/GCF_589348662.1_genomic.fna.gz	0.5272	0.5272	99	0.784	NA-NA	0.784	NA-NA	1	0.784	5434/10000	99	0	GCF_589348662.1 contig_1
/work/reads/S10.clean_1.fastq.gz	db/GCF_834999569.1_genomic.fna.gz	0.5837	0.5837	99	0.868	NA-NA	0.868	NA-NA	1	0.868	5801/10000	99	0	GCF_834999569.1 contig_1
/work/reads/S10.clean_1.fastq.gz	db/GCF_697917469.1_genomic.fna.gz	0.3076	0.3076	99	0.457	NA-NA	0.457	NA-NA	0	0.457	3670/10000	99	0	GCF_697917469.1 contig_1
/work/reads/S10.clean_1.fastq.gz	db/GCF_654875077.1_genomic.fna.gz	0.1223	0.1223	99	0.182	NA-NA	0.182	NA-NA	0	0.182	1663/10000	99	0	GCF_654875077.1 contig_1
/work/reads/S11.clean_1.fastq.gz	db/GCF_638968339.1_genomic.fna.gz	28.1926	28.1926	99	84.296	NA-NA	HIGH	NA-NA	84	84.296	10000/10000	99	0	GCF_638968339.1 contig_1
/work/reads/S11.clean_1.fastq.gz	db/GCF_778003227.1_genomic.fna.gz	0.4934	0.4934	99	1.475	NA-NA	1.475	NA-NA	1	1.475	7713/10000	99	0	GCF_778003227.1 contig_1
/work/reads/S11.clean_1.fastq.gz	db/GCF_352991009.1_genomic.fna.gz	19.6336	19.6336	99	58.705	NA-NA	HIGH	NA-NA	59	58.705	10000/10000	99	0	GCF_352991009.1 contig_1
/work/reads/S11.clean_1.fastq.gz	db/GCF_109348154.1_genomic.fna.gz	18.9106	18.9106	99	56.543	NA-NA	HIGH	NA-NA	57	56.543	10000/10000	99	0	GCF_109348154.1 contig_1
/work/reads/S11.clean_1.fastq.gz	db/GCF_791540768.1_genomic.fna.gz	1.7418	1.7418	99	5.208	NA-NA	5.208	NA-NA	5	5.208	9945/10000	99	0	GCF_791540768.1 contig_1
/work/reads/S11.clean_1.fastq.gz	db/GCF_835514200.1_genomic.fna.gz	6.2173	6.2173	99	18.59	NA-NA	18.59	NA-NA	19	18.59	10000/10000	99	0	GCF_835514200.1 contig_1
/work/reads/S11.clean_1.fastq.gz	db/GCF_805432683.1_genomic.fna.gz	1.0109	1.0109	99	3.023	NA-NA	3.023	NA-NA	3	3.023	9513/10000	99	0	GCF_805432683.1 contig_1
/work/reads/S11.clean_1.fastq.gz	db/GCF_117939755.1_genomic.fna.gz	1.0065	1.0065	99	3.01	NA-NA	3.01	NA-NA	3	3.01	9507/10000	99	0	GCF_117939755.1 contig_1
/work/reads/S11.clean_1.fastq.gz	db/GCF_245229538.1_genomic.fna.gz	0.2835	0.2835	99	0.848	NA-NA	0.848	NA-NA	1	0.848	5716/10000	99	0	GCF_245229538.1 contig_1
/work/reads/S11.clean_1.fastq.gz	db/GCF_891682273.1_genomic.fna.gz	6.047	6.047	99	18.08	NA-NA	18.08	NA-NA	18	18.08	10000/10000	99	0	GCF_891682273.1 contig_1
/work/reads/S11.clean_1.fastq.gz	db/GCF_632308201.1_genomic.fna.gz	0.6137	0.6137	99	1.835	NA-NA	1.835	NA-NA	2	1.835	8404/10000	99	0	GCF_632308201.1 contig_1
/work/reads/S11.clean_1.fastq.gz	db/GCF_323853069.1_genomic.fna.gz	7.3343	7.3343	99	21.929	NA-NA	HIGH	NA-NA	22	21.929	10000/10000	99	0	GCF_323853069.1 contig_1
/work/reads/S11.clean_1.fastq.gz	db/GCF_659083691.1_genomic.fna.gz	0.5377	0.5377	99	1.608	NA-NA	1.608	NA-NA	2	1.608	7996/10000	99	0	GCF_659083691.1 contig_1
/work/reads/S11.clean_1.fastq.gz	db/GCF_207693396.1_genomic.fna.gz	0.3814	0.3814	99	1.14	NA-NA	1.14	NA-NA	1	1.14	6803/10000	99	0	GCF_207693396.1 contig_1
/work/reads/S11.clean_1.fastq.gz	db/GCF_871858740.1_genomic.fna.gz	0.5866	0.5866	99	1.754	NA-NA	1.754	NA-NA	2	1.754	8269/10000	99	0	GCF_871858740.1 contig_1
/work/reads/S11.clean_1.fastq.gz	db/GCF_389620766.1_genomic.fna.gz	0.4137	0.4137	99	1.237	NA-NA	1.237	NA-NA	1	1.237	7097/10000	99	0	GCF_389620766.1 contig_1
/work/reads/S11.clean_1.fastq.gz	db/GCF_472516001.1_genomic.fna.gz	0.3015	0.3015	99	0.901	NA-NA	0.901	NA-NA	1	0.901	5940/10000	99	0	GCF_472516001.1 contig_1
/work/reads/S11.clean_1.fastq.gz	db/GCF_246237765.1_genomic.fna.gz	0.224	0.224	99	0.67	NA-NA	0.67	NA-NA	1	0.67	4882/10000	99	0	GCF_246237765.1 contig_1
/work/reads/S11.clean_1.fastq.gz	db/GCF_732166806.1_genomic.fna.gz	0.1796	0.1796	99	0.537	NA-NA	0.537	NA-NA	1	0.537	4155/10000	99	0	GCF_732166806.1 contig_1
/work/reads/S11.clean_1.fastq.gz	db/GCF_366096107.1_genomic.fna.gz	0.2913	0.2913	99	0.871	NA-NA	0.871	NA-NA	1	0.871	5814/10000	99	0	GCF_366096107.1 contig_1
/work/reads/S11.clean_1.fastq.gz	db/GCF_704212535.1_genomic.fna.gz	0.622	0.622	99	1.86	NA-NA	1.86	NA-NA	2	1.86	8443/10000	99	0	GCF_704212535.1 contig_1
/work/reads/S11.clean_1.fastq.gz	db/GCF_692945506.1_genomic.fna.gz	1.3294	1.3294	99	3.975	NA-NA	3.975	NA-NA	4	3.975	9812/10000	99	0	GCF_692945506.1 contig_1
/work/reads/S11.clean_1.fastq.gz	db/GCF_786800773.1_genomic.fna.gz	0.1742	0.1742	99	0.521	NA-NA	0.521	NA-NA	1	0.521	4061/10000	99	0	GCF_786800773.1 contig_1
/work/reads/S11.clean_1.fastq.gz	db/GCF_488010780.1_genomic.fna.gz	0.1921	0.1921	99	0.574	NA-NA	0.574	NA-NA	1	0.574	4370/10000	99	0	GCF_488010780.1 contig_1
/work/reads/S11.clean_1.fastq.gz	db/GCF_876113726.1_genomic.fna.gz	0.4342	0.4342	99	1.298	NA-NA	1.298	NA-NA	1	1.298	7270/10000	99	0	GCF_876113726.1 contig_1
/work/reads/S11.clean_1.fastq.gz	db/GCF_620365125.1_genomic.fna.gz	0.2465	0.2465	99	0.737	NA-NA	0.737	NA-NA	1	0.737	5215/10000	99	0	GCF_620365125.1 contig_1
/work/reads/S11.clean_1.fastq.gz	db/GCF_728775122.1_genomic.fna.gz	0.9815	0.9815	99	2.935	NA-NA	2.935	NA-NA	3	2.935	9469/10000	99	0	GCF_728775122.1 contig_1
/work/reads/S11.clean_1.fastq.gz	db/GCF_599760709.1_genomic.fna.gz	0.1151	0.1151	99	0.344	NA-NA	0.344	NA-NA	0	0.344	2912/10000	99	0	GCF_599760709.1 contig_1
/work/reads/S11.clean_1.fastq.gz	db/GCF_589348662.1_genomic.fna.gz	0.6034	0.6034	99	1.804	NA-NA	1.804	NA-NA	2	1.804	8354/10000	99	0	GCF_589348662.1 contig_1
/work/reads/S11.clean_1.fastq.gz	db/GCF_834999569.1_genomic.fna.gz	0.6429	0.6429	99	1.922	NA-NA	1.922	NA-NA	2	1.922	8537/10000	99	0	GCF_834999569.1 contig_1
/work/reads/S11.clean_1.fastq.gz	db/GCF_697917469.1_genomic.fna.gz	0.1391	0.1391	99	0.416	NA-NA	0.416	NA-NA	0	0.416	3402/10000	99	0	GCF_697917469.1 contig_1
/work/reads/S11.clean_1.fastq.gz	db/GCF_654875077.1_genomic.fna.gz	0.1187	0.1187	99	0.355	NA-NA	0.355	NA-NA	0	0.355	2987/10000	99	0	GCF_654875077.1 contig_1
/work/reads/S12.clean_1.fastq.gz	db/GCF_638968339.1_genomic.fna.gz	50.7481	50.7481	99	52.101	NA-NA	HIGH	NA-NA	52	52.101	10000/10000	99	0	GCF_638968339.1 contig_1
/work/reads/S12.clean_1.fastq.gz	db/GCF_778003227.1_genomic.fna.gz	0.4487	0.4487	99	0.461	NA-NA	0.461	NA-NA	0	0.461	3691/10000	99	0	GCF_778003227.1 contig_1
/work/reads/S12.clean_1.fastq.gz	db/GCF_352991009.1_genomic.fna.gz	15.0028	15.0028	99	15.403	NA-NA	15.403	NA-NA	15	15.403	10000/10000	99	0	GCF_352991009.1 contig_1
/work/reads/S12.clean_1.fastq.gz	db/GCF_109348154.1_genomic.fna.gz	9.6583	9.6583	99	9.916	NA-NA	9.916	NA-NA	10	9.916	10000/10000	99	0	GCF_109348154.1 contig_1
/work/reads/S12.clean_1.fastq.gz	db/GCF_791540768.1_genomic.fna.gz	1.2394	1.2394	99	1.273	NA-NA	1.273	NA-NA	1	1.273	7199/10000	99	0	GCF_791540768.1 contig_1
/work/reads/S12.clean_1.fastq.gz	db/GCF_835514200.1_genomic.fna.gz	5.6551	5.6551	99	5.806	NA-NA	5.806	NA-NA	6	5.806	9970/10000	99	0	GCF_835514200.1 contig_1
/work/reads/S12.clean_1.fastq.gz	db/GCF_805432683.1_genomic.fna.gz	0.4982	0.4982	99	0.512	NA-NA	0.512	NA-NA	1	0.512	4004/10000	99	0	GCF_805432683.1 contig_1
/work/reads/S12.clean_1.fastq.gz	db/GCF_117939755.1_genomic.fna.gz	0.2657	0.2657	99	0.273	NA-NA	0.273	NA-NA	0	0.273	2387/10000	99	0	GCF_117939755.1 contig_1
/work/reads/S12.clean_1.fastq.gz	db/GCF_596743031.1_genomic.fna.gz	0.0521	0.0521	99	0.054	NA-NA	0.054	NA-NA	0	0.054	521/10000	99	0	GCF_596743031.1 contig_1
/work/reads/S12.clean_1.fastq.gz	db/GCF_245229538.1_genomic.fna.gz	0.128	0.128	99	0.131	NA-NA	0.131	NA-NA	0	0.131	1231/10000	99	0	GCF_245229538.1 contig_1
/work/reads/S12.clean_1.fastq.gz	db/GCF_632250977.1_genomic.fna.gz	0.4349	0.4349	99	0.446	NA-NA	0.446	NA-NA	0	0.446	3601/10000	99	0	GCF_632250977.1 contig_1
/work/reads/S12.clean_1.fastq.gz	db/GCF_891682273.1_genomic.fna.gz	6.5142	6.5142	99	6.688	NA-NA	6.688	NA-NA	7	6.688	9988/10000	99	0	GCF_891682273.1 contig_1
/work/reads/S12.clean_1.fastq.gz	db/GCF_632308201.1_genomic.fna.gz	0.9592	0.9592	99	0.985	NA-NA	0.985	NA-NA	1	0.985	6265/10000	99	0	GCF_632308201.1 contig_1
/work/reads/S12.clean_1.fastq.gz	db/GCF_356668361.1_genomic.fna.gz	0.4281	0.4281	99	0.44	NA-NA	0.44	NA-NA	0	0.44	3556/10000	99	0	GCF_356668361.1 contig_1
/work/reads/S12.clean_1.fastq.gz	db/GCF_323853069.1_genomic.fna.gz	1.8026	1.8026	99	1.851	NA-NA	1.851	NA-NA	2	1.851	8429/10000	99	0	GCF_323853069.1 contig_1
/work/reads/S12.clean_1.fastq.gz	db/GCF_659083691.1_genomic.fna.gz	1.2202	1.2202	99	1.253	NA-NA	1.253	NA-NA	1	1.253	7143/10000	99	0	GCF_659083691.1 contig_1
/work/reads/S12.clean_1.fastq.gz	db/GCF_207693396.1_genomic.fna.gz	0.1966	0.1966	99	0.202	NA-NA	0.202	NA-NA	0	0.202	1828/10000	99	0	GCF_207693396.1 contig_1
/work/reads/S12.clean_1.fastq.gz	db/GCF_871858740.1_genomic.fna.gz	0.1025	0.1025	99	0.105	NA-NA	0.105	NA-NA	0	0.105	999/10000	99	0	GCF_871858740.1 contig_1
/work/reads/S12.clean_1.fastq.gz	db/GCF_389620766.1_genomic.fna.gz	0.2652	0.2652	99	0.272	NA-NA	0.272	NA-NA	0	0.272	2384/10000	99	0	GCF_389620766.1 contig_1
/work/reads/S12.clean_1.fastq.gz	db/GCF_472516001.1_genomic.fna.gz	0.2411	0.2411	99	0.248	NA-NA	0.248	NA-NA	0	0.248	2193/10000	99	0	GCF_472516001.1 contig_1
/work/reads/S12.clean_1.fastq.gz	db/GCF_825084688.1_genomic.fna.gz	0.1523	0.1523	99	0.156	NA-NA	0.156	NA-NA	0	0.156	1448/10000	99	0	GCF_825084688.1 contig_1
/work/reads/S12.clean_1.fastq.gz	db/GCF_366096107.1_genomic.fna.gz	0.1799	0.1799	99	0.185	NA-NA	0.185	NA-NA	0	0.185	1686/10000	99	0	GCF_366096107.1 contig_1
/work/reads/S12.clean_1.fastq.gz	db/GCF_704212535.1_genomic.fna.gz	0.4278	0.4278	99	0.439	NA-NA	0.439	NA-NA	0	0.439	3554/10000	99	0	GCF_704212535.1 contig_1
/work/reads/S12.clean_1.fastq.gz	db/GCF_692945506.1_genomic.fna.gz	0.1783	0.1783	99	0.183	NA-NA	0.183	NA-NA	0	0.183	1672/10000	99	0	GCF_692945506.1 contig_1
/work/reads/S12.clean_1.fastq.gz	db/GCF_786800773.1_genomic.fna.gz	0.5088	0.5088	99	0.522	NA-NA	0.522	NA-NA	1	0.522	4069/10000	99	0	GCF_786800773.1 contig_1
/work/reads/S12.clean_1.fastq.gz	db/GCF_488010780.1_genomic.fna.gz	0.6368	0.6368	99	0.654	NA-NA	0.654	NA-NA	1	0.654	4799/10000	99	0	GCF_488010780.1 contig_1
/work/reads/S12.clean_1.fastq.gz	db/GCF_352842732.1_genomic.fna.gz	0.0246	0.0246	99	0.025	NA-NA	0.025	NA-NA	0	0.025	249/10000	99	0	GCF_352842732.1 contig_1
/work/reads/S12.clean_1.fastq.gz	db/GCF_876113726.1_genomic.fna.gz	0.1241	0.1241	99	0.127	NA-NA	0.127	NA-NA	0	0.127	1196/10000	99	0	GCF_876113726.1 contig_1
/work/reads/S12.clean_1.fastq.gz	db/GCF_620365125.1_genomic.fna.gz	0.0975	0.0975	99	0.1	NA-NA	0.1	NA-NA	0	0.1	952/10000	99	0	GCF_620365125.1 contig_1
/work/reads/S12.clean_1.fastq.gz	db/GCF_728775122.1_genomic.fna.gz	0.3851	0.3851	99	0.395	NA-NA	0.395	NA-NA	0	0.395	3266/10000	99	0	GCF_728775122.1 contig_1
/work/reads/S12.clean_1.fastq.gz	db/GCF_402948604.1_genomic.fna.gz	0.5609	0.5609	99	0.576	NA-NA	0.576	NA-NA	1	0.576	4378/10000	99	0	GCF_402948604.1 contig_1
/work/reads/S12.clean_1.fastq.gz	db/GCF_589348662.1_genomic.fna.gz	0.2581	0.2581	99	0.265	NA-NA	0.265	NA-NA	0	0.265	2328/10000	99	0	GCF_589348662.1 contig_1
/work/reads/S12.clean_1.fastq.gz	db/GCF_834999569.1_genomic.fna.gz	0.544	0.544	99	0.558	NA-NA	0.558	NA-NA	1	0.558	4279/10000	99	0	GCF_834999569.1 contig_1
/work/reads/S12.clean_1.fastq.gz	db/GCF_697917469.1_genomic.fna.gz	0.0609	0.0609	99	0.063	NA-NA	0.063	NA-NA	0	0.063	606/10000	99	0	GCF_697917469.1 contig_1
/work/reads/S13.clean_1.fastq.gz	db/GCF_638968339.1_genomic.fna.gz	30.5494	30.5494	99	154.376	NA-NA	HIGH	NA-NA	154	154.376	10000/10000	99	0	GCF_638968339.1 contig_1
/work/reads/S13.clean_1.fastq.gz	db/GCF_778003227.1_genomic.fna.gz	0.2039	0.2039	99	1.031	NA-NA	1.031	NA-NA	1	1.031	6432/10000	99	0	GCF_778003227.1 contig_1
/work/reads/S13.clean_1.fastq.gz	db/GCF_352991009.1_genomic.fna.gz	4.0255	4.0255	99	20.342	NA-NA	HIGH	NA-NA	20	20.342	10000/10000	99	0	GCF_352991009.1 contig_1
/work/reads/S13.clean_1.fastq.gz	db/GCF_109348154.1_genomic.fna.gz	22.5417	22.5417	99	113.911	NA-NA	HIGH	NA-NA	114	113.911	10000/10000	99	0	GCF_109348154.1 contig_1
/work/reads/S13.clean_1.fastq.gz	db/GCF_791540768.1_genomic.fna.gz	1.5266	1.5266	99	7.714	NA-NA	7.714	NA-NA	8	7.714	9996/10000	99	0	GCF_791540768.1 contig_1
/work/reads/S13.clean_1.fastq.gz	db/GCF_835514200.1_genomic.fna.gz	5.6286	5.6286	99	28.443	NA-NA	HIGH	NA-NA	28	28.443	10000/10000	99	0	GCF_835514200.1 contig_1
/work/reads/S13.clean_1.fastq.gz	db/GCF_805432683.1_genomic.fna.gz	0.2713	0.2713	99	1.371	NA-NA	1.371	NA-NA	1	1.371	7462/10000	99	0	GCF_805432683.1 contig_1
/work/reads/S13.clean_1.fastq.gz	db/GCF_117939755.1_genomic.fna.gz	1.1523	1.1523	99	5.823	NA-NA	5.823	NA-NA	6	5.823	9970/10000	99	0	GCF_117939755.1 contig_1
/work/reads/S13.clean_1.fastq.gz	db/GCF_245229538.1_genomic.fna.gz	3.8262	3.8262	99	19.335	NA-NA	19.335	NA-NA	19	19.335	10000/10000	99	0	GCF_245229538.1 contig_1
/work/reads/S13.clean_1.fastq.gz	db/GCF_632250977.1_genomic.fna.gz	0.1394	0.1394	99	0.705	NA-NA	0.705	NA-NA	1	0.705	5057/10000	99	0	GCF_632250977.1 contig_1
/work/reads/S13.clean_1.fastq.gz	db/GCF_891682273.1_genomic.fna.gz	9.9727	9.9727	99	50.396	NA-NA	HIGH	NA-NA	50	50.396	10000/10000	99	0	GCF_891682273.1 contig_1
/work/reads/S13.clean_1.fastq.gz	db/GCF_632308201.1_genomic.fna.gz	6.1232	6.1232	99	30.943	NA-NA	HIGH	NA-NA	31	30.943	10000/10000	99	0	GCF_632308201.1 contig_1
/work/reads/S13.clean_1.fastq.gz	db/GCF_356668361.1_genomic.fna.gz	0.0453	0.0453	99	0.229	NA-NA	0.229	NA-NA	0	0.229	2047/10000	99	0	GCF_356668361.1 contig_1
/work/reads/S13.clean_1.fastq.gz	db/GCF_323853069.1_genomic.fna.gz	3.0364	3.0364	99	15.344	NA-NA	15.344	NA-NA	15	15.344	10000/10000	99	0	GCF_323853069.1 contig_1
/work/reads/S13.clean_1.fastq.gz	db/GCF_659083691.1_genomic.fna.gz	0.3989	0.3989	99	2.016	NA-NA	2.016	NA-NA	2	2.016	8668/10000	99	0	GCF_659083691.1 contig_1
/work/reads/S13.clean_1.fastq.gz	db/GCF_871858740.1_genomic.fna.gz	0.1419	0.1419	99	0.717	NA-NA	0.717	NA-NA	1	0.717	5119/10000	99	0	GCF_871858740.1 contig_1
/work/reads/S13.clean_1.fastq.gz	db/GCF_389620766.1_genomic.fna.gz	0.2066	0.2066	99	1.044	NA-NA	1.044	NA-NA	1	1.044	6479/10000	99	0	GCF_389620766.1 contig_1
/work/reads/S13.clean_1.fastq.gz	db/GCF_246237765.1_genomic.fna.gz	0.1331	0.1331	99	0.672	NA-NA	0.672	NA-NA	1	0.672	4895/10000	99	0	GCF_246237765.1 contig_1
/work/reads/S13.clean_1.fastq.gz	db/GCF_732166806.1_genomic.fna.gz	0.3281	0.3281	99	1.658	NA-NA	1.658	NA-NA	2	1.658	8095/10000	99	0	GCF_732166806.1 contig_1
/work/reads/S13.clean_1.fastq.gz	db/GCF_825084688.1_genomic.fna.gz	0.3089	0.3089	99	1.561	NA-NA	1.561	NA-NA	2	1.561	7901/10000	99	0	GCF_825084688.1 contig_1
/work/reads/S13.clean_1.fastq.gz	db/GCF_366096107.1_genomic.fna.gz	0.1075	0.1075	99	0.543	NA-NA	0.543	NA-NA	1	0.543	4191/10000	99	0	GCF_366096107.1 contig_1
/work/reads/S13.clean_1.fastq.gz	db/GCF_704212535.1_genomic.fna.gz	0.2081	0.2081	99	1.052	NA-NA	1.052	NA-NA	1	1.052	6506/10000	99	0	GCF_704212535.1 contig_1
/work/reads/S13.clean_1.fastq.gz	db/GCF_692945506.1_genomic.fna.gz	2.3806	2.3806	99	12.03	NA-NA	12.03	NA-NA	12	12.03	10000/10000	99	0	GCF_692945506.1 contig_1
/work/reads/S13.clean_1.fastq.gz	db/GCF_786800773.1_genomic.fna.gz	0.374	0.374	99	1.89	NA-NA	1.89	NA-NA	2	1.89	8490/10000	99	0	GCF_786800773.1 contig_1
/work/reads/S13.clean_1.fastq.gz	db/GCF_671865125.1_genomic.fna.gz	1.6972	1.6972	99	8.576	NA-NA	8.576	NA-NA	9	8.576	9998/10000	99	0	GCF_671865125.1 contig_1
/work/reads/S13.clean_1.fastq.gz	db/GCF_488010780.1_genomic.fna.gz	0.5069	0.5069	99	2.562	NA-NA	2.562	NA-NA	3	2.562	9228/10000	99	0	GCF_488010780.1 contig_1
/work/reads/S13.clean_1.fastq.gz	db/GCF_402948604.1_genomic.fna.gz	0.7492	0.7492	99	3.786	NA-NA	3.786	NA-NA	4	3.786	9773/10000	99	0	GCF_402948604.1 contig_1
/work/reads/S13.clean_1.fastq.gz	db/GCF_599760709.1_genomic.fna.gz	0.568	0.568	99	2.871	NA-NA	2.871	NA-NA	3	2.871	9433/10000	99	0	GCF_599760709.1 contig_1
/work/reads/S13.clean_1.fastq.gz	db/GCF_589348662.1_genomic.fna.gz	0.4867	0.4867	99	2.459	NA-NA	2.459	NA-NA	2	2.459	9145/10000	99	0	GCF_589348662.1 contig_1
/work/reads/S13.clean_1.fastq.gz	db/GCF_834999569.1_genomic.fna.gz	2.2369	2.2369	99	11.304	NA-NA	11.304	NA-NA	11	11.304	10000/10000	99	0	GCF_834999569.1 contig_1
/work/reads/S13.clean_1.fastq.gz	db/GCF_697917469.1_genomic.fna.gz	0.0928	0.0928	99	0.469	NA-NA	0.469	NA-NA	0	0.469	3744/10000	99	0	GCF_697917469.1 contig_1
/work/reads/S13.clean_1.fastq.gz	db/GCF_654875077.1_genomic.fna.gz	0.0317	0.0317	99	0.16	NA-NA	0.16	NA-NA	0	0.16	1481/10000	99	0	GCF_654875077.1 contig_1
/work/reads/S14.clean_1.fastq.gz	db/GCF_638968339.1_genomic.fna.gz	23.1834	23.1834	99	99.611	NA-NA	HIGH	NA-NA	100	99.611	10000/10000	99	0	GCF_638968339.1 contig_1
/work/reads/S14.clean_1.fastq.gz	db/GCF_778003227.1_genomic.fna.gz	0.3327	0.3327	99	1.43	NA-NA	1.43	NA-NA	1	1.43	7606/10000	99	0	GCF_778003227.1 contig_1
/work/reads/S14.clean_1.fastq.gz	db/GCF_352991009.1_genomic.fna.gz	18.9967	18.9967	99	81.623	NA-NA	HIGH	NA-NA	82	81.623	10000/10000	99	0	GCF_352991009.1 contig_1
/work/reads/S14.clean_1.fastq.gz	db/GCF_109348154.1_genomic.fna.gz	24.6792	24.6792	99	106.038	NA-NA	HIGH	NA-NA	106	106.038	10000/10000	99	0	GCF_109348154.1 contig_1
/work/reads/S14.clean_1.fastq.gz	db/GCF_791540768.1_genomic.fna.gz	5.2843	5.2843	99	22.705	NA-NA	HIGH	NA-NA	23	22.705	10000/10000	99	0	GCF_791540768.1 contig_1
/work/reads/S14.clean_1.fastq.gz	db/GCF_835514200.1_genomic.fna.gz	3.6469	3.6469	99	15.669	NA-NA	15.669	NA-NA	16	15.669	10000/10000	99	0	GCF_835514200.1 contig_1
/work/reads/S14.clean_1.fastq.gz	db/GCF_805432683.1_genomic.fna.gz	0.3787	0.3787	99	1.627	NA-NA	1.627	NA-NA	2	1.627	8035/10000	99	0	GCF_805432683.1 contig_1
/work/reads/S14.clean_1.fastq.gz	db/GCF_117939755.1_genomic.fna.gz	0.4999	0.4999	99	2.148	NA-NA	2.148	NA-NA	2	2.148	8833/10000	99	0	GCF_117939755.1 contig_1
/work/reads/S14.clean_1.fastq.gz	db/GCF_596743031.1_genomic.fna.gz	0.2259	0.2259	99	0.97	NA-NA	0.97	NA-NA	1	0.97	6211/10000	99	0	GCF_596743031.1 contig_1
/work/reads/S14.clean_1.fastq.gz	db/GCF_245229538.1_genomic.fna.gz	0.5213	0.5213	99	2.24	NA-NA	2.24	NA-NA	2	2.24	8935/10000	99	0	GCF_245229538.1 contig_1
/work/reads/S14.clean_1.fastq.gz	db/GCF_632250977.1_genomic.fna.gz	0.4363	0.4363	99	1.875	NA-NA	1.875	NA-NA	2	1.875	8466/10000	99	0	GCF_632250977.1 contig_1
/work/reads/S14.clean_1.fastq.gz	db/GCF_891682273.1_genomic.fna.gz	10.7362	10.7362	99	46.13	NA-NA	HIGH	NA-NA	46	46.13	10000/10000	99	0	GCF_891682273.1 contig_1
/work/reads/S14.clean_1.fastq.gz	db/GCF_632308201.1_genomic.fna.gz	0.6359	0.6359	99	2.732	NA-NA	2.732	NA-NA	3	2.732	9349/10000	99	0	GCF_632308201.1 contig_1
/work/reads/S14.clean_1.fastq.gz	db/GCF_356668361.1_genomic.fna.gz	0.1162	0.1162	99	0.499	NA-NA	0.499	NA-NA	0	0.499	3929/10000	99	0	GCF_356668361.1 contig_1
/work/reads/S14.clean_1.fastq.gz	db/GCF_323853069.1_genomic.fna.gz	3.9264	3.9264	99	16.871	NA-NA	16.871	NA-NA	17	16.871	10000/10000	99	0	GCF_323853069.1 contig_1
/work/reads/S14.clean_1.fastq.gz	db/GCF_659083691.1_genomic.fna.gz	0.8567	0.8567	99	3.681	NA-NA	3.681	NA-NA	4	3.681	9748/10000	99	0	GCF_659083691.1 contig_1
/work/reads/S14.clean_1.fastq.gz	db/GCF_207693396.1_genomic.fna.gz	0.0775	0.0775	99	0.333	NA-NA	0.333	NA-NA	0	0.333	2832/10000	99	0	GCF_207693396.1 contig_1
/work/reads/S14.clean_1.fastq.gz	db/GCF_871858740.1_genomic.fna.gz	0.037	0.037	99	0.159	NA-NA	0.159	NA-NA	0	0.159	1469/10000	99	0	GCF_871858740.1 contig_1
/work/reads/S14.clean_1.fastq.gz	db/GCF_389620766.1_genomic.fna.gz	0.3017	0.3017	99	1.296	NA-NA	1.296	NA-NA	1	1.296	7265/10000	99	0	GCF_389620766.1 contig_1
/work/reads/S14.clean_1.fastq.gz	db/GCF_472516001.1_genomic.fna.gz	0.277	0.277	99	1.19	NA-NA	1.19	NA-NA	1	1.19	6959/10000	99	0	GCF_472516001.1 contig_1
/work/reads/S14.clean_1.fastq.gz	db/GCF_246237765.1_genomic.fna.gz	0.2225	0.2225	99	0.956	NA-NA	0.956	NA-NA	1	0.956	6156/10000	99	0	GCF_246237765.1 contig_1
/work/reads/S14.clean_1.fastq.gz	db/GCF_732166806.1_genomic.fna.gz	0.1441	0.1441	99	0.619	NA-NA	0.619	NA-NA	1	0.619	4615/10000	99	0	GCF_732166806.1 contig_1
/work/reads/S14.clean_1.fastq.gz	db/GCF_825084688.1_genomic.fna.gz	0.2393	0.2393	99	1.028	NA-NA	1.028	NA-NA	1	1.028	6423/10000	99	0	GCF_825084688.1 contig_1
/work/reads/S14.clean_1.fastq.gz	db/GCF_704212535.1_genomic.fna.gz	0.8996	0.8996	99	3.865	NA-NA	3.865	NA-NA	4	3.865	9790/10000	99	0	GCF_704212535.1 contig_1
/work/reads/S14.clean_1.fastq.gz	db/GCF_692945506.1_genomic.fna.gz	0.4318	0.4318	99	1.855	NA-NA	1.855	NA-NA	2	1.855	8436/10000	99	0	GCF_692945506.1 contig_1
/work/reads/S14.clean_1.fastq.gz	db/GCF_360765333.1_genomic.fna.gz	0.01	0.01	99	0.043	NA-NA	0.043	NA-NA	0	0.043	421/10000	99	0	GCF_360765333.1 contig_1
/work/reads/S14.clean_1.fastq.gz	db/GCF_786800773.1_genomic.fna.gz	0.3803	0.3803	99	1.634	NA-NA	1.634	NA-NA	2	1.634	8049/10000	99	0	GCF_786800773.1 contig_1
/work/reads/S14.clean_1.fastq.gz	db/GCF_671865125.1_genomic.fna.gz	0.2104	0.2104	99	0.904	NA-NA	0.904	NA-NA	1	0.904	5950/10000	99	0	GCF_671865125.1 contig_1
/work/reads/S14.clean_1.fastq.gz	db/GCF_876113726.1_genomic.fna.gz	0.0839	0.0839	99	0.361	NA-NA	0.361	NA-NA	0	0.361	3028/10000	99	0	GCF_876113726.1 contig_1
/work/reads/S14.clean_1.fastq.gz	db/GCF_620365125.1_genomic.fna.gz	0.1113	0.1113	99	0.478	NA-NA	0.478	NA-NA	0	0.478	3802/10000	99	0	GCF_620365125.1 contig_1
/work/reads/S14.clean_1.fastq.gz	db/GCF_728775122.1_genomic.fna.gz	0.297	0.297	99	1.276	NA-NA	1.276	NA-NA	1	1.276	7208/10000	99	0	GCF_728775122.1 contig_1
/work/reads/S14.clean_1.fastq.gz	db/GCF_402948604.1_genomic.fna.gz	0.5989	0.5989	99	2.573	NA-NA	2.573	NA-NA	3	2.573	9237/10000	99	0	GCF_402948604.1 contig_1
/work/reads/S14.clean_1.fastq.gz	db/GCF_599760709.1_genomic.fna.gz	0.1479	0.1479	99	0.636	NA-NA	0.636	NA-NA	1	0.636	4704/10000	99	0	GCF_599760709.1 contig_1
/work/reads/S14.clean_1.fastq.gz	db/GCF_589348662.1_genomic.fna.gz	0.2722	0.2722	99	1.17	NA-NA	1.17	NA-NA	1	1.17	6896/10000	99	0	GCF_589348662.1 contig_1
/work/reads/S14.clean_1.fastq.gz	db/GCF_834999569.1_genomic.fna.gz	0.8006	0.8006	99	3.44	NA-NA	3.44	NA-NA	3	3.44	9679/10000	99	0	GCF_834999569.1 contig_1
/work/reads/S15.clean_1.fastq.gz	db/GCF_638968339.1_genomic.fna.gz	37.6933	37.6933	99	67.094	NA-NA	HIGH	NA-NA	67	67.094	10000/10000	99	0	GCF_638968339.1 contig_1
/work/reads/S15.clean_1.fastq.gz	db/GCF_352991009.1_genomic.fna.gz	20.3351	20.3351	99	36.196	NA-NA	HIGH	NA-NA	36	36.196	10000/10000	99	0	GCF_352991009.1 contig_1
/work/reads/S15.clean_1.fastq.gz	db/GCF_109348154.1_genomic.fna.gz	20.7196	20.7196	99	36.881	NA-NA	HIGH	NA-NA	37	36.881	10000/10000	99	0	GCF_109348154.1 contig_1
/work/reads/S15.clean_1.fastq.gz	db/GCF_791540768.1_genomic.fna.gz	1.3649	1.3649	99	2.429	NA-NA	2.429	NA-NA	2	2.429	9119/10000	99	0	GCF_791540768.1 contig_1
/work/reads/S15.clean_1.fastq.gz	db/GCF_835514200.1_genomic.fna.gz	1.3048	1.3048	99	2.323	NA-NA	2.323	NA-NA	2	2.323	9020/10000	99	0	GCF_835514200.1 contig_1
/work/reads/S15.clean_1.fastq.gz	db/GCF_117939755.1_genomic.fna.gz	1.4807	1.4807	99	2.636	NA-NA	2.636	NA-NA	3	2.636	9283/10000	99	0	GCF_117939755.1 contig_1
/work/reads/S15.clean_1.fastq.gz	db/GCF_596743031.1_genomic.fna.gz	0.0784	0.0784	99	0.139	NA-NA	0.139	NA-NA	0	0.139	1302/10000	99	0	GCF_596743031.1 contig_1
/work/reads/S15.clean_1.fastq.gz	db/GCF_245229538.1_genomic.fna.gz	1.1932	1.1932	99	2.124	NA-NA	2.124	NA-NA	2	2.124	8804/10000	99	0	GCF_245229538.1 contig_1
/work/reads/S15.clean_1.fastq.gz	db/GCF_632250977.1_genomic.fna.gz	0.2103	0.2103	99	0.374	NA-NA	0.374	NA-NA	0	0.374	3123/10000	99	0	GCF_632250977.1 contig_1
/work/reads/S15.clean_1.fastq.gz	db/GCF_891682273.1_genomic.fna.gz	3.5748	3.5748	99	6.363	NA-NA	6.363	NA-NA	6	6.363	9983/10000	99	0	GCF_891682273.1 contig_1
/work/reads/S15.clean_1.fastq.gz	db/GCF_632308201.1_genomic.fna.gz	1.1982	1.1982	99	2.133	NA-NA	2.133	NA-NA	2	2.133	8815/10000	99	0	GCF_632308201.1 contig_1
/work/reads/S15.clean_1.fastq.gz	db/GCF_356668361.1_genomic.fna.gz	0.0325	0.0325	99	0.058	NA-NA	0.058	NA-NA	0	0.058	562/10000	99	0	GCF_356668361.1 contig_1
/work/reads/S15.clean_1.fastq.gz	db/GCF_323853069.1_genomic.fna.gz	4.1656	4.1656	99	7.415	NA-NA	7.415	NA-NA	7	7.415	9994/10000	99	0	GCF_323853069.1 contig_1
/work/reads/S15.clean_1.fastq.gz	db/GCF_659083691.1_genomic.fna.gz	0.5477	0.5477	99	0.975	NA-NA	0.975	NA-NA	1	0.975	6228/10000	99	0	GCF_659083691.1 contig_1
/work/reads/S15.clean_1.fastq.gz	db/GCF_207693396.1_genomic.fna.gz	0.2608	0.2608	99	0.464	NA-NA	0.464	NA-NA	0	0.464	3714/10000	99	0	GCF_207693396.1 contig_1
/work/reads/S15.clean_1.fastq.gz	db/GCF_389620766.1_genomic.fna.gz	0.4786	0.4786	99	0.852	NA-NA	0.852	NA-NA	1	0.852	5734/10000	99	0	GCF_389620766.1 contig_1
/work/reads/S15.clean_1.fastq.gz	db/GCF_472516001.1_genomic.fna.gz	0.3947	0.3947	99	0.703	NA-NA	0.703	NA-NA	1	0.703	5047/10000	99	0	GCF_472516001.1 contig_1
/work/reads/S15.clean_1.fastq.gz	db/GCF_246237765.1_genomic.fna.gz	0.613	0.613	99	1.091	NA-NA	1.091	NA-NA	1	1.091	6642/10000	99	0	GCF_246237765.1 contig_1
/work/reads/S15.clean_1.fastq.gz	db/GCF_732166806.1_genomic.fna.gz	0.0599	0.0599	99	0.107	NA-NA	0.107	NA-NA	0	0.107	1011/10000	99	0	GCF_732166806.1 contig_1
/work/reads/S15.clean_1.fastq.gz	db/GCF_825084688.1_genomic.fna.gz	0.1013	0.1013	99	0.18	NA-NA	0.18	NA-NA	0	0.18	1650/10000	99	0	GCF_825084688.1 contig_1
/work/reads/S15.clean_1.fastq.gz	db/GCF_366096107.1_genomic.fna.gz	0.378	0.378	99	0.673	NA-NA	0.673	NA-NA	1	0.673	4897/10000	99	0	GCF_366096107.1 contig_1
/work/reads/S15.clean_1.fastq.gz	db/GCF_704212535.1_genomic.fna.gz	0.2447	0.2447	99	0.436	NA-NA	0.436	NA-NA	0	0.436	3531/10000	99	0	GCF_704212535.1 contig_1
/work/reads/S15.clean_1.fastq.gz	db/GCF_718869119.1_genomic.fna.gz	0.0467	0.0467	99	0.083	NA-NA	0.083	NA-NA	0	0.083	798/10000	99	0	GCF_718869119.1 contig_1
/work/reads/S15.clean_1.fastq.gz	db/GCF_692945506.1_genomic.fna.gz	0.5455	0.5455	99	0.971	NA-NA	0.971	NA-NA	1	0.971	6213/10000	99	0	GCF_692945506.1 contig_1
/work/reads/S15.clean_1.fastq.gz	db/GCF_360765333.1_genomic.fna.gz	0.0586	0.0586	99	0.104	NA-NA	0.104	NA-NA	0	0.104	991/10000	99	0	GCF_360765333.1 contig_1
/work/reads/S15.clean_1.fastq.gz	db/GCF_786800773.1_genomic.fna.gz	0.0802	0.0802	99	0.143	NA-NA	0.143	NA-NA	0	0.143	1331/10000	99	0	GCF_786800773.1 contig_1
/work/reads/S15.clean_1.fastq.gz	db/GCF_671865125.1_genomic.fna.gz	0.1477	0.1477	99	0.263	NA-NA	0.263	NA-NA	0	0.263	2311/10000	99	0	GCF_671865125.1 contig_1
/work/reads/S15.clean_1.fastq.gz	db/GCF_488010780.1_genomic.fna.gz	0.157	0.157	99	0.28	NA-NA	0.28	NA-NA	0	0.28	2439/10000	99	0	GCF_488010780.1 contig_1
/work/reads/S15.clean_1.fastq.gz	db/GCF_620365125.1_genomic.fna.gz	0.0675	0.0675	99	0.12	NA-NA	0.12	NA-NA	0	0.12	1132/10000	99	0	GCF_620365125.1 contig_1
/work/reads/S15.clean_1.fastq.gz	db/GCF_728775122.1_genomic.fna.gz	0.4541	0.4541	99	0.808	NA-NA	0.808	NA-NA	1	0.808	5544/10000	99	0	GCF_728775122.1 contig_1
/work/reads/S15.clean_1.fastq.gz	db/GCF_402948604.1_genomic.fna.gz	0.2019	0.2019	99	0.359	NA-NA	0.359	NA-NA	0	0.359	3019/10000	99	0	GCF_402948604.1 contig_1
/work/reads/S15.clean_1.fastq.gz	db/GCF_599760709.1_genomic.fna.gz	0.5113	0.5113	99	0.91	NA-NA	0.91	NA-NA	1	0.91	5975/10000	99	0	GCF_599760709.1 contig_1
/work/reads/S15.clean_1.fastq.gz	db/GCF_589348662.1_genomic.fna.gz	0.7733	0.7733	99	1.377	NA-NA	1.377	NA-NA	1	1.377	7475/10000	99	0	GCF_589348662.1 contig_1
/work/reads/S15.clean_1.fastq.gz	db/GCF_834999569.1_genomic.fna.gz	0.5065	0.5065	99	0.902	NA-NA	0.902	NA-NA	1	0.902	5941/10000	99	0	GCF_834999569.1 contig_1
/work/reads/S15.clean_1.fastq.gz	db/GCF_654875077.1_genomic.fna.gz	0.0195	0.0195	99	0.035	NA-NA	0.035	NA-NA	0	0.035	341/10000	99	0	GCF_654875077.1 contig_1
/work/reads/S16.clean_1.fastq.gz	db/GCF_638968339.1_genomic.fna.gz	38.7321	38.7321	99	49.19	NA-NA	HIGH	NA-NA	49	49.19	10000/10000	99	0	GCF_638968339.1 contig_1
/work/reads/S16.clean_1.fastq.gz	db/GCF_778003227.1_genomic.fna.gz	0.0954	0.0954	99	0.121	NA-NA	0.121	NA-NA	0	0.121	1141/10000	99	0	GCF_778003227.1 contig_1
/work/reads/S16.clean_1.fastq.gz	db/GCF_352991009.1_genomic.fna.gz	26.7452	26.7452	99	33.966	NA-NA	HIGH	NA-NA	34	33.966	10000/10000	99	0	GCF_352991009.1 contig_1
/work/reads/S16.clean_1.fastq.gz	db/GCF_109348154.1_genomic.fna.gz	15.543	15.543	99	19.74	NA-NA	19.74	NA-NA	20	19.74	10000/10000	99	0	GCF_109348154.1 contig_1
/work/reads/S16.clean_1.fastq.gz	db/GCF_791540768.1_genomic.fna.gz	0.4933	0.4933	99	0.626	NA-NA	0.626	NA-NA	1	0.626	4655/10000	99	0	GCF_791540768.1 contig_1
/work/reads/S16.clean_1.fastq.gz	db/GCF_835514200.1_genomic.fna.gz	1.7312	1.7312	99	2.199	NA-NA	2.199	NA-NA	2	2.199	8890/10000	99	0	GCF_835514200.1 contig_1
/work/reads/S16.clean_1.fastq.gz	db/GCF_805432683.1_genomic.fna.gz	0.2937	0.2937	99	0.373	NA-NA	0.373	NA-NA	0	0.373	3114/10000	99	0	GCF_805432683.1 contig_1
/work/reads/S16.clean_1.fastq.gz	db/GCF_117939755.1_genomic.fna.gz	1.7868	1.7868	99	2.269	NA-NA	2.269	NA-NA	2	2.269	8966/10000	99	0	GCF_117939755.1 contig_1
/work/reads/S16.clean_1.fastq.gz	db/GCF_596743031.1_genomic.fna.gz	0.0453	0.0453	99	0.058	NA-NA	0.058	NA-NA	0	0.058	559/10000	99	0	GCF_596743031.1 contig_1
/work/reads/S16.clean_1.fastq.gz	db/GCF_245229538.1_genomic.fna.gz	0.2094	0.2094	99	0.266	NA-NA	0.266	NA-NA	0	0.266	2335/10000	99	0	GCF_245229538.1 contig_1
/work/reads/S16.clean_1.fastq.gz	db/GCF_632250977.1_genomic.fna.gz	0.1139	0.1139	99	0.145	NA-NA	0.145	NA-NA	0	0.145	1347/10000	99	0	GCF_632250977.1 contig_1
/work/reads/S16.clean_1.fastq.gz	db/GCF_891682273.1_genomic.fna.gz	1.6752	1.6752	99	2.128	NA-NA	2.128	NA-NA	2	2.128	8809/10000	99	0	GCF_891682273.1 contig_1
/work/reads/S16.clean_1.fastq.gz	db/GCF_632308201.1_genomic.fna.gz	0.4033	0.4033	99	0.512	NA-NA	0.512	NA-NA	1	0.512	4008/10000	99	0	GCF_632308201.1 contig_1
/work/reads/S16.clean_1.fastq.gz	db/GCF_323853069.1_genomic.fna.gz	1.5298	1.5298	99	1.943	NA-NA	1.943	NA-NA	2	1.943	8567/10000	99	0	GCF_323853069.1 contig_1
/work/reads/S16.clean_1.fastq.gz	db/GCF_659083691.1_genomic.fna.gz	0.7191	0.7191	99	0.913	NA-NA	0.913	NA-NA	1	0.913	5988/10000	99	0	GCF_659083691.1 contig_1
/work/reads/S16.clean_1.fastq.gz	db/GCF_207693396.1_genomic.fna.gz	0.2505	0.2505	99	0.318	NA-NA	0.318	NA-NA	0	0.318	2725/10000	99	0	GCF_207693396.1 contig_1
/work/reads/S16.clean_1.fastq.gz	db/GCF_871858740.1_genomic.fna.gz	0.0526	0.0526	99	0.067	NA-NA	0.067	NA-NA	0	0.067	647/10000	99	0	GCF_871858740.1 contig_1
/work/reads/S16.clean_1.fastq.gz	db/GCF_389620766.1_genomic.fna.gz	1.0061	1.0061	99	1.278	NA-NA	1.278	NA-NA	1	1.278	7213/10000	99	0	GCF_389620766.1 contig_1
/work/reads/S16.clean_1.fastq.gz	db/GCF_472516001.1_genomic.fna.gz	0.1337	0.1337	99	0.17	NA-NA	0.17	NA-NA	0	0.17	1562/10000	99	0	GCF_472516001.1 contig_1
/work/reads/S16.clean_1.fastq.gz	db/GCF_246237765.1_genomic.fna.gz	0.2337	0.2337	99	0.297	NA-NA	0.297	NA-NA	0	0.297	2568/10000	99	0	GCF_246237765.1 contig_1
/work/reads/S16.clean_1.fastq.gz	db/GCF_732166806.1_genomic.fna.gz	1.3963	1.3963	99	1.773	NA-NA	1.773	NA-NA	2	1.773	8302/10000	99	0	GCF_732166806.1 contig_1
/work/reads/S16.clean_1.fastq.gz	db/GCF_825084688.1_genomic.fna.gz	0.098	0.098	99	0.125	NA-NA	0.125	NA-NA	0	0.125	1171/10000	99	0	GCF_825084688.1 contig_1
/work/reads/S16.clean_1.fastq.gz	db/GCF_366096107.1_genomic.fna.gz	0.3256	0.3256	99	0.414	NA-NA	0.414	NA-NA	0	0.414	3387/10000	99	0	GCF_366096107.1 contig_1
/work/reads/S16.clean_1.fastq.gz	db/GCF_704212535.1_genomic.fna.gz	0.0738	0.0738	99	0.094	NA-NA	0.094	NA-NA	0	0.094	895/10000	99	0	GCF_704212535.1 contig_1
/work/reads/S16.clean_1.fastq.gz	db/GCF_692945506.1_genomic.fna.gz	0.5307	0.5307	99	0.674	NA-NA	0.674	NA-NA	1	0.674	4903/10000	99	0	GCF_692945506.1 contig_1
/work/reads/S16.clean_1.fastq.gz	db/GCF_671865125.1_genomic.fna.gz	1.1279	1.1279	99	1.432	NA-NA	1.432	NA-NA	1	1.432	7613/10000	99	0	GCF_671865125.1 contig_1
/work/reads/S16.clean_1.fastq.gz	db/GCF_488010780.1_genomic.fna.gz	0.0911	0.0911	99	0.116	NA-NA	0.116	NA-NA	0	0.116	1092/10000	99	0	GCF_488010780.1 contig_1
/work/reads/S16.clean_1.fastq.gz	db/GCF_876113726.1_genomic.fna.gz	0.088	0.088	99	0.112	NA-NA	0.112	NA-NA	0	0.112	1057/10000	99	0	GCF_876113726.1 contig_1
/work/reads/S16.clean_1.fastq.gz	db/GCF_620365125.1_genomic.fna.gz	0.0734	0.0734	99	0.093	NA-NA	0.093	NA-NA	0	0.093	891/10000	99	0	GCF_620365125.1 contig_1
/work/reads/S16.clean_1.fastq.gz	db/GCF_728775122.1_genomic.fna.gz	0.3523	0.3523	99	0.447	NA-NA	0.447	NA-NA	0	0.447	3607/10000	99	0	GCF_728775122.1 contig_1
/work/reads/S16.clean_1.fastq.gz	db/GCF_402948604.1_genomic.fna.gz	0.4286	0.4286	99	0.544	NA-NA	0.544	NA-NA	1	0.544	4198/10000	99	0	GCF_402948604.1 contig_1
/work/reads/S16.clean_1.fastq.gz	db/GCF_589348662.1_genomic.fna.gz	0.196	0.196	99	0.249	NA-NA	0.249	NA-NA	0	0.249	2204/10000	99	0	GCF_589348662.1 contig_1
/work/reads/S16.clean_1.fastq.gz	db/GCF_834999569.1_genomic.fna.gz	3.086	3.086	99	3.919	NA-NA	3.919	NA-NA	4	3.919	9801/10000	99	0	GCF_834999569.1 contig_1
/work/reads/S16.clean_1.fastq.gz	db/GCF_654875077.1_genomic.fna.gz	0.3387	0.3387	99	0.43	NA-NA	0.43	NA-NA	0	0.43	3496/10000	99	0	GCF_654875077.1 contig_1
/work/reads/S17.clean_1.fastq.gz	db/GCF_638968339.1_genomic.fna.gz	40.9809	40.9809	99	43.303	NA-NA	HIGH	NA-NA	43	43.303	10000/10000	99	0	GCF_638968339.1 contig_1
/work/reads/S17.clean_1.fastq.gz	db/GCF_778003227.1_genomic.fna.gz	0.361	0.361	99	0.381	NA-NA	0.381	NA-NA	0	0.381	3171/10000	99	0	GCF_778003227.1 contig_1
/work/reads/S17.clean_1.fastq.gz	db/GCF_352991009.1_genomic.fna.gz	18.0195	18.0195	99	19.041	NA-NA	19.041	NA-NA	19	19.041	10000/10000	99	0	GCF_352991009.1 contig_1
/work/reads/S17.clean_1.fastq.gz	db/GCF_109348154.1_genomic.fna.gz	5.0299	5.0299	99	5.315	NA-NA	5.315	NA-NA	5	5.315	9951/10000	99	0	GCF_109348154.1 contig_1
/work/reads/S17.clean_1.fastq.gz	db/GCF_791540768.1_genomic.fna.gz	0.7015	0.7015	99	0.741	NA-NA	0.741	NA-NA	1	0.741	5235/10000	99	0	GCF_791540768.1 contig_1
/work/reads/S17.clean_1.fastq.gz	db/GCF_835514200.1_genomic.fna.gz	6.2932	6.2932	99	6.65	NA-NA	6.65	NA-NA	7	6.65	9987/10000	99	0	GCF_835514200.1 contig_1
/work/reads/S17.clean_1.fastq.gz	db/GCF_117939755.1_genomic.fna.gz	2.7361	2.7361	99	2.891	NA-NA	2.891	NA-NA	3	2.891	9445/10000	99	0	GCF_117939755.1 contig_1
/work/reads/S17.clean_1.fastq.gz	db/GCF_245229538.1_genomic.fna.gz	0.9544	0.9544	99	1.008	NA-NA	1.008	NA-NA	1	1.008	6352/10000	99	0	GCF_245229538.1 contig_1
/work/reads/S17.clean_1.fastq.gz	db/GCF_632250977.1_genomic.fna.gz	0.7034	0.7034	99	0.743	NA-NA	0.743	NA-NA	1	0.743	5244/10000	99	0	GCF_632250977.1 contig_1
/work/reads/S17.clean_1.fastq.gz	db/GCF_891682273.1_genomic.fna.gz	4.9123	4.9123	99	5.191	NA-NA	5.191	NA-NA	5	5.191	9944/10000	99	0	GCF_891682273.1 contig_1
/work/reads/S17.clean_1.fastq.gz	db/GCF_632308201.1_genomic.fna.gz	2.023	2.023	99	2.138	NA-NA	2.138	NA-NA	2	2.138	8821/10000	99	0	GCF_632308201.1 contig_1
/work/reads/S17.clean_1.fastq.gz	db/GCF_356668361.1_genomic.fna.gz	0.1289	0.1289	99	0.136	NA-NA	0.136	NA-NA	0	0.136	1273/10000	99	0	GCF_356668361.1 contig_1
/work/reads/S17.clean_1.fastq.gz	db/GCF_323853069.1_genomic.fna.gz	4.5035	4.5035	99	4.759	NA-NA	4.759	NA-NA	5	4.759	9914/10000	99	0	GCF_323853069.1 contig_1
/work/reads/S17.clean_1.fastq.gz	db/GCF_389620766.1_genomic.fna.gz	1.858	1.858	99	1.963	NA-NA	1.963	NA-NA	2	1.963	8596/10000	99	0	GCF_389620766.1 contig_1
/work/reads/S17.clean_1.fastq.gz	db/GCF_472516001.1_genomic.fna.gz	0.4127	0.4127	99	0.436	NA-NA	0.436	NA-NA	0	0.436	3535/10000	99	0	GCF_472516001.1 contig_1
/work/reads/S17.clean_1.fastq.gz	db/GCF_246237765.1_genomic.fna.gz	0.2055	0.2055	99	0.217	NA-NA	0.217	NA-NA	0	0.217	1952/10000	99	0	GCF_246237765.1 contig_1
/work/reads/S17.clean_1.fastq.gz	db/GCF_732166806.1_genomic.fna.gz	0.1855	0.1855	99	0.196	NA-NA	0.196	NA-NA	0	0.196	1780/10000	99	0	GCF_732166806.1 contig_1
/work/reads/S17.clean_1.fastq.gz	db/GCF_825084688.1_genomic.fna.gz	0.1298	0.1298	99	0.137	NA-NA	0.137	NA-NA	0	0.137	1282/10000	99	0	GCF_825084688.1 contig_1
/work/reads/S17.clean_1.fastq.gz	db/GCF_366096107.1_genomic.fna.gz	0.2661	0.2661	99	0.281	NA-NA	0.281	NA-NA	0	0.281	2451/10000	99	0	GCF_366096107.1 contig_1
/work/reads/S17.clean_1.fastq.gz	db/GCF_704212535.1_genomic.fna.gz	0.3845	0.3845	99	0.406	NA-NA	0.406	NA-NA	0	0.406	3339/10000	99	0	GCF_704212535.1 contig_1
/work/reads/S17.clean_1.fastq.gz	db/GCF_692945506.1_genomic.fna.gz	2.0333	2.0333	99	2.149	NA-NA	2.149	NA-NA	2	2.149	8833/10000	99	0	GCF_692945506.1 contig_1
/work/reads/S17.clean_1.fastq.gz	db/GCF_786800773.1_genomic.fna.gz	0.1356	0.1356	99	0.143	NA-NA	0.143	NA-NA	0	0.143	1335/10000	99	0	GCF_786800773.1 contig_1
/work/reads/S17.clean_1.fastq.gz	db/GCF_671865125.1_genomic.fna.gz	2.1072	2.1072	99	2.227	NA-NA	2.227	NA-NA	2	2.227	8921/10000	99	0	GCF_671865125.1 contig_1
/work/reads/S17.clean_1.fastq.gz	db/GCF_488010780.1_genomic.fna.gz	0.2522	0.2522	99	0.267	NA-NA	0.267	NA-NA	0	0.267	2339/10000	99	0	GCF_488010780.1 contig_1
/work/reads/S17.clean_1.fastq.gz	db/GCF_876113726.1_genomic.fna.gz	0.1279	0.1279	99	0.135	NA-NA	0.135	NA-NA	0	0.135	1264/10000	99	0	GCF_876113726.1 contig_1
/work/reads/S17.clean_1.fastq.gz	db/GCF_620365125.1_genomic.fna.gz	0.3725	0.3725	99	0.394	NA-NA	0.394	NA-NA	0	0.394	3254/10000	99	0	GCF_620365125.1 contig_1
/work/reads/S17.clean_1.fastq.gz	db/GCF_728775122.1_genomic.fna.gz	0.2495	0.2495	99	0.264	NA-NA	0.264	NA-NA	0	0.264	2317/10000	99	0	GCF_728775122.1 contig_1
/work/reads/S17.clean_1.fastq.gz	db/GCF_402948604.1_genomic.fna.gz	0.7458	0.7458	99	0.788	NA-NA	0.788	NA-NA	1	0.788	5453/10000	99	0	GCF_402948604.1 contig_1
/work/reads/S17.clean_1.fastq.gz	db/GCF_599760709.1_genomic.fna.gz	0.718	0.718	99	0.759	NA-NA	0.759	NA-NA	1	0.759	5317/10000	99	0	GCF_599760709.1 contig_1
/work/reads/S17.clean_1.fastq.gz	db/GCF_589348662.1_genomic.fna.gz	0.6323	0.6323	99	0.668	NA-NA	0.668	NA-NA	1	0.668	4874/10000	99	0	GCF_589348662.1 contig_1
/work/reads/S17.clean_1.fastq.gz	db/GCF_834999569.1_genomic.fna.gz	1.7041	1.7041	99	1.801	NA-NA	1.801	NA-NA	2	1.801	8348/10000	99	0	GCF_834999569.1 contig_1
/work/reads/S17.clean_1.fastq.gz	db/GCF_697917469.1_genomic.fna.gz	0.0568	0.0568	99	0.06	NA-NA	0.06	NA-NA	0	0.06	582/10000	99	0	GCF_697917469.1 contig_1
/work/reads/S17.clean_1.fastq.gz	db/GCF_654875077.1_genomic.fna.gz	0.075	0.075	99	0.079	NA-NA	0.079	NA-NA	0	0.079	762/10000	99	0	GCF_654875077.1 contig_1
/work/reads/S18.clean_1.fastq.gz	db/GCF_638968339.1_genomic.fna.gz	26.4321	26.4321	99	116.037	NA-NA	HIGH	NA-NA	116	116.037	10000/10000	99	0	GCF_638968339.1 contig_1
/work/reads/S18.clean_1.fastq.gz	db/GCF_778003227.1_genomic.fna.gz	0.3992	0.3992	99	1.753	NA-NA	1.753	NA-NA	2	1.753	8267/10000	99	0	GCF_778003227.1 contig_1
/work/reads/S18.clean_1.fastq.gz	db/GCF_352991009.1_genomic.fna.gz	12.1405	12.1405	99	53.297	NA-NA	HIGH	NA-NA	53	53.297	10000/10000	99	0	GCF_352991009.1 contig_1
/work/reads/S18.clean_1.fastq.gz	db/GCF_109348154.1_genomic.fna.gz	27.1737	27.1737	99	119.293	NA-NA	HIGH	NA-NA	119	119.293	10000/10000	99	0	GCF_109348154.1 contig_1
/work/reads/S18.clean_1.fastq.gz	db/GCF_791540768.1_genomic.fna.gz	2.2123	2.2123	99	9.712	NA-NA	9.712	NA-NA	10	9.712	9999/10000	99	0	GCF_791540768.1 contig_1
/work/reads/S18.clean_1.fastq.gz	db/GCF_835514200.1_genomic.fna.gz	9.1973	9.1973	99	40.376	NA-NA	HIGH	NA-NA	40	40.376	10000/10000	99	0	GCF_835514200.1 contig_1
/work/reads/S18.clean_1.fastq.gz	db/GCF_805432683.1_genomic.fna.gz	0.1366	0.1366	99	0.6	NA-NA	0.6	NA-NA	1	0.6	4510/10000	99	0	GCF_805432683.1 contig_1
/work/reads/S18.clean_1.fastq.gz	db/GCF_117939755.1_genomic.fna.gz	0.7049	0.7049	99	3.095	NA-NA	3.095	NA-NA	3	3.095	9547/10000	99	0	GCF_117939755.1 contig_1
/work/reads/S18.clean_1.fastq.gz	db/GCF_596743031.1_genomic.fna.gz	0.1041	0.1041	99	0.457	NA-NA	0.457	NA-NA	0	0.457	3669/10000	99	0	GCF_596743031.1 contig_1
/work/reads/S18.clean_1.fastq.gz	db/GCF_245229538.1_genomic.fna.gz	1.1975	1.1975	99	5.257	NA-NA	5.257	NA-NA	5	5.257	9948/10000	99	0	GCF_245229538.1 contig_1
/work/reads/S18.clean_1.fastq.gz	db/GCF_891682273.1_genomic.fna.gz	5.3544	5.3544	99	23.506	NA-NA	HIGH	NA-NA	24	23.506	10000/10000	99	0	GCF_891682273.1 contig_1
/work/reads/S18.clean_1.fastq.gz	db/GCF_632308201.1_genomic.fna.gz	3.0932	3.0932	99	13.579	NA-NA	13.579	NA-NA	14	13.579	10000/10000	99	0	GCF_632308201.1 contig_1
/work/reads/S18.clean_1.fastq.gz	db/GCF_323853069.1_genomic.fna.gz	3.4155	3.4155	99	14.994	NA-NA	14.994	NA-NA	15	14.994	10000/10000	99	0	GCF_323853069.1 contig_1
/work/reads/S18.clean_1.fastq.gz	db/GCF_659083691.1_genomic.fna.gz	0.3016	0.3016	99	1.324	NA-NA	1.324	NA-NA	1	1.324	7339/10000	99	0	GCF_659083691.1 contig_1
/work/reads/S18.clean_1.fastq.gz	db/GCF_207693396.1_genomic.fna.gz	0.6498	0.6498	99	2.852	NA-NA	2.852	NA-NA	3	2.852	9423/10000	99	0	GCF_207693396.1 contig_1
/work/reads/S18.clean_1.fastq.gz	db/GCF_871858740.1_genomic.fna.gz	0.1694	0.1694	99	0.744	NA-NA	0.744	NA-NA	1	0.744	5247/10000	99	0	GCF_871858740.1 contig_1
/work/reads/S18.clean_1.fastq.gz	db/GCF_389620766.1_genomic.fna.gz	0.5754	0.5754	99	2.526	NA-NA	2.526	NA-NA	3	2.526	9200/10000	99	0	GCF_389620766.1 contig_1
/work/reads/S18.clean_1.fastq.gz	db/GCF_472516001.1_genomic.fna.gz	0.4072	0.4072	99	1.788	NA-NA	1.788	NA-NA	2	1.788	8326/10000	99	0	GCF_472516001.1 contig_1
/work/reads/S18.clean_1.fastq.gz	db/GCF_246237765.1_genomic.fna.gz	0.2532	0.2532	99	1.111	NA-NA	1.111	NA-NA	1	1.111	6709/10000	99	0	GCF_246237765.1 contig_1
/work/reads/S18.clean_1.fastq.gz	db/GCF_732166806.1_genomic.fna.gz	0.8685	0.8685	99	3.813	NA-NA	3.813	NA-NA	4	3.813	9779/10000	99	0	GCF_732166806.1 contig_1
/work/reads/S18.clean_1.fastq.gz	db/GCF_366096107.1_genomic.fna.gz	0.0545	0.0545	99	0.239	NA-NA	0.239	NA-NA	0	0.239	2128/10000	99	0	GCF_366096107.1 contig_1
/work/reads/S18.clean_1.fastq.gz	db/GCF_692945506.1_genomic.fna.gz	0.9098	0.9098	99	3.994	NA-NA	3.994	NA-NA	4	3.994	9816/10000	99	0	GCF_692945506.1 contig_1
/work/reads/S18.clean_1.fastq.gz	db/GCF_786800773.1_genomic.fna.gz	0.1316	0.1316	99	0.578	NA-NA	0.578	NA-NA	1	0.578	4389/10000	99	0	GCF_786800773.1 contig_1
/work/reads/S18.clean_1.fastq.gz	db/GCF_671865125.1_genomic.fna.gz	0.2219	0.2219	99	0.974	NA-NA	0.974	NA-NA	1	0.974	6225/10000	99	0	GCF_671865125.1 contig_1
/work/reads/S18.clean_1.fastq.gz	db/GCF_488010780.1_genomic.fna.gz	0.3034	0.3034	99	1.332	NA-NA	1.332	NA-NA	1	1.332	7361/10000	99	0	GCF_488010780.1 contig_1
/work/reads/S18.clean_1.fastq.gz	db/GCF_876113726.1_genomic.fna.gz	0.1017	0.1017	99	0.447	NA-NA	0.447	NA-NA	0	0.447	3601/10000	99	0	GCF_876113726.1 contig_1
/work/reads/S18.clean_1.fastq.gz	db/GCF_620365125.1_genomic.fna.gz	0.1733	0.1733	99	0.761	NA-NA	0.761	NA-NA	1	0.761	5327/10000	99	0	GCF_620365125.1 contig_1
/work/reads/S18.clean_1.fastq.gz	db/GCF_728775122.1_genomic.fna.gz	0.7937	0.7937	99	3.484	NA-NA	3.484	NA-NA	3	3.484	9693/10000	99	0	GCF_728775122.1 contig_1
/work/reads/S18.clean_1.fastq.gz	db/GCF_402948604.1_genomic.fna.gz	0.1748	0.1748	99	0.768	NA-NA	0.768	NA-NA	1	0.768	5358/10000	99	0	GCF_402948604.1 contig_1
/work/reads/S18.clean_1.fastq.gz	db/GCF_589348662.1_genomic.fna.gz	0.8586	0.8586	99	3.769	NA-NA	3.769	NA-NA	4	3.769	9769/10000	99	0	GCF_589348662.1 contig_1
/work/reads/S18.clean_1.fastq.gz	db/GCF_834999569.1_genomic.fna.gz	1.0404	1.0404	99	4.567	NA-NA	4.567	NA-NA	5	4.567	9896/10000	99	0	GCF_834999569.1 contig_1
/work/reads/S18.clean_1.fastq.gz	db/GCF_697917469.1_genomic.fna.gz	0.0568	0.0568	99	0.25	NA-NA	0.25	NA-NA	0	0.25	2209/10000	99	0	GCF_697917469.1 contig_1
/work/reads/S18.clean_1.fastq.gz	db/GCF_654875077.1_genomic.fna.gz	0.3929	0.3929	99	1.725	NA-NA	1.725	NA-NA	2	1.725	8218/10000	99	0	GCF_654875077.1 contig_1
/work/reads/S19.clean_1.fastq.gz	db/GCF_638968339.1_genomic.fna.gz	23.5687	23.5687	99	43.131	NA-NA	HIGH	NA-NA	43	43.131	10000/10000	99	0	GCF_638968339.1 contig_1
/work/reads/S19.clean_1.fastq.gz	db/GCF_778003227.1_genomic.fna.gz	0.1376	0.1376	99	0.252	NA-NA	0.252	NA-NA	0	0.252	2226/10000	99	0	GCF_778003227.1 contig_1
/work/reads/S19.clean_1.fastq.gz	db/GCF_352991009.1_genomic.fna.gz	2.311	2.311	99	4.229	NA-NA	4.229	NA-NA	4	4.229	9854/10000	99	0	GCF_352991009.1 contig_1
/work/reads/S19.clean_1.fastq.gz	db/GCF_109348154.1_genomic.fna.gz	22.1467	22.1467	99	40.528	NA-NA	HIGH	NA-NA	41	40.528	10000/10000	99	0	GCF_109348154.1 contig_1
/work/reads/S19.clean_1.fastq.gz	db/GCF_791540768.1_genomic.fna.gz	1.5498	1.5498	99	2.836	NA-NA	2.836	NA-NA	3	2.836	9414/10000	99	0	GCF_791540768.1 contig_1
/work/reads/S19.clean_1.fastq.gz	db/GCF_835514200.1_genomic.fna.gz	8.7461	8.7461	99	16.005	NA-NA	16.005	NA-NA	16	16.005	10000/10000	99	0	GCF_835514200.1 contig_1
/work/reads/S19.clean_1.fastq.gz	db/GCF_805432683.1_genomic.fna.gz	3.346	3.346	99	6.123	NA-NA	6.123	NA-NA	6	6.123	9978/10000	99	0	GCF_805432683.1 contig_1
/work/reads/S19.clean_1.fastq.gz	db/GCF_117939755.1_genomic.fna.gz	6.0239	6.0239	99	11.024	NA-NA	11.024	NA-NA	11	11.024	10000/10000	99	0	GCF_117939755.1 contig_1
/work/reads/S19.clean_1.fastq.gz	db/GCF_245229538.1_genomic.fna.gz	1.147	1.147	99	2.099	NA-NA	2.099	NA-NA	2	2.099	8774/10000	99	0	GCF_245229538.1 contig_1
/work/reads/S19.clean_1.fastq.gz	db/GCF_632250977.1_genomic.fna.gz	0.3535	0.3535	99	0.647	NA-NA	0.647	NA-NA	1	0.647	4763/10000	99	0	GCF_632250977.1 contig_1
/work/reads/S19.clean_1.fastq.gz	db/GCF_891682273.1_genomic.fna.gz	3.3506	3.3506	99	6.132	NA-NA	6.132	NA-NA	6	6.132	9978/10000	99	0	GCF_891682273.1 contig_1
/work/reads/S19.clean_1.fastq.gz	db/GCF_632308201.1_genomic.fna.gz	1.4588	1.4588	99	2.67	NA-NA	2.67	NA-NA	3	2.67	9307/10000	99	0	GCF_632308201.1 contig_1
/work/reads/S19.clean_1.fastq.gz	db/GCF_323853069.1_genomic.fna.gz	3.0606	3.0606	99	5.601	NA-NA	5.601	NA-NA	6	5.601	9963/10000	99	0	GCF_323853069.1 contig_1
/work/reads/S19.clean_1.fastq.gz	db/GCF_389620766.1_genomic.fna.gz	12.7554	12.7554	99	23.342	NA-NA	HIGH	NA-NA	23	23.342	10000/10000	99	0	GCF_389620766.1 contig_1
/work/reads/S19.clean_1.fastq.gz	db/GCF_692945506.1_genomic.fna.gz	1.0231	1.0231	99	1.872	NA-NA	1.872	NA-NA	2	1.872	8462/10000	99	0	GCF_692945506.1 contig_1
/work/reads/S19.clean_1.fastq.gz	db/GCF_786800773.1_genomic.fna.gz	0.0987	0.0987	99	0.181	NA-NA	0.181	NA-NA	0	0.181	1652/10000	99	0	GCF_786800773.1 contig_1
/work/reads/S19.clean_1.fastq.gz	db/GCF_402948604.1_genomic.fna.gz	2.6919	2.6919	99	4.926	NA-NA	4.926	NA-NA	5	4.926	9927/10000	99	0	GCF_402948604.1 contig_1
/work/reads/S19.clean_1.fastq.gz	db/GCF_599760709.1_genomic.fna.gz	3.3334	3.3334	99	6.1	NA-NA	6.1	NA-NA	6	6.1	9978/10000	99	0	GCF_599760709.1 contig_1
/work/reads/S19.clean_1.fastq.gz	db/GCF_589348662.1_genomic.fna.gz	2.8001	2.8001	99	5.124	NA-NA	5.124	NA-NA	5	5.124	9940/10000	99	0	GCF_589348662.1 contig_1
/work/reads/S19.clean_1.fastq.gz	db/GCF_654875077.1_genomic.fna.gz	0.0969	0.0969	99	0.177	NA-NA	0.177	NA-NA	0	0.177	1626/10000	99	0	GCF_654875077.1 contig_1
/work/reads/S20.clean_1.fastq.gz	db/GCF_638968339.1_genomic.fna.gz	21.0383	21.0383	99	96.215	NA-NA	HIGH	NA-NA	96	96.215	10000/10000	99	0	GCF_638968339.1 contig_1
/work/reads/S20.clean_1.fastq.gz	db/GCF_352991009.1_genomic.fna.gz	16.0556	16.0556	99	73.427	NA-NA	HIGH	NA-NA	73	73.427	10000/10000	99	0	GCF_352991009.1 contig_1
/work/reads/S20.clean_1.fastq.gz	db/GCF_109348154.1_genomic.fna.gz	16.6258	16.6258	99	76.035	NA-NA	HIGH	NA-NA	76	76.035	10000/10000	99	0	GCF_109348154.1 contig_1
/work/reads/S20.clean_1.fastq.gz	db/GCF_791540768.1_genomic.fna.gz	3.7053	3.7053	99	16.946	NA-NA	16.946	NA-NA	17	16.946	10000/10000	99	0	GCF_791540768.1 contig_1
/work/reads/S20.clean_1.fastq.gz	db/GCF_835514200.1_genomic.fna.gz	0.8561	0.8561	99	3.915	NA-NA	3.915	NA-NA	4	3.915	9801/10000	99	0	GCF_835514200.1 contig_1
/work/reads/S20.clean_1.fastq.gz	db/GCF_805432683.1_genomic.fna.gz	2.0184	2.0184	99	9.231	NA-NA	9.231	NA-NA	9	9.231	9999/10000	99	0	GCF_805432683.1 contig_1
/work/reads/S20.clean_1.fastq.gz	db/GCF_117939755.1_genomic.fna.gz	3.8291	3.8291	99	17.512	NA-NA	17.512	NA-NA	18	17.512	10000/10000	99	0	GCF_117939755.1 contig_1
/work/reads/S20.clean_1.fastq.gz	db/GCF_891682273.1_genomic.fna.gz	22.8793	22.8793	99	104.635	NA-NA	HIGH	NA-NA	105	104.635	10000/10000	99	0	GCF_891682273.1 contig_1
/work/reads/S20.clean_1.fastq.gz	db/GCF_632308201.1_genomic.fna.gz	0.6816	0.6816	99	3.117	NA-NA	3.117	NA-NA	3	3.117	9557/10000	99	0	GCF_632308201.1 contig_1
/work/reads/S20.clean_1.fastq.gz	db/GCF_389620766.1_genomic.fna.gz	4.8547	4.8547	99	22.202	NA-NA	HIGH	NA-NA	22	22.202	10000/10000	99	0	GCF_389620766.1 contig_1
/work/reads/S20.clean_1.fastq.gz	db/GCF_472516001.1_genomic.fna.gz	0.0304	0.0304	99	0.139	NA-NA	0.139	NA-NA	0	0.139	1300/10000	99	0	GCF_472516001.1 contig_1
/work/reads/S20.clean_1.fastq.gz	db/GCF_825084688.1_genomic.fna.gz	0.0494	0.0494	99	0.226	NA-NA	0.226	NA-NA	0	0.226	2024/10000	99	0	GCF_825084688.1 contig_1
/work/reads/S20.clean_1.fastq.gz	db/GCF_692945506.1_genomic.fna.gz	0.8062	0.8062	99	3.687	NA-NA	3.687	NA-NA	4	3.687	9750/10000	99	0	GCF_692945506.1 contig_1
/work/reads/S20.clean_1.fastq.gz	db/GCF_786800773.1_genomic.fna.gz	0.1321	0.1321	99	0.604	NA-NA	0.604	NA-NA	1	0.604	4535/10000	99	0	GCF_786800773.1 contig_1
/work/reads/S20.clean_1.fastq.gz	db/GCF_728775122.1_genomic.fna.gz	0.1281	0.1281	99	0.586	NA-NA	0.586	NA-NA	1	0.586	4433/10000	99	0	GCF_728775122.1 contig_1
/work/reads/S20.clean_1.fastq.gz	db/GCF_402948604.1_genomic.fna.gz	2.6884	2.6884	99	12.295	NA-NA	12.295	NA-NA	12	12.295	10000/10000	99	0	GCF_402948604.1 contig_1
/work/reads/S20.clean_1.fastq.gz	db/GCF_599760709.1_genomic.fna.gz	2.7227	2.7227	99	12.452	NA-NA	12.452	NA-NA	12	12.452	10000/10000	99	0	GCF_599760709.1 contig_1
/work/reads/S20.clean_1.fastq.gz	db/GCF_834999569.1_genomic.fna.gz	0.8983	0.8983	99	4.108	NA-NA	4.108	NA-NA	4	4.108	9836/10000	99	0	GCF_834999569.1 contig_1
/work/reads/S21.clean_1.fastq.gz	db/GCF_638968339.1_genomic.fna.gz	7.9881	7.9881	99	20.103	NA-NA	HIGH	NA-NA	20	20.103	10000/10000	99	0	GCF_638968339.1 contig_1
/work/reads/S21.clean_1.fastq.gz	db/GCF_778003227.1_genomic.fna.gz	0.158	0.158	99	0.398	NA-NA	0.398	NA-NA	0	0.398	3280/10000	99	0	GCF_778003227.1 contig_1
/work/reads/S21.clean_1.fastq.gz	db/GCF_352991009.1_genomic.fna.gz	12.165	12.165	99	30.615	NA-NA	HIGH	NA-NA	31	30.615	10000/10000	99	0	GCF_352991009.1 contig_1
/work/reads/S21.clean_1.fastq.gz	db/GCF_109348154.1_genomic.fna.gz	52.1449	52.1449	99	131.231	NA-NA	HIGH	NA-NA	131	131.231	10000/10000	99	0	GCF_109348154.1 contig_1
/work/reads/S21.clean_1.fastq.gz	db/GCF_791540768.1_genomic.fna.gz	2.4602	2.4602	99	6.192	NA-NA	6.192	NA-NA	6	6.192	9980/10000	99	0	GCF_791540768.1 contig_1
/work/reads/S21.clean_1.fastq.gz	db/GCF_835514200.1_genomic.fna.gz	3.3967	3.3967	99	8.548	NA-NA	8.548	NA-NA	9	8.548	9998/10000	99	0	GCF_835514200.1 contig_1
/work/reads/S21.clean_1.fastq.gz	db/GCF_805432683.1_genomic.fna.gz	4.9712	4.9712	99	12.511	NA-NA	12.511	NA-NA	13	12.511	10000/10000	99	0	GCF_805432683.1 contig_1
/work/reads/S21.clean_1.fastq.gz	db/GCF_117939755.1_genomic.fna.gz	2.3501	2.3501	99	5.914	NA-NA	5.914	NA-NA	6	5.914	9973/10000	99	0	GCF_117939755.1 contig_1
/work/reads/S21.clean_1.fastq.gz	db/GCF_632250977.1_genomic.fna.gz	0.145	0.145	99	0.365	NA-NA	0.365	NA-NA	0	0.365	3057/10000	99	0	GCF_632250977.1 contig_1
/work/reads/S21.clean_1.fastq.gz	db/GCF_891682273.1_genomic.fna.gz	2.3759	2.3759	99	5.979	NA-NA	5.979	NA-NA	6	5.979	9975/10000	99	0	GCF_891682273.1 contig_1
/work/reads/S21.clean_1.fastq.gz	db/GCF_632308201.1_genomic.fna.gz	0.3383	0.3383	99	0.851	NA-NA	0.851	NA-NA	1	0.851	5732/10000	99	0	GCF_632308201.1 contig_1
/work/reads/S21.clean_1.fastq.gz	db/GCF_323853069.1_genomic.fna.gz	2.1397	2.1397	99	5.385	NA-NA	5.385	NA-NA	5	5.385	9954/10000	99	0	GCF_323853069.1 contig_1
/work/reads/S21.clean_1.fastq.gz	db/GCF_389620766.1_genomic.fna.gz	1.8767	1.8767	99	4.723	NA-NA	4.723	NA-NA	5	4.723	9911/10000	99	0	GCF_389620766.1 contig_1
/work/reads/S21.clean_1.fastq.gz	db/GCF_620365125.1_genomic.fna.gz	0.3447	0.3447	99	0.867	NA-NA	0.867	NA-NA	1	0.867	5799/10000	99	0	GCF_620365125.1 contig_1
/work/reads/S21.clean_1.fastq.gz	db/GCF_402948604.1_genomic.fna.gz	2.5853	2.5853	99	6.506	NA-NA	6.506	NA-NA	7	6.506	9985/10000	99	0	GCF_402948604.1 contig_1
/work/reads/S21.clean_1.fastq.gz	db/GCF_599760709.1_genomic.fna.gz	2.0685	2.0685	99	5.206	NA-NA	5.206	NA-NA	5	5.206	9945/10000	99	0	GCF_599760709.1 contig_1
/work/reads/S21.clean_1.fastq.gz	db/GCF_589348662.1_genomic.fna.gz	1.2605	1.2605	99	3.172	NA-NA	3.172	NA-NA	3	3.172	9581/10000	99	0	GCF_589348662.1 contig_1
/work/reads/S21.clean_1.fastq.gz	db/GCF_834999569.1_genomic.fna.gz	1.1953	1.1953	99	3.008	NA-NA	3.008	NA-NA	3	3.008	9506/10000	99	0	GCF_834999569.1 contig_1
/work/reads/S21.clean_1.fastq.gz	db/GCF_654875077.1_genomic.fna.gz	0.0361	0.0361	99	0.091	NA-NA	0.091	NA-NA	0	0.091	869/10000	99	0	GCF_654875077.1 contig_1
/work/reads/S22.clean_1.fastq.gz	db/GCF_638968339.1_genomic.fna.gz	66.273	66.273	99	136.301	NA-NA	HIGH	NA-NA	136	136.301	10000/10000	99	0	GCF_638968339.1 contig_1
/work/reads/S22.clean_1.fastq.gz	db/GCF_352991009.1_genomic.fna.gz	9.7546	9.7546	99	20.062	NA-NA	HIGH	NA-NA	20	20.062	10000/10000	99	0	GCF_352991009.1 contig_1
/work/reads/S22.clean_1.fastq.gz	db/GCF_109348154.1_genomic.fna.gz	2.2027	2.2027	99	4.53	NA-NA	4.53	NA-NA	5	4.53	9892/10000	99	0	GCF_109348154.1 contig_1
/work/reads/S22.clean_1.fastq.gz	db/GCF_835514200.1_genomic.fna.gz	1.7626	1.7626	99	3.625	NA-NA	3.625	NA-NA	4	3.625	9734/10000	99	0	GCF_835514200.1 contig_1
/work/reads/S22.clean_1.fastq.gz	db/GCF_805432683.1_genomic.fna.gz	0.6555	0.6555	99	1.348	NA-NA	1.348	NA-NA	1	1.348	7403/10000	99	0	GCF_805432683.1 contig_1
/work/reads/S22.clean_1.fastq.gz	db/GCF_117939755.1_genomic.fna.gz	2.4391	2.4391	99	5.016	NA-NA	5.016	NA-NA	5	5.016	9934/10000	99	0	GCF_117939755.1 contig_1
/work/reads/S22.clean_1.fastq.gz	db/GCF_596743031.1_genomic.fna.gz	0.0101	0.0101	99	0.021	NA-NA	0.021	NA-NA	0	0.021	205/10000	99	0	GCF_596743031.1 contig_1
/work/reads/S22.clean_1.fastq.gz	db/GCF_632250977.1_genomic.fna.gz	0.0838	0.0838	99	0.172	NA-NA	0.172	NA-NA	0	0.172	1583/10000	99	0	GCF_632250977.1 contig_1
/work/reads/S22.clean_1.fastq.gz	db/GCF_632308201.1_genomic.fna.gz	0.5499	0.5499	99	1.131	NA-NA	1.131	NA-NA	1	1.131	6773/10000	99	0	GCF_632308201.1 contig_1
/work/reads/S22.clean_1.fastq.gz	db/GCF_323853069.1_genomic.fna.gz	0.7844	0.7844	99	1.613	NA-NA	1.613	NA-NA	2	1.613	8007/10000	99	0	GCF_323853069.1 contig_1
/work/reads/S22.clean_1.fastq.gz	db/GCF_871858740.1_genomic.fna.gz	0.0483	0.0483	99	0.099	NA-NA	0.099	NA-NA	0	0.099	946/10000	99	0	GCF_871858740.1 contig_1
/work/reads/S22.clean_1.fastq.gz	db/GCF_389620766.1_genomic.fna.gz	0.9464	0.9464	99	1.946	NA-NA	1.946	NA-NA	2	1.946	8572/10000	99	0	GCF_389620766.1 contig_1
/work/reads/S22.clean_1.fastq.gz	db/GCF_366096107.1_genomic.fna.gz	0.1226	0.1226	99	0.252	NA-NA	0.252	NA-NA	0	0.252	2229/10000	99	0	GCF_366096107.1 contig_1
/work/reads/S22.clean_1.fastq.gz	db/GCF_692945506.1_genomic.fna.gz	0.5063	0.5063	99	1.041	NA-NA	1.041	NA-NA	1	1.041	6470/10000	99	0	GCF_692945506.1 contig_1
/work/reads/S22.clean_1.fastq.gz	db/GCF_786800773.1_genomic.fna.gz	0.038	0.038	99	0.078	NA-NA	0.078	NA-NA	0	0.078	751/10000	99	0	GCF_786800773.1 contig_1
/work/reads/S22.clean_1.fastq.gz	db/GCF_728775122.1_genomic.fna.gz	0.1023	0.1023	99	0.21	NA-NA	0.21	NA-NA	0	0.21	1897/10000	99	0	GCF_728775122.1 contig_1
/work/reads/S22.clean_1.fastq.gz	db/GCF_402948604.1_genomic.fna.gz	5.9712	5.9712	99	12.281	NA-NA	12.281	NA-NA	12	12.281	10000/10000	99	0	GCF_402948604.1 contig_1
/work/reads/S22.clean_1.fastq.gz	db/GCF_599760709.1_genomic.fna.gz	5.9022	5.9022	99	12.139	NA-NA	12.139	NA-NA	12	12.139	10000/10000	99	0	GCF_599760709.1 contig_1
/work/reads/S22.clean_1.fastq.gz	db/GCF_589348662.1_genomic.fna.gz	1.8471	1.8471	99	3.799	NA-NA	3.799	NA-NA	4	3.799	9776/10000	99	0	GCF_589348662.1 contig_1
/work/reads/S23.clean_1.fastq.gz	db/GCF_638968339.1_genomic.fna.gz	33.2358	33.2358	99	42.099	NA-NA	HIGH	NA-NA	42	42.099	10000/10000	99	0	GCF_638968339.1 contig_1
/work/reads/S23.clean_1.fastq.gz	db/GCF_352991009.1_genomic.fna.gz	13.765	13.765	99	17.436	NA-NA	17.436	NA-NA	17	17.436	10000/10000	99	0	GCF_352991009.1 contig_1
/work/reads/S23.clean_1.fastq.gz	db/GCF_109348154.1_genomic.fna.gz	10.2008	10.2008	99	12.921	NA-NA	12.921	NA-NA	13	12.921	10000/10000	99	0	GCF_109348154.1 contig_1
/work/reads/S23.clean_1.fastq.gz	db/GCF_791540768.1_genomic.fna.gz	0.906	0.906	99	1.148	NA-NA	1.148	NA-NA	1	1.148	6826/10000	99	0	GCF_791540768.1 contig_1
/work/reads/S23.clean_1.fastq.gz	db/GCF_835514200.1_genomic.fna.gz	7.3706	7.3706	99	9.336	NA-NA	9.336	NA-NA	9	9.336	9999/10000	99	0	GCF_835514200.1 contig_1
/work/reads/S23.clean_1.fastq.gz	db/GCF_805432683.1_genomic.fna.gz	1.2911	1.2911	99	1.635	NA-NA	1.635	NA-NA	2	1.635	8051/10000	99	0	GCF_805432683.1 contig_1
/work/reads/S23.clean_1.fastq.gz	db/GCF_117939755.1_genomic.fna.gz	5.3461	5.3461	99	6.772	NA-NA	6.772	NA-NA	7	6.772	9989/10000	99	0	GCF_117939755.1 contig_1
/work/reads/S23.clean_1.fastq.gz	db/GCF_245229538.1_genomic.fna.gz	1.217	1.217	99	1.542	NA-NA	1.542	NA-NA	2	1.542	7860/10000	99	0	GCF_245229538.1 contig_1
/work/reads/S23.clean_1.fastq.gz	db/GCF_632250977.1_genomic.fna.gz	0.2115	0.2115	99	0.268	NA-NA	0.268	NA-NA	0	0.268	2350/10000	99	0	GCF_632250977.1 contig_1
/work/reads/S23.clean_1.fastq.gz	db/GCF_891682273.1_genomic.fna.gz	3.2576	3.2576	99	4.126	NA-NA	4.126	NA-NA	4	4.126	9839/10000	99	0	GCF_891682273.1 contig_1
/work/reads/S23.clean_1.fastq.gz	db/GCF_356668361.1_genomic.fna.gz	0.0477	0.0477	99	0.06	NA-NA	0.06	NA-NA	0	0.06	586/10000	99	0	GCF_356668361.1 contig_1
/work/reads/S23.clean_1.fastq.gz	db/GCF_323853069.1_genomic.fna.gz	0.9442	0.9442	99	1.196	NA-NA	1.196	NA-NA	1	1.196	6976/10000	99	0	GCF_323853069.1 contig_1
/work/reads/S23.clean_1.fastq.gz	db/GCF_871858740.1_genomic.fna.gz	0.1791	0.1791	99	0.227	NA-NA	0.227	NA-NA	0	0.227	2030/10000	99	0	GCF_871858740.1 contig_1
/work/reads/S23.clean_1.fastq.gz	db/GCF_389620766.1_genomic.fna.gz	8.4415	8.4415	99	10.693	NA-NA	10.693	NA-NA	11	10.693	10000/10000	99	0	GCF_389620766.1 contig_1
/work/reads/S23.clean_1.fastq.gz	db/GCF_472516001.1_genomic.fna.gz	0.0185	0.0185	99	0.023	NA-NA	0.023	NA-NA	0	0.023	232/10000	99	0	GCF_472516001.1 contig_1
/work/reads/S23.clean_1.fastq.gz	db/GCF_732166806.1_genomic.fna.gz	0.1848	0.1848	99	0.234	NA-NA	0.234	NA-NA	0	0.234	2087/10000	99	0	GCF_732166806.1 contig_1
/work/reads/S23.clean_1.fastq.gz	db/GCF_825084688.1_genomic.fna.gz	0.2326	0.2326	99	0.295	NA-NA	0.295	NA-NA	0	0.295	2552/10000	99	0	GCF_825084688.1 contig_1
/work/reads/S23.clean_1.fastq.gz	db/GCF_366096107.1_genomic.fna.gz	0.1772	0.1772	99	0.224	NA-NA	0.224	NA-NA	0	0.224	2010/10000	99	0	GCF_366096107.1 contig_1
/work/reads/S23.clean_1.fastq.gz	db/GCF_692945506.1_genomic.fna.gz	0.4341	0.4341	99	0.55	NA-NA	0.55	NA-NA	1	0.55	4230/10000	99	0	GCF_692945506.1 contig_1
/work/reads/S23.clean_1.fastq.gz	db/GCF_671865125.1_genomic.fna.gz	0.4029	0.4029	99	0.51	NA-NA	0.51	NA-NA	1	0.51	3997/10000	99	0	GCF_671865125.1 contig_1
/work/reads/S23.clean_1.fastq.gz	db/GCF_488010780.1_genomic.fna.gz	0.0377	0.0377	99	0.048	NA-NA	0.048	NA-NA	0	0.048	467/10000	99	0	GCF_488010780.1 contig_1
/work/reads/S23.clean_1.fastq.gz	db/GCF_728775122.1_genomic.fna.gz	1.1757	1.1757	99	1.489	NA-NA	1.489	NA-NA	1	1.489	7744/10000	99	0	GCF_728775122.1 contig_1
/work/reads/S23.clean_1.fastq.gz	db/GCF_402948604.1_genomic.fna.gz	4.1408	4.1408	99	5.245	NA-NA	5.245	NA-NA	5	5.245	9947/10000	99	0	GCF_402948604.1 contig_1
/work/reads/S23.clean_1.fastq.gz	db/GCF_599760709.1_genomic.fna.gz	2.567	2.567	99	3.252	NA-NA	3.252	NA-NA	3	3.252	9613/10000	99	0	GCF_599760709.1 contig_1
/work/reads/S23.clean_1.fastq.gz	db/GCF_589348662.1_genomic.fna.gz	2.5239	2.5239	99	3.197	NA-NA	3.197	NA-NA	3	3.197	9591/10000	99	0	GCF_589348662.1 contig_1
/work/reads/S23.clean_1.fastq.gz	db/GCF_834999569.1_genomic.fna.gz	1.6906	1.6906	99	2.141	NA-NA	2.141	NA-NA	2	2.141	8825/10000	99	0	GCF_834999569.1 contig_1
/work/reads/S24.clean_1.fastq.gz	db/GCF_638968339.1_genomic.fna.gz	25.6432	25.6432	99	57.184	NA-NA	HIGH	NA-NA	57	57.184	10000/10000	99	0	GCF_638968339.1 contig_1
/work/reads/S24.clean_1.fastq.gz	db/GCF_109348154.1_genomic.fna.gz	23.7731	23.7731	99	53.014	NA-NA	HIGH	NA-NA	53	53.014	10000/10000	99	0	GCF_109348154.1 contig_1
/work/reads/S24.clean_1.fastq.gz	db/GCF_835514200.1_genomic.fna.gz	2.1737	2.1737	99	4.847	NA-NA	4.847	NA-NA	5	4.847	9922/10000	99	0	GCF_835514200.1 contig_1
/work/reads/S24.clean_1.fastq.gz	db/GCF_805432683.1_genomic.fna.gz	4.0234	4.0234	99	8.972	NA-NA	8.972	NA-NA	9	8.972	9999/10000	99	0	GCF_805432683.1 contig_1
/work/reads/S24.clean_1.fastq.gz	db/GCF_117939755.1_genomic.fna.gz	11.7863	11.7863	99	26.283	NA-NA	HIGH	NA-NA	26	26.283	10000/10000	99	0	GCF_117939755.1 contig_1
/work/reads/S24.clean_1.fastq.gz	db/GCF_245229538.1_genomic.fna.gz	1.1384	1.1384	99	2.539	NA-NA	2.539	NA-NA	3	2.539	9210/10000	99	0	GCF_245229538.1 contig_1
/work/reads/S24.clean_1.fastq.gz	db/GCF_632250977.1_genomic.fna.gz	0.3755	0.3755	99	0.837	NA-NA	0.837	NA-NA	1	0.837	5672/10000	99	0	GCF_632250977.1 contig_1
/work/reads/S24.clean_1.fastq.gz	db/GCF_632308201.1_genomic.fna.gz	0.8893	0.8893	99	1.983	NA-NA	1.983	NA-NA	2	1.983	8624/10000	99	0	GCF_632308201.1 contig_1
/work/reads/S24.clean_1.fastq.gz	db/GCF_323853069.1_genomic.fna.gz	1.4509	1.4509	99	3.236	NA-NA	3.236	NA-NA	3	3.236	9607/10000	99	0	GCF_323853069.1 contig_1
/work/reads/S24.clean_1.fastq.gz	db/GCF_389620766.1_genomic.fna.gz	18.3282	18.3282	99	40.872	NA-NA	HIGH	NA-NA	41	40.872	10000/10000	99	0	GCF_389620766.1 contig_1
/work/reads/S24.clean_1.fastq.gz	db/GCF_825084688.1_genomic.fna.gz	0.1442	0.1442	99	0.322	NA-NA	0.322	NA-NA	0	0.322	2751/10000	99	0	GCF_825084688.1 contig_1
/work/reads/S24.clean_1.fastq.gz	db/GCF_786800773.1_genomic.fna.gz	0.1524	0.1524	99	0.34	NA-NA	0.34	NA-NA	0	0.34	2882/10000	99	0	GCF_786800773.1 contig_1
/work/reads/S24.clean_1.fastq.gz	db/GCF_671865125.1_genomic.fna.gz	0.2264	0.2264	99	0.505	NA-NA	0.505	NA-NA	1	0.505	3964/10000	99	0	GCF_671865125.1 contig_1
/work/reads/S24.clean_1.fastq.gz	db/GCF_402948604.1_genomic.fna.gz	5.1123	5.1123	99	11.4	NA-NA	11.4	NA-NA	11	11.4	10000/10000	99	0	GCF_402948604.1 contig_1
/work/reads/S24.clean_1.fastq.gz	db/GCF_599760709.1_genomic.fna.gz	1.553	1.553	99	3.463	NA-NA	3.463	NA-NA	3	3.463	9687/10000	99	0	GCF_599760709.1 contig_1
/work/reads/S24.clean_1.fastq.gz	db/GCF_589348662.1_genomic.fna.gz	3.2295	3.2295	99	7.202	NA-NA	7.202	NA-NA	7	7.202	9993/10000	99	0	GCF_589348662.1 contig_1
