"sampleA","sampleB","date difference","SNP distance","transmission distance","expected K","filtered SNP distance","sites considered","MSA file"
"S01","S03",NA,394,NA,NA,350,2493058,"S22.metabat2.1"
"S01","S04",NA,439,NA,NA,317,1093153,"S22.metabat2.1"
"S01","S05",NA,401,NA,NA,346,1168719,"S22.metabat2.1"
"S01","S06",NA,389,NA,NA,241,1061973,"S22.metabat2.1"
"S01","S07",NA,364,NA,NA,253,2402698,"S22.metabat2.1"
"S01","S08",NA,393,NA,NA,274,2075793,"S22.metabat2.1"
"S01","S10",NA,409,NA,NA,339,1199255,"S22.metabat2.1"
"S01","S13",NA,4,NA,NA,3,2499438,"S22.metabat2.1"
"S01","S16",NA,380,NA,NA,260,2281145,"S22.metabat2.1"
"S01","S19",NA,432,NA,NA,323,1161531,"S22.metabat2.1"
"S01","S20",NA,1,NA,NA,1,1566505,"S22.metabat2.1"
"S01","S21",NA,422,NA,NA,271,1667245,"S22.metabat2.1"
"S02","S03",NA,1,NA,NA,1,2043928,"S22.metabat2.1"
"S02","S04",NA,407,NA,NA,307,1386499,"S22.metabat2.1"
"S02","S05",NA,403,NA,NA,312,2088852,"S22.metabat2.1"
"S02","S07",NA,434,NA,NA,351,1001378,"S22.metabat2.1"
"S02","S08",NA,412,NA,NA,283,2348045,"S22.metabat2.1"
"S02","S10",NA,364,NA,NA,305,1753189,"S22.metabat2.1"
"S02","S12",NA,402,NA,NA,357,1560491,"S22.metabat2.1"
"S02","S13",NA,5,NA,NA,4,1772084,"S22.metabat2.1"
"S02","S15",NA,3,NA,NA,2,1126262,"S22.metabat2.1"
"S02","S17",NA,384,NA,NA,313,2408621,"S22.metabat2.1"
"S02","S18",NA,388,NA,NA,270,2003483,"S22.metabat2.1"
"S02","S19",NA,2,NA,NA,2,1670822,"S22.metabat2.1"
"S02","S22",NA,371,NA,NA,237,1806026,"S22.metabat2.1"
"S03","S05",NA,426,NA,NA,336,1097718,"S22.metabat2.1"
"S03","S07",NA,394,NA,NA,337,2409728,"S22.metabat2.1"
"S03","S08",NA,386,NA,NA,312,1800100,"S22.metabat2.1"
"S03","S09",NA,390,NA,NA,324,1591315,"S22.metabat2.1"
"S03","S11",NA,410,NA,NA,358,2377604,"S22.metabat2.1"
"S03","S13",NA,4,NA,NA,4,1818259,"S22.metabat2.1"
"S03","S15",NA,3,NA,NA,3,1403941,"S22.metabat2.1"
"S03","S17",NA,392,NA,NA,337,1966345,"S22.metabat2.1"
"S03","S20",NA,385,NA,NA,325,2100518,"S22.metabat2.1"
"S03","S23",NA,382,NA,NA,342,1423403,"S22.metabat2.1"
"S04","S06",NA,6,NA,NA,4,2473322,"S22.metabat2.1"
"S04","S07",NA,403,NA,NA,327,2475398,"S22.metabat2.1"
"S04","S09",NA,398,NA,NA,267,1282331,"S22.metabat2.1"
"S04","S14",NA,404,NA,NA,323,2020999,"S22.metabat2.1"
"S04","S15",NA,419,NA,NA,365,1302342,"S22.metabat2.1"
"S04","S17",NA,2,NA,NA,2,1053020,"S22.metabat2.1"
"S04","S21",NA,423,NA,NA,352,1387607,"S22.metabat2.1"
"S04","S22",NA,392,NA,NA,352,1165665,"S22.metabat2.1"
"S04","S23",NA,396,NA,NA,339,1555580,"S22.metabat2.1"
"S05","S07",NA,378,NA,NA,267,1884570,"S22.metabat2.1"
"S05","S08",NA,388,NA,NA,275,1849067,"S22.metabat2.1"
"S05","S09",NA,422,NA,NA,366,1098657,"S22.metabat2.1"
"S05","S11",NA,413,NA,NA,340,2472300,"S22.metabat2.1"
"S05","S12",NA,434,NA,NA,383,1695699,"S22.metabat2.1"
"S05","S13",NA,405,NA,NA,309,1215097,"S22.metabat2.1"
"S05","S14",NA,391,NA,NA,350,2116567,"S22.metabat2.1"
"S05","S16",NA,408,NA,NA,308,1298854,"S22.metabat2.1"
"S05","S18",NA,3,NA,NA,2,1549884,"S22.metabat2.1"
"S05","S20",NA,379,NA,NA,317,2498420,"S22.metabat2.1"
"S05","S23",NA,415,NA,NA,291,2474312,"S22.metabat2.1"
"S05","S24",NA,371,NA,NA,293,2459693,"S22.metabat2.1"
"S06","S08",NA,398,NA,NA,267,1325009,"S22.metabat2.1"
"S06","S09",NA,393,NA,NA,302,2253399,"S22.metabat2.1"
"S06","S11",NA,403,NA,NA,246,2033173,"S22.metabat2.1"
"S06","S12",NA,398,NA,NA,267,1296338,"S22.metabat2.1"
"S06","S16",NA,406,NA,NA,258,2041090,"S22.metabat2.1"
"S06","S19",NA,401,NA,NA,333,1050725,"S22.metabat2.1"
"S06","S20",NA,397,NA,NA,317,2441375,"S22.metabat2.1"
"S06","S22",NA,382,NA,NA,265,1919770,"S22.metabat2.1"
"S06","S23",NA,377,NA,NA,336,1578754,"S22.metabat2.1"
"S06","S24",NA,405,NA,NA,319,1172077,"S22.metabat2.1"
"S07","S08",NA,8,NA,NA,7,2073611,"S22.metabat2.1"
"S07","S10",NA,422,NA,NA,364,2029517,"S22.metabat2.1"
"S07","S12",NA,371,NA,NA,257,1971449,"S22.metabat2.1"
"S07","S15",NA,398,NA,NA,329,1054081,"S22.metabat2.1"
"S07","S16",NA,397,NA,NA,324,1901493,"S22.metabat2.1"
"S07","S18",NA,398,NA,NA,343,1303639,"S22.metabat2.1"
"S07","S20",NA,2,NA,NA,2,2481507,"S22.metabat2.1"
"S07","S21",NA,401,NA,NA,313,1257061,"S22.metabat2.1"
"S07","S22",NA,411,NA,NA,261,2345003,"S22.metabat2.1"
"S07","S24",NA,421,NA,NA,355,2021225,"S22.metabat2.1"
"S08","S09",NA,387,NA,NA,256,1742497,"S22.metabat2.1"
"S08","S12",NA,385,NA,NA,254,1299868,"S22.metabat2.1"
"S08","S13",NA,391,NA,NA,272,2229920,"S22.metabat2.1"
"S08","S15",NA,428,NA,NA,310,1293446,"S22.metabat2.1"
"S08","S16",NA,404,NA,NA,363,1613356,"S22.metabat2.1"
"S08","S18",NA,404,NA,NA,300,2150446,"S22.metabat2.1"
"S08","S19",NA,3,NA,NA,2,2113015,"S22.metabat2.1"
"S08","S24",NA,1,NA,NA,1,1104119,"S22.metabat2.1"
"S09","S11",NA,1,NA,NA,1,2036631,"S22.metabat2.1"
"S09","S14",NA,3,NA,NA,3,2320476,"S22.metabat2.1"
"S09","S16",NA,388,NA,NA,260,2326242,"S22.metabat2.1"
"S09","S18",NA,412,NA,NA,250,1849662,"S22.metabat2.1"
"S09","S21",NA,440,NA,NA,324,1606491,"S22.metabat2.1"
"S10","S12",NA,6,NA,NA,4,2270827,"S22.metabat2.1"
"S10","S13",NA,408,NA,NA,328,1150510,"S22.metabat2.1"
"S10","S14",NA,417,NA,NA,305,1873020,"S22.metabat2.1"
"S10","S15",NA,414,NA,NA,304,1241329,"S22.metabat2.1"
"S10","S17",NA,393,NA,NA,307,2157144,"S22.metabat2.1"
"S10","S19",NA,375,NA,NA,274,1098355,"S22.metabat2.1"
"S10","S21",NA,384,NA,NA,335,2398479,"S22.metabat2.1"
"S10","S22",NA,1,NA,NA,1,1313387,"S22.metabat2.1"
"S10","S24",NA,451,NA,NA,392,1343576,"S22.metabat2.1"
"S11","S12",NA,3,NA,NA,2,1096995,"S22.metabat2.1"
"S11","S13",NA,401,NA,NA,252,1364782,"S22.metabat2.1"
"S11","S14",NA,414,NA,NA,340,1802088,"S22.metabat2.1"
"S11","S15",NA,408,NA,NA,247,2238317,"S22.metabat2.1"
"S11","S17",NA,365,NA,NA,251,1563864,"S22.metabat2.1"
"S11","S22",NA,386,NA,NA,277,1190179,"S22.metabat2.1"
"S11","S24",NA,392,NA,NA,317,1993115,"S22.metabat2.1"
"S12","S13",NA,393,NA,NA,311,2078251,"S22.metabat2.1"
"S12","S15",NA,376,NA,NA,268,1161694,"S22.metabat2.1"
"S12","S16",NA,410,NA,NA,280,1203163,"S22.metabat2.1"
"S12","S18",NA,397,NA,NA,316,2410184,"S22.metabat2.1"
"S12","S22",NA,6,NA,NA,5,2498020,"S22.metabat2.1"
"S12","S23",NA,406,NA,NA,309,2146595,"S22.metabat2.1"
"S12","S24",NA,402,NA,NA,253,1901558,"S22.metabat2.1"
"S13","S15",NA,4,NA,NA,3,1874944,"S22.metabat2.1"
"S13","S18",NA,417,NA,NA,360,1117564,"S22.metabat2.1"
"S13","S19",NA,403,NA,NA,334,1648966,"S22.metabat2.1"
"S13","S20",NA,360,NA,NA,230,2364938,"S22.metabat2.1"
"S13","S22",NA,370,NA,NA,329,1760372,"S22.metabat2.1"
"S14","S16",NA,399,NA,NA,358,2059453,"S22.metabat2.1"
"S14","S18",NA,406,NA,NA,322,1640740,"S22.metabat2.1"
"S14","S19",NA,356,NA,NA,296,2107037,"S22.metabat2.1"
"S14","S21",NA,459,NA,NA,342,1829081,"S22.metabat2.1"
"S14","S22",NA,432,NA,NA,267,1398039,"S22.metabat2.1"
"S14","S23",NA,370,NA,NA,289,1167199,"S22.metabat2.1"
"S14","S24",NA,386,NA,NA,290,2309909,"S22.metabat2.1"
"S15","S16",NA,373,NA,NA,319,1055723,"S22.metabat2.1"
"S15","S17",NA,410,NA,NA,284,1893929,"S22.metabat2.1"
"S15","S23",NA,406,NA,NA,362,2092834,"S22.metabat2.1"
"S15","S24",NA,395,NA,NA,318,2159581,"S22.metabat2.1"
"S16","S17",NA,2,NA,NA,2,1032496,"S22.metabat2.1"
"S16","S18",NA,2,NA,NA,1,1240551,"S22.metabat2.1"
"S16","S19",NA,0,NA,NA,0,2448632,"S22.metabat2.1"
"S16","S21",NA,405,NA,NA,244,1200086,"S22.metabat2.1"
"S16","S23",NA,416,NA,NA,266,1729079,"S22.metabat2.1"
"S16","S24",NA,411,NA,NA,351,2331909,"S22.metabat2.1"
"S17","S18",NA,1,NA,NA,1,1511204,"S22.metabat2.1"
"S17","S19",NA,404,NA,NA,263,1181022,"S22.metabat2.1"
"S17","S21",NA,395,NA,NA,341,2477137,"S22.metabat2.1"
"S17","S22",NA,407,NA,NA,264,1899271,"S22.metabat2.1"
"S18","S19",NA,406,NA,NA,326,1370855,"S22.metabat2.1"
"S18","S21",NA,3,NA,NA,2,2327017,"S22.metabat2.1"
"S18","S23",NA,392,NA,NA,337,2371766,"S22.metabat2.1"
"S18","S24",NA,402,NA,NA,351,1274870,"S22.metabat2.1"
"S19","S20",NA,425,NA,NA,363,2194607,"S22.metabat2.1"
"S19","S21",NA,6,NA,NA,4,2203658,"S22.metabat2.1"
"S19","S24",NA,420,NA,NA,363,1561551,"S22.metabat2.1"
"S20","S21",NA,1,NA,NA,1,1401080,"S22.metabat2.1"
"S20","S22",NA,395,NA,NA,318,1225518,"S22.metabat2.1"
"S20","S24",NA,380,NA,NA,280,1276554,"S22.metabat2.1"
"S22","S23",NA,4,NA,NA,3,1518002,"S22.metabat2.1"
"S22","S24",NA,3,NA,NA,3,1556927,"S22.metabat2.1"
"S01","S02",NA,405,NA,NA,265,1720580,"S21.metabat2.2"
"S01","S04",NA,375,NA,NA,290,2267717,"S21.metabat2.2"
"S01","S06",NA,382,NA,NA,336,2326190,"S21.metabat2.2"
"S01","S08",NA,381,NA,NA,252,1311644,"S21.metabat2.2"
"S01","S10",NA,395,NA,NA,300,1690778,"S21.metabat2.2"
"S01","S12",NA,370,NA,NA,243,1930971,"S21.metabat2.2"
"S01","S14",NA,9,NA,NA,6,2069968,"S21.metabat2.2"
"S01","S15",NA,3,NA,NA,2,1090121,"S21.metabat2.2"
"S01","S16",NA,407,NA,NA,248,1874337,"S21.metabat2.2"
"S01","S18",NA,425,NA,NA,341,1057936,"S21.metabat2.2"
"S01","S19",NA,404,NA,NA,362,1457367,"S21.metabat2.2"
"S01","S20",NA,395,NA,NA,264,1317917,"S21.metabat2.2"
"S01","S21",NA,387,NA,NA,265,2419560,"S21.metabat2.2"
"S01","S22",NA,416,NA,NA,279,1404368,"S21.metabat2.2"
"S01","S23",NA,393,NA,NA,305,2270605,"S21.metabat2.2"
"S01","S24",NA,423,NA,NA,309,1551635,"S21.metabat2.2"
"S02","S03",NA,402,NA,NA,330,1419521,"S21.metabat2.2"
"S02","S04",NA,400,NA,NA,258,1814180,"S21.metabat2.2"
"S02","S05",NA,378,NA,NA,322,2459744,"S21.metabat2.2"
"S02","S06",NA,410,NA,NA,251,1268639,"S21.metabat2.2"
"S02","S14",NA,403,NA,NA,345,2252362,"S21.metabat2.2"
"S02","S15",NA,3,NA,NA,2,1699558,"S21.metabat2.2"
"S02","S17",NA,395,NA,NA,248,2042377,"S21.metabat2.2"
"S02","S19",NA,411,NA,NA,301,1788937,"S21.metabat2.2"
"S02","S20",NA,400,NA,NA,304,2154108,"S21.metabat2.2"
"S02","S22",NA,405,NA,NA,256,1300490,"S21.metabat2.2"
"S03","S04",NA,417,NA,NA,252,1721684,"S21.metabat2.2"
"S03","S06",NA,405,NA,NA,303,1505734,"S21.metabat2.2"
"S03","S07",NA,436,NA,NA,335,1271584,"S21.metabat2.2"
"S03","S09",NA,393,NA,NA,311,2394224,"S21.metabat2.2"
"S03","S13",NA,396,NA,NA,300,2366223,"S21.metabat2.2"
"S03","S16",NA,450,NA,NA,279,2170889,"S21.metabat2.2"
"S03","S18",NA,437,NA,NA,349,2380124,"S21.metabat2.2"
"S03","S22",NA,427,NA,NA,294,1766418,"S21.metabat2.2"
"S03","S24",NA,362,NA,NA,264,2053564,"S21.metabat2.2"
"S04","S05",NA,373,NA,NA,300,1593671,"S21.metabat2.2"
"S04","S06",NA,382,NA,NA,248,2070385,"S21.metabat2.2"
"S04","S09",NA,373,NA,NA,227,1421917,"S21.metabat2.2"
"S04","S10",NA,412,NA,NA,330,1243568,"S21.metabat2.2"
"S04","S11",NA,426,NA,NA,365,1070258,"S21.metabat2.2"
"S04","S12",NA,407,NA,NA,290,1883460,"S21.metabat2.2"
"S04","S13",NA,425,NA,NA,288,1699182,"S21.metabat2.2"
"S04","S15",NA,401,NA,NA,347,1296768,"S21.metabat2.2"
"S04","S17",NA,4,NA,NA,3,2190214,"S21.metabat2.2"
"S04","S19",NA,403,NA,NA,311,1194825,"S21.metabat2.2"
"S04","S21",NA,406,NA,NA,310,2406215,"S21.metabat2.2"
"S04","S23",NA,401,NA,NA,359,1262406,"S21.metabat2.2"
"S05","S07",NA,400,NA,NA,291,1854167,"S21.metabat2.2"
"S05","S08",NA,389,NA,NA,341,2377021,"S21.metabat2.2"
"S05","S09",NA,416,NA,NA,359,1523547,"S21.metabat2.2"
"S05","S10",NA,389,NA,NA,340,2414040,"S21.metabat2.2"
"S05","S11",NA,1,NA,NA,1,1154269,"S21.metabat2.2"
"S05","S12",NA,395,NA,NA,287,1869120,"S21.metabat2.2"
"S05","S17",NA,2,NA,NA,2,1241259,"S21.metabat2.2"
"S05","S18",NA,1,NA,NA,1,1470630,"S21.metabat2.2"
"S05","S20",NA,401,NA,NA,267,1023789,"S21.metabat2.2"
"S05","S21",NA,374,NA,NA,251,1077898,"S21.metabat2.2"
"S05","S22",NA,359,NA,NA,224,1471600,"S21.metabat2.2"
"S05","S23",NA,381,NA,NA,278,1747566,"S21.metabat2.2"
"S05","S24",NA,390,NA,NA,335,1945176,"S21.metabat2.2"
"S06","S08",NA,400,NA,NA,305,2176715,"S21.metabat2.2"
"S06","S09",NA,400,NA,NA,279,1016105,"S21.metabat2.2"
"S06","S10",NA,428,NA,NA,279,2493068,"S21.metabat2.2"
"S06","S11",NA,419,NA,NA,252,2193047,"S21.metabat2.2"
"S06","S12",NA,6,NA,NA,5,1557737,"S21.metabat2.2"
"S06","S14",NA,394,NA,NA,283,1206821,"S21.metabat2.2"
"S06","S16",NA,457,NA,NA,344,1731499,"S21.metabat2.2"
"S06","S21",NA,405,NA,NA,313,1814217,"S21.metabat2.2"
"S06","S22",NA,405,NA,NA,275,1516259,"S21.metabat2.2"
"S06","S23",NA,417,NA,NA,272,1147840,"S21.metabat2.2"
"S06","S24",NA,3,NA,NA,2,1260212,"S21.metabat2.2"
"S07","S09",NA,377,NA,NA,338,1211289,"S21.metabat2.2"
"S07","S11",NA,423,NA,NA,307,1687936,"S21.metabat2.2"
"S07","S13",NA,434,NA,NA,326,2438680,"S21.metabat2.2"
"S07","S15",NA,373,NA,NA,313,1553304,"S21.metabat2.2"
"S07","S16",NA,424,NA,NA,337,1738353,"S21.metabat2.2"
"S07","S17",NA,424,NA,NA,341,1124346,"S21.metabat2.2"
"S07","S19",NA,3,NA,NA,2,2382266,"S21.metabat2.2"
"S07","S20",NA,2,NA,NA,1,1013126,"S21.metabat2.2"
"S07","S21",NA,6,NA,NA,4,1957919,"S21.metabat2.2"
"S07","S22",NA,420,NA,NA,363,1831551,"S21.metabat2.2"
"S08","S09",NA,1,NA,NA,1,1988440,"S21.metabat2.2"
"S08","S10",NA,402,NA,NA,264,1159618,"S21.metabat2.2"
"S08","S12",NA,416,NA,NA,374,1781961,"S21.metabat2.2"
"S08","S13",NA,375,NA,NA,250,2186845,"S21.metabat2.2"
"S08","S14",NA,368,NA,NA,318,1702431,"S21.metabat2.2"
"S08","S19",NA,423,NA,NA,373,1176258,"S21.metabat2.2"
"S08","S22",NA,377,NA,NA,274,1128159,"S21.metabat2.2"
"S08","S23",NA,2,NA,NA,1,1931632,"S21.metabat2.2"
"S08","S24",NA,400,NA,NA,284,1618312,"S21.metabat2.2"
"S09","S10",NA,391,NA,NA,302,1280060,"S21.metabat2.2"
"S09","S11",NA,393,NA,NA,244,1595916,"S21.metabat2.2"
"S09","S13",NA,429,NA,NA,325,1934929,"S21.metabat2.2"
"S09","S16",NA,446,NA,NA,317,2067529,"S21.metabat2.2"
"S09","S17",NA,395,NA,NA,247,1271851,"S21.metabat2.2"
"S09","S18",NA,414,NA,NA,323,1608693,"S21.metabat2.2"
"S09","S20",NA,1,NA,NA,1,1418877,"S21.metabat2.2"
"S09","S22",NA,401,NA,NA,316,1923009,"S21.metabat2.2"
"S09","S23",NA,392,NA,NA,292,1040918,"S21.metabat2.2"
"S10","S11",NA,5,NA,NA,3,2267082,"S21.metabat2.2"
"S10","S15",NA,415,NA,NA,373,1838173,"S21.metabat2.2"
"S10","S16",NA,3,NA,NA,2,2136408,"S21.metabat2.2"
"S10","S17",NA,391,NA,NA,309,1342969,"S21.metabat2.2"
"S10","S18",NA,395,NA,NA,352,2083189,"S21.metabat2.2"
"S10","S21",NA,433,NA,NA,346,1926165,"S21.metabat2.2"
"S10","S23",NA,7,NA,NA,5,1664927,"S21.metabat2.2"
"S10","S24",NA,5,NA,NA,4,1215988,"S21.metabat2.2"
"S11","S12",NA,0,NA,NA,0,2061366,"S21.metabat2.2"
"S11","S15",NA,393,NA,NA,296,1523231,"S21.metabat2.2"
"S11","S17",NA,423,NA,NA,300,1633047,"S21.metabat2.2"
"S11","S19",NA,403,NA,NA,303,2275961,"S21.metabat2.2"
"S11","S21",NA,407,NA,NA,245,1589341,"S21.metabat2.2"
"S11","S23",NA,2,NA,NA,2,1926114,"S21.metabat2.2"
"S11","S24",NA,431,NA,NA,298,1425613,"S21.metabat2.2"
"S12","S13",NA,403,NA,NA,263,2024130,"S21.metabat2.2"
"S12","S15",NA,396,NA,NA,298,2072222,"S21.metabat2.2"
"S12","S16",NA,383,NA,NA,247,1442238,"S21.metabat2.2"
"S12","S17",NA,412,NA,NA,280,1973085,"S21.metabat2.2"
"S12","S20",NA,396,NA,NA,258,2317368,"S21.metabat2.2"
"S12","S21",NA,363,NA,NA,269,2461964,"S21.metabat2.2"
"S12","S22",NA,3,NA,NA,2,1546977,"S21.metabat2.2"
"S12","S24",NA,3,NA,NA,2,1576066,"S21.metabat2.2"
"S13","S14",NA,1,NA,NA,1,2453479,"S21.metabat2.2"
"S13","S16",NA,404,NA,NA,296,2335746,"S21.metabat2.2"
"S13","S18",NA,387,NA,NA,317,1007045,"S21.metabat2.2"
"S13","S19",NA,426,NA,NA,271,1333049,"S21.metabat2.2"
"S13","S20",NA,420,NA,NA,374,1194149,"S21.metabat2.2"
"S13","S21",NA,416,NA,NA,309,1701808,"S21.metabat2.2"
"S14","S15",NA,1,NA,NA,1,1397685,"S21.metabat2.2"
"S14","S16",NA,413,NA,NA,357,1475272,"S21.metabat2.2"
"S14","S17",NA,376,NA,NA,328,1656795,"S21.metabat2.2"
"S14","S18",NA,446,NA,NA,391,1815199,"S21.metabat2.2"
"S14","S19",NA,378,NA,NA,304,1749023,"S21.metabat2.2"
"S14","S21",NA,422,NA,NA,322,1517353,"S21.metabat2.2"
"S14","S22",NA,422,NA,NA,256,1386403,"S21.metabat2.2"
"S14","S23",NA,378,NA,NA,332,2085467,"S21.metabat2.2"
"S15","S16",NA,394,NA,NA,351,2155481,"S21.metabat2.2"
"S15","S19",NA,373,NA,NA,329,1767948,"S21.metabat2.2"
"S15","S22",NA,396,NA,NA,326,2167928,"S21.metabat2.2"
"S15","S23",NA,412,NA,NA,348,1972926,"S21.metabat2.2"
"S16","S18",NA,430,NA,NA,307,2312156,"S21.metabat2.2"
"S16","S19",NA,404,NA,NA,250,1340687,"S21.metabat2.2"
"S16","S21",NA,413,NA,NA,365,1878169,"S21.metabat2.2"
"S16","S24",NA,394,NA,NA,245,2373412,"S21.metabat2.2"
"S17","S18",NA,404,NA,NA,336,1586365,"S21.metabat2.2"
"S17","S19",NA,405,NA,NA,287,1704800,"S21.metabat2.2"
"S17","S20",NA,434,NA,NA,379,2496536,"S21.metabat2.2"
"S17","S22",NA,398,NA,NA,262,1475507,"S21.metabat2.2"
"S17","S23",NA,407,NA,NA,352,1246530,"S21.metabat2.2"
"S17","S24",NA,411,NA,NA,286,1576165,"S21.metabat2.2"
"S18","S22",NA,391,NA,NA,349,1598407,"S21.metabat2.2"
"S19","S21",NA,2,NA,NA,2,1863415,"S21.metabat2.2"
"S19","S22",NA,395,NA,NA,321,1195557,"S21.metabat2.2"
"S19","S23",NA,392,NA,NA,287,2301469,"S21.metabat2.2"
"S20","S22",NA,407,NA,NA,266,1405371,"S21.metabat2.2"
"S20","S23",NA,388,NA,NA,326,2291789,"S21.metabat2.2"
"S20","S24",NA,416,NA,NA,326,1432572,"S21.metabat2.2"
"S21","S22",NA,4,NA,NA,3,1202204,"S21.metabat2.2"
"S21","S23",NA,397,NA,NA,349,2208209,"S21.metabat2.2"
"S21","S24",NA,2,NA,NA,1,1078007,"S21.metabat2.2"
"S22","S24",NA,5,NA,NA,4,1273450,"S21.metabat2.2"
"S23","S24",NA,4,NA,NA,3,1158015,"S21.metabat2.2"
"S01","S03",NA,398,NA,NA,301,2291580,"S01.metabat2.3"
"S01","S04",NA,392,NA,NA,308,1032043,"S01.metabat2.3"
"S01","S05",NA,400,NA,NA,353,1333977,"S01.metabat2.3"
"S01","S06",NA,390,NA,NA,235,2084088,"S01.metabat2.3"
"S01","S07",NA,408,NA,NA,319,1687662,"S01.metabat2.3"
"S01","S08",NA,450,NA,NA,288,2044192,"S01.metabat2.3"
"S01","S09",NA,414,NA,NA,264,1093009,"S01.metabat2.3"
"S01","S10",NA,391,NA,NA,276,1128677,"S01.metabat2.3"
"S01","S14",NA,2,NA,NA,1,1282206,"S01.metabat2.3"
"S01","S15",NA,7,NA,NA,6,1875474,"S01.metabat2.3"
"S01","S16",NA,424,NA,NA,342,1485658,"S01.metabat2.3"
"S01","S18",NA,3,NA,NA,3,1155351,"S01.metabat2.3"
"S01","S19",NA,415,NA,NA,325,1809300,"S01.metabat2.3"
"S01","S20",NA,408,NA,NA,256,2202715,"S01.metabat2.3"
"S01","S23",NA,401,NA,NA,311,2316423,"S01.metabat2.3"
"S02","S04",NA,420,NA,NA,267,1566341,"S01.metabat2.3"
"S02","S05",NA,372,NA,NA,291,1888758,"S01.metabat2.3"
"S02","S06",NA,438,NA,NA,339,1416091,"S01.metabat2.3"
"S02","S07",NA,424,NA,NA,349,2232719,"S01.metabat2.3"
"S02","S09",NA,374,NA,NA,258,1710910,"S01.metabat2.3"
"S02","S11",NA,413,NA,NA,293,1733799,"S01.metabat2.3"
"S02","S15",NA,2,NA,NA,1,2452917,"S01.metabat2.3"
"S02","S17",NA,370,NA,NA,277,1280550,"S01.metabat2.3"
"S02","S18",NA,362,NA,NA,258,2345666,"S01.metabat2.3"
"S02","S19",NA,406,NA,NA,253,1821217,"S01.metabat2.3"
"S02","S20",NA,404,NA,NA,352,1919059,"S01.metabat2.3"
"S02","S21",NA,376,NA,NA,289,1913028,"S01.metabat2.3"
"S02","S22",NA,420,NA,NA,284,1843665,"S01.metabat2.3"
"S02","S23",NA,399,NA,NA,338,2190356,"S01.metabat2.3"
"S03","S06",NA,425,NA,NA,380,1855635,"S01.metabat2.3"
"S03","S08",NA,409,NA,NA,297,1616069,"S01.metabat2.3"
"S03","S12",NA,401,NA,NA,308,1702547,"S01.metabat2.3"
"S03","S14",NA,420,NA,NA,364,1334463,"S01.metabat2.3"
"S03","S15",NA,0,NA,NA,0,1955001,"S01.metabat2.3"
"S03","S17",NA,416,NA,NA,344,2154135,"S01.metabat2.3"
"S03","S19",NA,391,NA,NA,345,1451226,"S01.metabat2.3"
"S03","S20",NA,427,NA,NA,335,1061816,"S01.metabat2.3"
"S03","S21",NA,385,NA,NA,332,1560162,"S01.metabat2.3"
"S03","S22",NA,403,NA,NA,310,2018240,"S01.metabat2.3"
"S03","S23",NA,401,NA,NA,329,1812683,"S01.metabat2.3"
"S03","S24",NA,425,NA,NA,350,1453516,"S01.metabat2.3"
"S04","S06",NA,2,NA,NA,2,1180231,"S01.metabat2.3"
"S04","S08",NA,415,NA,NA,371,2418240,"S01.metabat2.3"
"S04","S09",NA,398,NA,NA,281,1643133,"S01.metabat2.3"
"S04","S11",NA,403,NA,NA,355,2271090,"S01.metabat2.3"
"S04","S12",NA,414,NA,NA,318,1495265,"S01.metabat2.3"
"S04","S16",NA,406,NA,NA,308,2257660,"S01.metabat2.3"
"S04","S18",NA,4,NA,NA,3,1649279,"S01.metabat2.3"
"S04","S19",NA,401,NA,NA,322,1001883,"S01.metabat2.3"
"S04","S21",NA,390,NA,NA,349,1993935,"S01.metabat2.3"
"S04","S22",NA,404,NA,NA,330,1934810,"S01.metabat2.3"
"S04","S23",NA,390,NA,NA,295,1615153,"S01.metabat2.3"
"S04","S24",NA,389,NA,NA,342,2354799,"S01.metabat2.3"
"S05","S06",NA,3,NA,NA,2,2032537,"S01.metabat2.3"
"S05","S10",NA,412,NA,NA,322,1827884,"S01.metabat2.3"
"S05","S11",NA,416,NA,NA,298,1118998,"S01.metabat2.3"
"S05","S13",NA,415,NA,NA,358,1080549,"S01.metabat2.3"
"S05","S14",NA,426,NA,NA,355,1283610,"S01.metabat2.3"
"S05","S16",NA,1,NA,NA,1,2311904,"S01.metabat2.3"
"S05","S19",NA,397,NA,NA,279,1205098,"S01.metabat2.3"
"S05","S23",NA,408,NA,NA,346,2194312,"S01.metabat2.3"
"S05","S24",NA,402,NA,NA,254,2062828,"S01.metabat2.3"
"S06","S07",NA,410,NA,NA,360,1536710,"S01.metabat2.3"
"S06","S08",NA,382,NA,NA,249,1372529,"S01.metabat2.3"
"S06","S09",NA,418,NA,NA,319,1401801,"S01.metabat2.3"
"S06","S10",NA,411,NA,NA,299,1622467,"S01.metabat2.3"
"S06","S12",NA,399,NA,NA,276,1388220,"S01.metabat2.3"
"S06","S13",NA,380,NA,NA,265,1684740,"S01.metabat2.3"
"S06","S15",NA,456,NA,NA,401,1474190,"S01.metabat2.3"
"S06","S17",NA,8,NA,NA,6,2465274,"S01.metabat2.3"
"S06","S18",NA,1,NA,NA,1,1615309,"S01.metabat2.3"
"S06","S19",NA,410,NA,NA,324,1323027,"S01.metabat2.3"
"S06","S20",NA,392,NA,NA,296,2038951,"S01.metabat2.3"
"S06","S21",NA,1,NA,NA,1,1912259,"S01.metabat2.3"
"S06","S22",NA,384,NA,NA,319,1879516,"S01.metabat2.3"
"S06","S23",NA,416,NA,NA,357,1859858,"S01.metabat2.3"
"S07","S09",NA,3,NA,NA,2,1758871,"S01.metabat2.3"
"S07","S10",NA,373,NA,NA,318,1192972,"S01.metabat2.3"
"S07","S11",NA,390,NA,NA,246,1478827,"S01.metabat2.3"
"S07","S13",NA,385,NA,NA,272,2307433,"S01.metabat2.3"
"S07","S15",NA,416,NA,NA,338,1507459,"S01.metabat2.3"
"S07","S16",NA,382,NA,NA,329,1501576,"S01.metabat2.3"
"S07","S17",NA,436,NA,NA,282,2312857,"S01.metabat2.3"
"S07","S18",NA,458,NA,NA,364,1960189,"S01.metabat2.3"
"S07","S19",NA,401,NA,NA,302,1723980,"S01.metabat2.3"
"S07","S20",NA,3,NA,NA,2,1048812,"S01.metabat2.3"
"S07","S21",NA,387,NA,NA,309,2486221,"S01.metabat2.3"
"S07","S22",NA,409,NA,NA,334,1710673,"S01.metabat2.3"
"S07","S24",NA,396,NA,NA,320,2376717,"S01.metabat2.3"
"S08","S11",NA,404,NA,NA,274,1853352,"S01.metabat2.3"
"S08","S12",NA,403,NA,NA,301,1128412,"S01.metabat2.3"
"S08","S13",NA,391,NA,NA,262,1580198,"S01.metabat2.3"
"S08","S14",NA,2,NA,NA,2,1680200,"S01.metabat2.3"
"S08","S16",NA,429,NA,NA,384,1557373,"S01.metabat2.3"
"S08","S17",NA,394,NA,NA,298,2169620,"S01.metabat2.3"
"S08","S19",NA,1,NA,NA,1,1728317,"S01.metabat2.3"
"S08","S20",NA,375,NA,NA,334,1272202,"S01.metabat2.3"
"S08","S21",NA,2,NA,NA,2,2251075,"S01.metabat2.3"
"S08","S22",NA,434,NA,NA,388,1259654,"S01.metabat2.3"
"S08","S24",NA,403,NA,NA,304,1563278,"S01.metabat2.3"
"S09","S10",NA,416,NA,NA,302,2038691,"S01.metabat2.3"
"S09","S11",NA,5,NA,NA,4,2344469,"S01.metabat2.3"
"S09","S12",NA,404,NA,NA,343,1897735,"S01.metabat2.3"
"S09","S16",NA,393,NA,NA,261,1606402,"S01.metabat2.3"
"S09","S18",NA,391,NA,NA,259,1024024,"S01.metabat2.3"
"S09","S23",NA,423,NA,NA,282,1274746,"S01.metabat2.3"
"S09","S24",NA,433,NA,NA,351,1216340,"S01.metabat2.3"
"S10","S12",NA,2,NA,NA,1,1164889,"S01.metabat2.3"
"S10","S13",NA,407,NA,NA,300,1367478,"S01.metabat2.3"
"S10","S15",NA,372,NA,NA,289,2209092,"S01.metabat2.3"
"S10","S20",NA,430,NA,NA,282,1324070,"S01.metabat2.3"
"S10","S21",NA,426,NA,NA,373,1902498,"S01.metabat2.3"
"S10","S22",NA,3,NA,NA,2,2481435,"S01.metabat2.3"
"S11","S12",NA,5,NA,NA,4,1022575,"S01.metabat2.3"
"S11","S13",NA,395,NA,NA,252,1144581,"S01.metabat2.3"
"S11","S14",NA,412,NA,NA,274,1045126,"S01.metabat2.3"
"S11","S19",NA,407,NA,NA,254,2070556,"S01.metabat2.3"
"S11","S20",NA,411,NA,NA,248,1558510,"S01.metabat2.3"
"S11","S21",NA,407,NA,NA,294,1890361,"S01.metabat2.3"
"S11","S24",NA,405,NA,NA,339,1537280,"S01.metabat2.3"
"S12","S16",NA,379,NA,NA,311,1331305,"S01.metabat2.3"
"S12","S18",NA,400,NA,NA,249,2112017,"S01.metabat2.3"
"S12","S19",NA,413,NA,NA,283,1705448,"S01.metabat2.3"
"S12","S20",NA,395,NA,NA,312,2397038,"S01.metabat2.3"
"S12","S22",NA,4,NA,NA,3,1950086,"S01.metabat2.3"
"S13","S14",NA,3,NA,NA,3,2102045,"S01.metabat2.3"
"S13","S15",NA,378,NA,NA,233,1843280,"S01.metabat2.3"
"S13","S17",NA,415,NA,NA,278,1312394,"S01.metabat2.3"
"S13","S19",NA,402,NA,NA,300,1397828,"S01.metabat2.3"
"S13","S20",NA,409,NA,NA,365,1312633,"S01.metabat2.3"
"S13","S21",NA,2,NA,NA,1,1858994,"S01.metabat2.3"
"S13","S23",NA,416,NA,NA,315,1321622,"S01.metabat2.3"
"S13","S24",NA,3,NA,NA,3,1787161,"S01.metabat2.3"
"S14","S16",NA,428,NA,NA,324,2181872,"S01.metabat2.3"
"S14","S19",NA,426,NA,NA,258,1180276,"S01.metabat2.3"
"S14","S20",NA,429,NA,NA,379,2055753,"S01.metabat2.3"
"S14","S21",NA,411,NA,NA,348,2044939,"S01.metabat2.3"
"S14","S22",NA,397,NA,NA,269,2300423,"S01.metabat2.3"
"S15","S16",NA,394,NA,NA,319,1212449,"S01.metabat2.3"
"S15","S19",NA,425,NA,NA,381,1198938,"S01.metabat2.3"
"S15","S20",NA,441,NA,NA,311,1196029,"S01.metabat2.3"
"S15","S24",NA,404,NA,NA,338,1848277,"S01.metabat2.3"
"S16","S17",NA,0,NA,NA,0,1972581,"S01.metabat2.3"
"S16","S19",NA,432,NA,NA,351,1455830,"S01.metabat2.3"
"S16","S21",NA,440,NA,NA,389,1677658,"S01.metabat2.3"
"S16","S23",NA,404,NA,NA,253,1343732,"S01.metabat2.3"
"S16","S24",NA,374,NA,NA,271,1172334,"S01.metabat2.3"
"S17","S18",NA,2,NA,NA,1,1362880,"S01.metabat2.3"
"S17","S20",NA,393,NA,NA,256,1410060,"S01.metabat2.3"
"S17","S21",NA,410,NA,NA,307,1240228,"S01.metabat2.3"
"S17","S22",NA,417,NA,NA,281,1033026,"S01.metabat2.3"
"S17","S23",NA,391,NA,NA,304,1916266,"S01.metabat2.3"
"S18","S23",NA,407,NA,NA,366,2101924,"S01.metabat2.3"
"S19","S20",NA,393,NA,NA,306,1940306,"S01.metabat2.3"
"S19","S22",NA,3,NA,NA,3,2404085,"S01.metabat2.3"
"S19","S24",NA,373,NA,NA,267,1800461,"S01.metabat2.3"
"S20","S21",NA,1,NA,NA,1,1983434,"S01.metabat2.3"
"S20","S22",NA,396,NA,NA,329,1720356,"S01.metabat2.3"
"S20","S23",NA,421,NA,NA,348,1163774,"S01.metabat2.3"
"S21","S22",NA,5,NA,NA,4,1779559,"S01.metabat2.3"
"S21","S23",NA,423,NA,NA,333,1296000,"S01.metabat2.3"
"S01","S02",NA,378,NA,NA,229,2380292,"S08.metabat2.4"
"S01","S03",NA,1,NA,NA,1,1446701,"S08.metabat2.4"
"S01","S06",NA,419,NA,NA,359,2089616,"S08.metabat2.4"
"S01","S12",NA,1,NA,NA,1,1629560,"S08.metabat2.4"
"S01","S14",NA,420,NA,NA,270,1566002,"S08.metabat2.4"
"S01","S15",NA,3,NA,NA,2,1554935,"S08.metabat2.4"
"S01","S16",NA,393,NA,NA,315,2252396,"S08.metabat2.4"
"S01","S19",NA,386,NA,NA,277,1438902,"S08.metabat2.4"
"S01","S20",NA,401,NA,NA,250,2360295,"S08.metabat2.4"
"S01","S22",NA,408,NA,NA,329,1635650,"S08.metabat2.4"
"S01","S23",NA,428,NA,NA,340,2440376,"S08.metabat2.4"
"S02","S03",NA,4,NA,NA,3,1161409,"S08.metabat2.4"
"S02","S05",NA,415,NA,NA,306,1266579,"S08.metabat2.4"
"S02","S07",NA,391,NA,NA,279,2461425,"S08.metabat2.4"
"S02","S08",NA,375,NA,NA,236,2207519,"S08.metabat2.4"
"S02","S09",NA,446,NA,NA,298,1900364,"S08.metabat2.4"
"S02","S10",NA,404,NA,NA,281,1022495,"S08.metabat2.4"
"S02","S11",NA,375,NA,NA,307,1824601,"S08.metabat2.4"
"S02","S14",NA,381,NA,NA,277,2486747,"S08.metabat2.4"
"S02","S15",NA,5,NA,NA,4,1306319,"S08.metabat2.4"
"S02","S16",NA,390,NA,NA,236,1712494,"S08.metabat2.4"
"S02","S19",NA,407,NA,NA,249,2149980,"S08.metabat2.4"
"S02","S20",NA,401,NA,NA,268,1997067,"S08.metabat2.4"
"S02","S21",NA,423,NA,NA,359,1878401,"S08.metabat2.4"
"S02","S23",NA,417,NA,NA,261,2023969,"S08.metabat2.4"
"S02","S24",NA,4,NA,NA,3,1850378,"S08.metabat2.4"
"S03","S04",NA,399,NA,NA,303,2191735,"S08.metabat2.4"
"S03","S07",NA,401,NA,NA,314,1781084,"S08.metabat2.4"
"S03","S08",NA,395,NA,NA,277,1366767,"S08.metabat2.4"
"S03","S09",NA,376,NA,NA,315,1840290,"S08.metabat2.4"
"S03","S10",NA,409,NA,NA,340,1036444,"S08.metabat2.4"
"S03","S12",NA,384,NA,NA,231,1223984,"S08.metabat2.4"
"S03","S13",NA,3,NA,NA,2,1389224,"S08.metabat2.4"
"S03","S14",NA,4,NA,NA,3,1731427,"S08.metabat2.4"
"S03","S15",NA,3,NA,NA,2,1606793,"S08.metabat2.4"
"S03","S19",NA,423,NA,NA,284,1432613,"S08.metabat2.4"
"S03","S22",NA,425,NA,NA,280,1756864,"S08.metabat2.4"
"S03","S24",NA,409,NA,NA,299,1756485,"S08.metabat2.4"
"S04","S05",NA,4,NA,NA,3,1255784,"S08.metabat2.4"
"S04","S08",NA,416,NA,NA,259,2357215,"S08.metabat2.4"
"S04","S10",NA,418,NA,NA,286,1401523,"S08.metabat2.4"
"S04","S12",NA,364,NA,NA,248,1478994,"S08.metabat2.4"
"S04","S13",NA,425,NA,NA,340,1786288,"S08.metabat2.4"
"S04","S14",NA,401,NA,NA,303,1375234,"S08.metabat2.4"
"S04","S17",NA,3,NA,NA,3,1424958,"S08.metabat2.4"
"S04","S18",NA,3,NA,NA,2,1943102,"S08.metabat2.4"
"S04","S20",NA,384,NA,NA,335,2234396,"S08.metabat2.4"
"S04","S21",NA,424,NA,NA,280,1593478,"S08.metabat2.4"
"S04","S22",NA,381,NA,NA,279,1586378,"S08.metabat2.4"
"S05","S06",NA,4,NA,NA,3,1570162,"S08.metabat2.4"
"S05","S07",NA,382,NA,NA,308,1902175,"S08.metabat2.4"
"S05","S11",NA,389,NA,NA,294,1937537,"S08.metabat2.4"
"S05","S12",NA,363,NA,NA,221,1584269,"S08.metabat2.4"
"S05","S16",NA,422,NA,NA,329,2291249,"S08.metabat2.4"
"S05","S17",NA,4,NA,NA,3,1224863,"S08.metabat2.4"
"S05","S19",NA,409,NA,NA,308,2118727,"S08.metabat2.4"
"S05","S20",NA,432,NA,NA,273,1626451,"S08.metabat2.4"
"S05","S22",NA,417,NA,NA,358,1072839,"S08.metabat2.4"
"S06","S07",NA,411,NA,NA,351,2010685,"S08.metabat2.4"
"S06","S08",NA,4,NA,NA,2,2189780,"S08.metabat2.4"
"S06","S10",NA,390,NA,NA,287,2251876,"S08.metabat2.4"
"S06","S11",NA,403,NA,NA,351,1754929,"S08.metabat2.4"
"S06","S14",NA,399,NA,NA,307,1490532,"S08.metabat2.4"
"S06","S17",NA,4,NA,NA,4,1397119,"S08.metabat2.4"
"S06","S18",NA,1,NA,NA,1,1196712,"S08.metabat2.4"
"S06","S21",NA,413,NA,NA,365,1920166,"S08.metabat2.4"
"S06","S22",NA,356,NA,NA,319,2230899,"S08.metabat2.4"
"S06","S23",NA,406,NA,NA,244,1185939,"S08.metabat2.4"
"S06","S24",NA,409,NA,NA,364,1790946,"S08.metabat2.4"
"S07","S10",NA,369,NA,NA,233,1202157,"S08.metabat2.4"
"S07","S11",NA,392,NA,NA,298,2104878,"S08.metabat2.4"
"S07","S12",NA,395,NA,NA,263,1187544,"S08.metabat2.4"
"S07","S13",NA,409,NA,NA,256,2368849,"S08.metabat2.4"
"S07","S15",NA,375,NA,NA,305,1454667,"S08.metabat2.4"
"S07","S17",NA,395,NA,NA,302,1280137,"S08.metabat2.4"
"S07","S20",NA,5,NA,NA,4,2101931,"S08.metabat2.4"
"S07","S22",NA,405,NA,NA,327,1941480,"S08.metabat2.4"
"S07","S23",NA,2,NA,NA,2,1514932,"S08.metabat2.4"
"S07","S24",NA,377,NA,NA,232,2167835,"S08.metabat2.4"
"S08","S09",NA,2,NA,NA,2,2476676,"S08.metabat2.4"
"S08","S13",NA,409,NA,NA,266,1286812,"S08.metabat2.4"
"S08","S18",NA,2,NA,NA,2,1799735,"S08.metabat2.4"
"S08","S19",NA,2,NA,NA,2,2265333,"S08.metabat2.4"
"S08","S21",NA,3,NA,NA,2,2136119,"S08.metabat2.4"
"S08","S23",NA,415,NA,NA,251,1558398,"S08.metabat2.4"
"S08","S24",NA,376,NA,NA,246,1338831,"S08.metabat2.4"
"S09","S10",NA,413,NA,NA,260,1860963,"S08.metabat2.4"
"S09","S13",NA,454,NA,NA,361,1261508,"S08.metabat2.4"
"S09","S14",NA,417,NA,NA,280,2089180,"S08.metabat2.4"
"S09","S17",NA,378,NA,NA,295,1329752,"S08.metabat2.4"
"S09","S18",NA,381,NA,NA,282,1590191,"S08.metabat2.4"
"S09","S19",NA,385,NA,NA,247,1548094,"S08.metabat2.4"
"S09","S20",NA,364,NA,NA,219,1043562,"S08.metabat2.4"
"S09","S23",NA,391,NA,NA,280,1304866,"S08.metabat2.4"
"S10","S12",NA,5,NA,NA,3,1732363,"S08.metabat2.4"
"S10","S13",NA,404,NA,NA,250,2127432,"S08.metabat2.4"
"S10","S14",NA,375,NA,NA,244,2281448,"S08.metabat2.4"
"S10","S15",NA,393,NA,NA,257,2002341,"S08.metabat2.4"
"S10","S17",NA,414,NA,NA,314,1540517,"S08.metabat2.4"
"S10","S18",NA,431,NA,NA,290,1731251,"S08.metabat2.4"
"S10","S21",NA,386,NA,NA,244,1750996,"S08.metabat2.4"
"S10","S22",NA,3,NA,NA,3,1110914,"S08.metabat2.4"
"S11","S12",NA,2,NA,NA,2,1653288,"S08.metabat2.4"
"S11","S17",NA,6,NA,NA,4,1109787,"S08.metabat2.4"
"S11","S19",NA,412,NA,NA,321,2334414,"S08.metabat2.4"
"S11","S20",NA,441,NA,NA,363,1562369,"S08.metabat2.4"
"S11","S21",NA,410,NA,NA,324,1735343,"S08.metabat2.4"
"S11","S22",NA,394,NA,NA,332,1239725,"S08.metabat2.4"
"S11","S23",NA,2,NA,NA,1,2400602,"S08.metabat2.4"
"S11","S24",NA,415,NA,NA,291,1931913,"S08.metabat2.4"
"S12","S13",NA,438,NA,NA,377,2049314,"S08.metabat2.4"
"S12","S14",NA,417,NA,NA,278,1703588,"S08.metabat2.4"
"S12","S18",NA,416,NA,NA,279,1156515,"S08.metabat2.4"
"S12","S19",NA,403,NA,NA,314,2073886,"S08.metabat2.4"
"S12","S21",NA,407,NA,NA,251,1683450,"S08.metabat2.4"
"S12","S22",NA,2,NA,NA,1,2193433,"S08.metabat2.4"
"S13","S14",NA,4,NA,NA,2,2223587,"S08.metabat2.4"
"S13","S15",NA,407,NA,NA,315,1233276,"S08.metabat2.4"
"S13","S16",NA,395,NA,NA,351,1336886,"S08.metabat2.4"
"S13","S18",NA,397,NA,NA,292,1163620,"S08.metabat2.4"
"S13","S20",NA,429,NA,NA,348,1425793,"S08.metabat2.4"
"S13","S22",NA,462,NA,NA,383,1865401,"S08.metabat2.4"
"S13","S23",NA,366,NA,NA,269,1999927,"S08.metabat2.4"
"S14","S15",NA,6,NA,NA,5,2398251,"S08.metabat2.4"
"S14","S16",NA,413,NA,NA,333,1598135,"S08.metabat2.4"
"S14","S17",NA,446,NA,NA,282,2245677,"S08.metabat2.4"
"S14","S18",NA,370,NA,NA,325,2351487,"S08.metabat2.4"
"S14","S19",NA,413,NA,NA,323,2380957,"S08.metabat2.4"
"S14","S20",NA,389,NA,NA,250,1992012,"S08.metabat2.4"
"S14","S22",NA,401,NA,NA,282,1397619,"S08.metabat2.4"
"S14","S23",NA,399,NA,NA,264,1545832,"S08.metabat2.4"
"S14","S24",NA,412,NA,NA,306,2017779,"S08.metabat2.4"
"S15","S18",NA,413,NA,NA,269,2485414,"S08.metabat2.4"
"S15","S19",NA,410,NA,NA,276,1985006,"S08.metabat2.4"
"S15","S20",NA,432,NA,NA,288,2431320,"S08.metabat2.4"
"S15","S21",NA,406,NA,NA,321,1190165,"S08.metabat2.4"
"S15","S22",NA,380,NA,NA,268,1680201,"S08.metabat2.4"
"S15","S23",NA,378,NA,NA,290,1752001,"S08.metabat2.4"
"S15","S24",NA,2,NA,NA,2,1023777,"S08.metabat2.4"
"S16","S18",NA,415,NA,NA,350,1881770,"S08.metabat2.4"
"S16","S20",NA,396,NA,NA,324,2446299,"S08.metabat2.4"
"S16","S21",NA,363,NA,NA,259,2404318,"S08.metabat2.4"
"S16","S23",NA,401,NA,NA,271,2093646,"S08.metabat2.4"
"S16","S24",NA,1,NA,NA,1,1020968,"S08.metabat2.4"
"S17","S19",NA,412,NA,NA,355,1535322,"S08.metabat2.4"
"S17","S20",NA,398,NA,NA,272,1173698,"S08.metabat2.4"
"S17","S21",NA,402,NA,NA,276,1472180,"S08.metabat2.4"
"S17","S22",NA,445,NA,NA,383,1275801,"S08.metabat2.4"
"S17","S23",NA,363,NA,NA,266,1756674,"S08.metabat2.4"
"S17","S24",NA,383,NA,NA,277,2175588,"S08.metabat2.4"
"S18","S19",NA,409,NA,NA,272,2053429,"S08.metabat2.4"
"S18","S22",NA,424,NA,NA,282,2003109,"S08.metabat2.4"
"S19","S21",NA,4,NA,NA,3,1144463,"S08.metabat2.4"
"S19","S23",NA,405,NA,NA,345,1254999,"S08.metabat2.4"
"S20","S21",NA,361,NA,NA,258,1544060,"S08.metabat2.4"
"S20","S22",NA,412,NA,NA,288,1955363,"S08.metabat2.4"
"S20","S23",NA,409,NA,NA,279,2181137,"S08.metabat2.4"
"S23","S24",NA,415,NA,NA,324,1056537,"S08.metabat2.4"
"S01","S02",NA,425,NA,NA,282,1761703,"S20.metabat2.5"
"S01","S03",NA,412,NA,NA,272,1283733,"S20.metabat2.5"
"S01","S04",NA,414,NA,NA,347,2272018,"S20.metabat2.5"
"S01","S05",NA,415,NA,NA,256,2263280,"S20.metabat2.5"
"S01","S06",NA,407,NA,NA,321,2071529,"S20.metabat2.5"
"S01","S07",NA,401,NA,NA,271,1067681,"S20.metabat2.5"
"S01","S09",NA,410,NA,NA,341,2041005,"S20.metabat2.5"
"S01","S11",NA,457,NA,NA,298,2401326,"S20.metabat2.5"
"S01","S16",NA,405,NA,NA,340,2212801,"S20.metabat2.5"
"S01","S17",NA,398,NA,NA,276,1517676,"S20.metabat2.5"
"S01","S18",NA,378,NA,NA,301,1424609,"S20.metabat2.5"
"S01","S19",NA,365,NA,NA,235,1097002,"S20.metabat2.5"
"S01","S20",NA,408,NA,NA,337,2046240,"S20.metabat2.5"
"S01","S21",NA,395,NA,NA,274,1718755,"S20.metabat2.5"
"S01","S22",NA,402,NA,NA,298,1775968,"S20.metabat2.5"
"S01","S23",NA,386,NA,NA,294,2177703,"S20.metabat2.5"
"S01","S24",NA,402,NA,NA,360,2367822,"S20.metabat2.5"
"S02","S03",NA,409,NA,NA,260,1974918,"S20.metabat2.5"
"S02","S04",NA,352,NA,NA,249,1044198,"S20.metabat2.5"
"S02","S06",NA,385,NA,NA,345,1241148,"S20.metabat2.5"
"S02","S07",NA,401,NA,NA,297,2278706,"S20.metabat2.5"
"S02","S08",NA,411,NA,NA,269,1124081,"S20.metabat2.5"
"S02","S09",NA,406,NA,NA,357,1402260,"S20.metabat2.5"
"S02","S10",NA,413,NA,NA,369,1140658,"S20.metabat2.5"
"S02","S11",NA,377,NA,NA,286,1242110,"S20.metabat2.5"
"S02","S12",NA,381,NA,NA,335,1299099,"S20.metabat2.5"
"S02","S14",NA,4,NA,NA,3,1010916,"S20.metabat2.5"
"S02","S16",NA,389,NA,NA,261,2348610,"S20.metabat2.5"
"S02","S17",NA,377,NA,NA,315,1294366,"S20.metabat2.5"
"S02","S18",NA,363,NA,NA,230,2255083,"S20.metabat2.5"
"S02","S19",NA,398,NA,NA,353,1628357,"S20.metabat2.5"
"S02","S21",NA,391,NA,NA,320,2407389,"S20.metabat2.5"
"S02","S22",NA,417,NA,NA,294,2495955,"S20.metabat2.5"
"S02","S23",NA,418,NA,NA,314,1829865,"S20.metabat2.5"
"S02","S24",NA,425,NA,NA,342,1502231,"S20.metabat2.5"
"S03","S06",NA,402,NA,NA,291,1572608,"S20.metabat2.5"
"S03","S07",NA,382,NA,NA,262,1217519,"S20.metabat2.5"
"S03","S10",NA,378,NA,NA,281,1078312,"S20.metabat2.5"
"S03","S11",NA,427,NA,NA,375,1046751,"S20.metabat2.5"
"S03","S12",NA,6,NA,NA,4,1834827,"S20.metabat2.5"
"S03","S13",NA,384,NA,NA,286,1656361,"S20.metabat2.5"
"S03","S14",NA,390,NA,NA,255,1045227,"S20.metabat2.5"
"S03","S19",NA,423,NA,NA,345,1839211,"S20.metabat2.5"
"S03","S20",NA,425,NA,NA,302,1893953,"S20.metabat2.5"
"S03","S22",NA,386,NA,NA,275,2134532,"S20.metabat2.5"
"S03","S23",NA,398,NA,NA,308,2148266,"S20.metabat2.5"
"S03","S24",NA,373,NA,NA,285,1318105,"S20.metabat2.5"
"S04","S06",NA,2,NA,NA,1,2361825,"S20.metabat2.5"
"S04","S07",NA,3,NA,NA,3,1964621,"S20.metabat2.5"
"S04","S08",NA,435,NA,NA,377,1049562,"S20.metabat2.5"
"S04","S09",NA,7,NA,NA,5,1274511,"S20.metabat2.5"
"S04","S11",NA,411,NA,NA,299,2020751,"S20.metabat2.5"
"S04","S12",NA,395,NA,NA,304,1215402,"S20.metabat2.5"
"S04","S13",NA,410,NA,NA,252,1764102,"S20.metabat2.5"
"S04","S17",NA,0,NA,NA,0,2175993,"S20.metabat2.5"
"S04","S18",NA,2,NA,NA,2,2364547,"S20.metabat2.5"
"S04","S20",NA,414,NA,NA,252,1329585,"S20.metabat2.5"
"S04","S22",NA,406,NA,NA,363,1368401,"S20.metabat2.5"
"S04","S23",NA,385,NA,NA,336,1292648,"S20.metabat2.5"
"S04","S24",NA,397,NA,NA,288,2313659,"S20.metabat2.5"
"S05","S07",NA,414,NA,NA,249,1430483,"S20.metabat2.5"
"S05","S09",NA,377,NA,NA,314,2018462,"S20.metabat2.5"
"S05","S13",NA,408,NA,NA,271,2106166,"S20.metabat2.5"
"S05","S15",NA,403,NA,NA,323,1745271,"S20.metabat2.5"
"S05","S17",NA,5,NA,NA,4,1752000,"S20.metabat2.5"
"S05","S18",NA,1,NA,NA,1,2268949,"S20.metabat2.5"
"S05","S21",NA,439,NA,NA,368,2089408,"S20.metabat2.5"
"S05","S22",NA,384,NA,NA,302,2080655,"S20.metabat2.5"
"S05","S23",NA,378,NA,NA,299,1635322,"S20.metabat2.5"
"S06","S09",NA,416,NA,NA,282,2148969,"S20.metabat2.5"
"S06","S10",NA,394,NA,NA,291,2235251,"S20.metabat2.5"
"S06","S11",NA,423,NA,NA,307,1243994,"S20.metabat2.5"
"S06","S12",NA,458,NA,NA,311,2343776,"S20.metabat2.5"
"S06","S13",NA,394,NA,NA,352,1258511,"S20.metabat2.5"
"S06","S14",NA,386,NA,NA,251,2231438,"S20.metabat2.5"
"S06","S15",NA,374,NA,NA,256,1161298,"S20.metabat2.5"
"S06","S16",NA,3,NA,NA,2,1076754,"S20.metabat2.5"
"S06","S18",NA,399,NA,NA,303,2421385,"S20.metabat2.5"
"S06","S19",NA,414,NA,NA,268,1823591,"S20.metabat2.5"
"S06","S20",NA,418,NA,NA,375,2308133,"S20.metabat2.5"
"S06","S21",NA,413,NA,NA,312,1475815,"S20.metabat2.5"
"S06","S24",NA,399,NA,NA,262,1992646,"S20.metabat2.5"
"S07","S09",NA,5,NA,NA,4,1150937,"S20.metabat2.5"
"S07","S11",NA,381,NA,NA,276,2214049,"S20.metabat2.5"
"S07","S13",NA,419,NA,NA,258,2099295,"S20.metabat2.5"
"S07","S14",NA,391,NA,NA,255,1157728,"S20.metabat2.5"
"S07","S15",NA,426,NA,NA,328,1302141,"S20.metabat2.5"
"S07","S17",NA,402,NA,NA,294,1764945,"S20.metabat2.5"
"S07","S18",NA,3,NA,NA,2,2474788,"S20.metabat2.5"
"S07","S19",NA,5,NA,NA,4,2422855,"S20.metabat2.5"
"S07","S20",NA,3,NA,NA,2,1872181,"S20.metabat2.5"
"S07","S21",NA,3,NA,NA,2,1097469,"S20.metabat2.5"
"S07","S22",NA,361,NA,NA,322,2334446,"S20.metabat2.5"
"S07","S24",NA,380,NA,NA,317,2058940,"S20.metabat2.5"
"S08","S09",NA,2,NA,NA,1,2182703,"S20.metabat2.5"
"S08","S10",NA,413,NA,NA,287,1763301,"S20.metabat2.5"
"S08","S11",NA,427,NA,NA,281,1052249,"S20.metabat2.5"
"S08","S12",NA,401,NA,NA,260,2047724,"S20.metabat2.5"
"S08","S13",NA,403,NA,NA,325,1920381,"S20.metabat2.5"
"S08","S14",NA,377,NA,NA,237,1765241,"S20.metabat2.5"
"S08","S16",NA,383,NA,NA,250,1368739,"S20.metabat2.5"
"S08","S17",NA,379,NA,NA,314,2051170,"S20.metabat2.5"
"S08","S18",NA,425,NA,NA,332,1434645,"S20.metabat2.5"
"S08","S21",NA,384,NA,NA,261,1890684,"S20.metabat2.5"
"S08","S22",NA,365,NA,NA,261,1359517,"S20.metabat2.5"
"S08","S23",NA,399,NA,NA,288,1597497,"S20.metabat2.5"
"S08","S24",NA,422,NA,NA,257,1049974,"S20.metabat2.5"
"S09","S12",NA,427,NA,NA,285,1159182,"S20.metabat2.5"
"S09","S14",NA,415,NA,NA,353,2027590,"S20.metabat2.5"
"S09","S15",NA,446,NA,NA,326,1852133,"S20.metabat2.5"
"S09","S17",NA,377,NA,NA,336,1194414,"S20.metabat2.5"
"S09","S18",NA,417,NA,NA,339,2356290,"S20.metabat2.5"
"S09","S19",NA,380,NA,NA,253,1120017,"S20.metabat2.5"
"S09","S20",NA,7,NA,NA,5,2015304,"S20.metabat2.5"
"S09","S21",NA,425,NA,NA,296,2281791,"S20.metabat2.5"
"S10","S11",NA,3,NA,NA,2,2153095,"S20.metabat2.5"
"S10","S13",NA,385,NA,NA,277,1671711,"S20.metabat2.5"
"S10","S17",NA,407,NA,NA,358,1703588,"S20.metabat2.5"
"S10","S18",NA,424,NA,NA,342,1998893,"S20.metabat2.5"
"S10","S20",NA,420,NA,NA,313,2088145,"S20.metabat2.5"
"S10","S23",NA,2,NA,NA,1,2075241,"S20.metabat2.5"
"S11","S12",NA,4,NA,NA,3,2428596,"S20.metabat2.5"
"S11","S13",NA,421,NA,NA,318,1212341,"S20.metabat2.5"
"S11","S15",NA,380,NA,NA,251,2121583,"S20.metabat2.5"
"S11","S16",NA,1,NA,NA,1,1535781,"S20.metabat2.5"
"S11","S18",NA,392,NA,NA,338,1430682,"S20.metabat2.5"
"S11","S19",NA,378,NA,NA,272,2228612,"S20.metabat2.5"
"S11","S20",NA,374,NA,NA,240,1424564,"S20.metabat2.5"
"S11","S21",NA,401,NA,NA,333,1356787,"S20.metabat2.5"
"S11","S22",NA,2,NA,NA,1,2376780,"S20.metabat2.5"
"S11","S23",NA,396,NA,NA,353,1916665,"S20.metabat2.5"
"S12","S13",NA,375,NA,NA,321,1528760,"S20.metabat2.5"
"S12","S14",NA,380,NA,NA,246,1293091,"S20.metabat2.5"
"S12","S15",NA,1,NA,NA,1,1751261,"S20.metabat2.5"
"S12","S16",NA,403,NA,NA,300,2357339,"S20.metabat2.5"
"S12","S18",NA,397,NA,NA,326,2338547,"S20.metabat2.5"
"S12","S19",NA,391,NA,NA,306,1779853,"S20.metabat2.5"
"S12","S20",NA,402,NA,NA,326,1954502,"S20.metabat2.5"
"S12","S21",NA,425,NA,NA,308,1907416,"S20.metabat2.5"
"S12","S22",NA,2,NA,NA,1,2010198,"S20.metabat2.5"
"S12","S24",NA,403,NA,NA,334,1192432,"S20.metabat2.5"
"S13","S14",NA,407,NA,NA,322,1885308,"S20.metabat2.5"
"S13","S15",NA,3,NA,NA,3,2124138,"S20.metabat2.5"
"S13","S16",NA,383,NA,NA,303,1886823,"S20.metabat2.5"
"S13","S17",NA,384,NA,NA,271,1436306,"S20.metabat2.5"
"S13","S18",NA,4,NA,NA,3,2155347,"S20.metabat2.5"
"S13","S19",NA,394,NA,NA,328,2160649,"S20.metabat2.5"
"S13","S20",NA,392,NA,NA,311,2009135,"S20.metabat2.5"
"S13","S23",NA,387,NA,NA,298,2358944,"S20.metabat2.5"
"S14","S15",NA,5,NA,NA,4,1468823,"S20.metabat2.5"
"S14","S18",NA,421,NA,NA,260,1724517,"S20.metabat2.5"
"S14","S20",NA,417,NA,NA,281,1989661,"S20.metabat2.5"
"S14","S23",NA,408,NA,NA,345,2272556,"S20.metabat2.5"
"S15","S17",NA,378,NA,NA,258,2485532,"S20.metabat2.5"
"S15","S18",NA,417,NA,NA,355,2335811,"S20.metabat2.5"
"S15","S19",NA,392,NA,NA,244,2246101,"S20.metabat2.5"
"S15","S21",NA,362,NA,NA,255,1480584,"S20.metabat2.5"
"S15","S24",NA,392,NA,NA,250,1686866,"S20.metabat2.5"
"S16","S17",NA,3,NA,NA,2,2363536,"S20.metabat2.5"
"S16","S18",NA,391,NA,NA,347,1507265,"S20.metabat2.5"
"S16","S19",NA,364,NA,NA,281,2190925,"S20.metabat2.5"
"S16","S20",NA,395,NA,NA,246,1690969,"S20.metabat2.5"
"S16","S21",NA,3,NA,NA,2,1089131,"S20.metabat2.5"
"S16","S23",NA,445,NA,NA,335,2458520,"S20.metabat2.5"
"S17","S19",NA,416,NA,NA,258,2089061,"S20.metabat2.5"
"S17","S20",NA,407,NA,NA,363,1144423,"S20.metabat2.5"
"S17","S22",NA,407,NA,NA,330,1896521,"S20.metabat2.5"
"S18","S19",NA,384,NA,NA,258,2026332,"S20.metabat2.5"
"S18","S20",NA,404,NA,NA,319,2435340,"S20.metabat2.5"
"S18","S22",NA,373,NA,NA,329,1746840,"S20.metabat2.5"
"S18","S23",NA,400,NA,NA,348,1289305,"S20.metabat2.5"
"S18","S24",NA,360,NA,NA,313,1285146,"S20.metabat2.5"
"S19","S23",NA,416,NA,NA,304,1317703,"S20.metabat2.5"
"S20","S23",NA,437,NA,NA,308,2395272,"S20.metabat2.5"
"S20","S24",NA,384,NA,NA,297,1059391,"S20.metabat2.5"
"S21","S22",NA,396,NA,NA,302,1082818,"S20.metabat2.5"
"S21","S23",NA,407,NA,NA,265,2042739,"S20.metabat2.5"
"S21","S24",NA,387,NA,NA,315,1042877,"S20.metabat2.5"
"S22","S23",NA,3,NA,NA,2,1011482,"S20.metabat2.5"
"S22","S24",NA,0,NA,NA,0,1734587,"S20.metabat2.5"
"S23","S24",NA,3,NA,NA,2,1857668,"S20.metabat2.5"
"S01","S02",NA,4,NA,NA,3,1787824,"S10.metabat2.6"
"S01","S05",NA,402,NA,NA,340,1094558,"S10.metabat2.6"
"S01","S06",NA,378,NA,NA,264,1736468,"S10.metabat2.6"
"S01","S07",NA,440,NA,NA,269,2078989,"S10.metabat2.6"
"S01","S08",NA,402,NA,NA,305,1241444,"S10.metabat2.6"
"S01","S09",NA,408,NA,NA,318,1579011,"S10.metabat2.6"
"S01","S13",NA,2,NA,NA,1,1471080,"S10.metabat2.6"
"S01","S14",NA,363,NA,NA,281,2043088,"S10.metabat2.6"
"S01","S15",NA,6,NA,NA,5,1792508,"S10.metabat2.6"
"S01","S16",NA,439,NA,NA,310,1242275,"S10.metabat2.6"
"S01","S17",NA,422,NA,NA,277,1079955,"S10.metabat2.6"
"S01","S18",NA,4,NA,NA,3,1223434,"S10.metabat2.6"
"S01","S19",NA,424,NA,NA,336,2098378,"S10.metabat2.6"
"S01","S21",NA,387,NA,NA,328,1991211,"S10.metabat2.6"
"S01","S24",NA,407,NA,NA,266,2274916,"S10.metabat2.6"
"S02","S05",NA,428,NA,NA,355,1229698,"S10.metabat2.6"
"S02","S08",NA,415,NA,NA,267,1696514,"S10.metabat2.6"
"S02","S09",NA,395,NA,NA,272,2477716,"S10.metabat2.6"
"S02","S15",NA,1,NA,NA,1,1509786,"S10.metabat2.6"
"S02","S19",NA,377,NA,NA,297,1565643,"S10.metabat2.6"
"S02","S20",NA,385,NA,NA,323,1603600,"S10.metabat2.6"
"S02","S22",NA,403,NA,NA,246,1528547,"S10.metabat2.6"
"S02","S23",NA,397,NA,NA,250,2176359,"S10.metabat2.6"
"S03","S05",NA,374,NA,NA,268,2302128,"S10.metabat2.6"
"S03","S06",NA,419,NA,NA,370,1680721,"S10.metabat2.6"
"S03","S10",NA,397,NA,NA,272,2310016,"S10.metabat2.6"
"S03","S11",NA,425,NA,NA,293,2483845,"S10.metabat2.6"
"S03","S16",NA,406,NA,NA,299,1884184,"S10.metabat2.6"
"S03","S18",NA,381,NA,NA,241,1911871,"S10.metabat2.6"
"S03","S19",NA,402,NA,NA,284,1622699,"S10.metabat2.6"
"S03","S20",NA,380,NA,NA,232,1975404,"S10.metabat2.6"
"S03","S21",NA,359,NA,NA,322,2422798,"S10.metabat2.6"
"S04","S06",NA,1,NA,NA,1,1211486,"S10.metabat2.6"
"S04","S07",NA,368,NA,NA,302,2091222,"S10.metabat2.6"
"S04","S08",NA,396,NA,NA,262,1124211,"S10.metabat2.6"
"S04","S10",NA,392,NA,NA,315,2306132,"S10.metabat2.6"
"S04","S11",NA,403,NA,NA,251,2070736,"S10.metabat2.6"
"S04","S12",NA,382,NA,NA,240,1885115,"S10.metabat2.6"
"S04","S13",NA,423,NA,NA,266,2160571,"S10.metabat2.6"
"S04","S14",NA,416,NA,NA,358,1354942,"S10.metabat2.6"
"S04","S15",NA,378,NA,NA,292,1898672,"S10.metabat2.6"
"S04","S17",NA,0,NA,NA,0,2317414,"S10.metabat2.6"
"S04","S18",NA,2,NA,NA,1,1879755,"S10.metabat2.6"
"S04","S19",NA,433,NA,NA,381,1329798,"S10.metabat2.6"
"S04","S21",NA,386,NA,NA,270,1175931,"S10.metabat2.6"
"S04","S23",NA,391,NA,NA,288,2234790,"S10.metabat2.6"
"S05","S06",NA,1,NA,NA,1,1511845,"S10.metabat2.6"
"S05","S08",NA,395,NA,NA,239,1929280,"S10.metabat2.6"
"S05","S09",NA,396,NA,NA,323,1814611,"S10.metabat2.6"
"S05","S10",NA,377,NA,NA,291,1801037,"S10.metabat2.6"
"S05","S15",NA,418,NA,NA,312,1875595,"S10.metabat2.6"
"S05","S16",NA,423,NA,NA,377,2021921,"S10.metabat2.6"
"S05","S19",NA,406,NA,NA,327,2485825,"S10.metabat2.6"
"S05","S21",NA,394,NA,NA,252,2150550,"S10.metabat2.6"
"S05","S22",NA,393,NA,NA,269,1006639,"S10.metabat2.6"
"S05","S23",NA,380,NA,NA,272,2062274,"S10.metabat2.6"
"S06","S07",NA,417,NA,NA,368,2278375,"S10.metabat2.6"
"S06","S08",NA,377,NA,NA,273,1008865,"S10.metabat2.6"
"S06","S09",NA,365,NA,NA,311,1597959,"S10.metabat2.6"
"S06","S10",NA,430,NA,NA,367,1150762,"S10.metabat2.6"
"S06","S11",NA,408,NA,NA,275,2418677,"S10.metabat2.6"
"S06","S12",NA,426,NA,NA,334,1493438,"S10.metabat2.6"
"S06","S14",NA,413,NA,NA,285,2272907,"S10.metabat2.6"
"S06","S15",NA,425,NA,NA,275,1998373,"S10.metabat2.6"
"S06","S16",NA,3,NA,NA,2,1720519,"S10.metabat2.6"
"S06","S17",NA,4,NA,NA,3,1746808,"S10.metabat2.6"
"S06","S20",NA,410,NA,NA,264,2492303,"S10.metabat2.6"
"S06","S22",NA,398,NA,NA,297,2001557,"S10.metabat2.6"
"S07","S08",NA,5,NA,NA,3,2222462,"S10.metabat2.6"
"S07","S09",NA,428,NA,NA,282,1073567,"S10.metabat2.6"
"S07","S10",NA,451,NA,NA,353,1199816,"S10.metabat2.6"
"S07","S11",NA,396,NA,NA,351,2292649,"S10.metabat2.6"
"S07","S12",NA,394,NA,NA,281,1361097,"S10.metabat2.6"
"S07","S13",NA,396,NA,NA,250,1399607,"S10.metabat2.6"
"S07","S17",NA,420,NA,NA,358,1541971,"S10.metabat2.6"
"S07","S19",NA,3,NA,NA,2,1752291,"S10.metabat2.6"
"S07","S21",NA,2,NA,NA,1,1274440,"S10.metabat2.6"
"S07","S22",NA,444,NA,NA,385,1056743,"S10.metabat2.6"
"S07","S23",NA,401,NA,NA,346,1121912,"S10.metabat2.6"
"S07","S24",NA,377,NA,NA,250,1982776,"S10.metabat2.6"
"S08","S09",NA,2,NA,NA,1,1472105,"S10.metabat2.6"
"S08","S10",NA,416,NA,NA,368,1258594,"S10.metabat2.6"
"S08","S11",NA,413,NA,NA,331,1803236,"S10.metabat2.6"
"S08","S12",NA,2,NA,NA,2,1273123,"S10.metabat2.6"
"S08","S13",NA,401,NA,NA,324,2243138,"S10.metabat2.6"
"S08","S14",NA,398,NA,NA,330,1766464,"S10.metabat2.6"
"S08","S16",NA,378,NA,NA,302,1153892,"S10.metabat2.6"
"S08","S17",NA,404,NA,NA,341,1189693,"S10.metabat2.6"
"S08","S18",NA,416,NA,NA,355,1822527,"S10.metabat2.6"
"S08","S19",NA,417,NA,NA,263,2080763,"S10.metabat2.6"
"S08","S20",NA,1,NA,NA,1,2078538,"S10.metabat2.6"
"S08","S21",NA,392,NA,NA,324,1767153,"S10.metabat2.6"
"S08","S22",NA,375,NA,NA,336,2197915,"S10.metabat2.6"
"S08","S24",NA,416,NA,NA,285,2466225,"S10.metabat2.6"
"S09","S11",NA,404,NA,NA,316,1632550,"S10.metabat2.6"
"S09","S15",NA,374,NA,NA,241,2464840,"S10.metabat2.6"
"S09","S16",NA,404,NA,NA,318,2133643,"S10.metabat2.6"
"S09","S18",NA,379,NA,NA,311,1733861,"S10.metabat2.6"
"S09","S19",NA,2,NA,NA,2,1869625,"S10.metabat2.6"
"S09","S22",NA,395,NA,NA,280,1291627,"S10.metabat2.6"
"S10","S11",NA,5,NA,NA,4,1924332,"S10.metabat2.6"
"S10","S13",NA,436,NA,NA,352,2447745,"S10.metabat2.6"
"S10","S14",NA,389,NA,NA,328,1894801,"S10.metabat2.6"
"S10","S15",NA,393,NA,NA,270,1076372,"S10.metabat2.6"
"S10","S16",NA,391,NA,NA,270,1117736,"S10.metabat2.6"
"S10","S17",NA,385,NA,NA,342,2274170,"S10.metabat2.6"
"S10","S18",NA,387,NA,NA,311,1238705,"S10.metabat2.6"
"S10","S19",NA,414,NA,NA,338,1379181,"S10.metabat2.6"
"S10","S21",NA,413,NA,NA,351,1455533,"S10.metabat2.6"
"S10","S22",NA,400,NA,NA,269,2148269,"S10.metabat2.6"
"S10","S23",NA,4,NA,NA,3,2294766,"S10.metabat2.6"
"S10","S24",NA,3,NA,NA,2,2401648,"S10.metabat2.6"
"S11","S13",NA,355,NA,NA,286,1144954,"S10.metabat2.6"
"S11","S14",NA,385,NA,NA,314,1098830,"S10.metabat2.6"
"S11","S15",NA,384,NA,NA,315,1904843,"S10.metabat2.6"
"S11","S19",NA,409,NA,NA,326,1889469,"S10.metabat2.6"
"S11","S22",NA,420,NA,NA,316,2350652,"S10.metabat2.6"
"S12","S13",NA,384,NA,NA,277,1012939,"S10.metabat2.6"
"S12","S15",NA,402,NA,NA,254,1515911,"S10.metabat2.6"
"S12","S16",NA,398,NA,NA,310,1017468,"S10.metabat2.6"
"S12","S17",NA,395,NA,NA,307,2079858,"S10.metabat2.6"
"S12","S19",NA,400,NA,NA,255,1771562,"S10.metabat2.6"
"S12","S21",NA,398,NA,NA,285,1304693,"S10.metabat2.6"
"S12","S22",NA,1,NA,NA,1,1267926,"S10.metabat2.6"
"S13","S14",NA,4,NA,NA,3,2145375,"S10.metabat2.6"
"S13","S15",NA,388,NA,NA,270,2211354,"S10.metabat2.6"
"S13","S16",NA,400,NA,NA,244,2464217,"S10.metabat2.6"
"S13","S17",NA,447,NA,NA,301,1318914,"S10.metabat2.6"
"S13","S18",NA,389,NA,NA,290,2017617,"S10.metabat2.6"
"S13","S19",NA,448,NA,NA,366,1398535,"S10.metabat2.6"
"S13","S22",NA,399,NA,NA,280,1595265,"S10.metabat2.6"
"S13","S23",NA,397,NA,NA,325,1307322,"S10.metabat2.6"
"S13","S24",NA,396,NA,NA,257,1276880,"S10.metabat2.6"
"S14","S17",NA,430,NA,NA,268,1299366,"S10.metabat2.6"
"S14","S18",NA,410,NA,NA,347,1253029,"S10.metabat2.6"
"S14","S19",NA,373,NA,NA,259,1032267,"S10.metabat2.6"
"S14","S21",NA,438,NA,NA,383,1668131,"S10.metabat2.6"
"S14","S22",NA,432,NA,NA,371,1717407,"S10.metabat2.6"
"S14","S23",NA,436,NA,NA,355,1371986,"S10.metabat2.6"
"S14","S24",NA,394,NA,NA,347,1292210,"S10.metabat2.6"
"S15","S17",NA,409,NA,NA,359,1500800,"S10.metabat2.6"
"S15","S18",NA,412,NA,NA,249,1174717,"S10.metabat2.6"
"S15","S20",NA,4,NA,NA,3,2024689,"S10.metabat2.6"
"S15","S21",NA,398,NA,NA,282,1275794,"S10.metabat2.6"
"S15","S24",NA,420,NA,NA,287,1657539,"S10.metabat2.6"
"S16","S17",NA,7,NA,NA,5,1313019,"S10.metabat2.6"
"S16","S19",NA,396,NA,NA,259,2237815,"S10.metabat2.6"
"S16","S20",NA,388,NA,NA,242,2369050,"S10.metabat2.6"
"S16","S21",NA,418,NA,NA,321,1139065,"S10.metabat2.6"
"S16","S23",NA,394,NA,NA,279,1841536,"S10.metabat2.6"
"S17","S18",NA,3,NA,NA,2,2001119,"S10.metabat2.6"
"S17","S20",NA,418,NA,NA,285,1587134,"S10.metabat2.6"
"S17","S21",NA,410,NA,NA,337,1390095,"S10.metabat2.6"
"S17","S23",NA,385,NA,NA,250,1215537,"S10.metabat2.6"
"S17","S24",NA,419,NA,NA,370,1343544,"S10.metabat2.6"
"S18","S19",NA,392,NA,NA,339,1381169,"S10.metabat2.6"
"S18","S21",NA,412,NA,NA,365,1270866,"S10.metabat2.6"
"S18","S22",NA,419,NA,NA,303,1648023,"S10.metabat2.6"
"S18","S23",NA,389,NA,NA,254,1572874,"S10.metabat2.6"
"S19","S21",NA,1,NA,NA,1,1031134,"S10.metabat2.6"
"S19","S23",NA,397,NA,NA,341,1059462,"S10.metabat2.6"
"S19","S24",NA,425,NA,NA,269,1554798,"S10.metabat2.6"
"S20","S21",NA,4,NA,NA,2,1681605,"S10.metabat2.6"
"S20","S22",NA,376,NA,NA,229,2229451,"S10.metabat2.6"
"S20","S23",NA,390,NA,NA,280,1320582,"S10.metabat2.6"
"S21","S22",NA,401,NA,NA,258,1374450,"S10.metabat2.6"
"S21","S23",NA,417,NA,NA,361,2234646,"S10.metabat2.6"
"S21","S24",NA,418,NA,NA,296,1704921,"S10.metabat2.6"
"S22","S23",NA,2,NA,NA,1,1050045,"S10.metabat2.6"
"S23","S24",NA,401,NA,NA,265,1087757,"S10.metabat2.6"
"S01","F01",NA,401,NA,NA,341,1815381,"S22.metabat2.1"
"S01","F03",NA,400,NA,NA,251,1606742,"S22.metabat2.1"
"S01","F05",NA,428,NA,NA,277,2382555,"S22.metabat2.1"
"S01","F07",NA,419,NA,NA,345,1984399,"S22.metabat2.1"
"S01","F08",NA,390,NA,NA,265,1372968,"S22.metabat2.1"
"S01","F10",NA,373,NA,NA,334,1097508,"S22.metabat2.1"
"S02","F02",NA,410,NA,NA,290,1221680,"S22.metabat2.1"
"S02","F04",NA,414,NA,NA,342,1947323,"S22.metabat2.1"
"S02","F05",NA,380,NA,NA,308,1984204,"S22.metabat2.1"
"S02","F06",NA,422,NA,NA,316,2088422,"S22.metabat2.1"
"S02","F07",NA,402,NA,NA,279,1603927,"S22.metabat2.1"
"S02","F10",NA,405,NA,NA,341,2432662,"S22.metabat2.1"
"S02","F11",NA,395,NA,NA,339,1392759,"S22.metabat2.1"
"S02","F12",NA,408,NA,NA,358,1678994,"S22.metabat2.1"
"S02","F13",NA,396,NA,NA,318,1006240,"S22.metabat2.1"
"S02","F14",NA,397,NA,NA,312,1497418,"S22.metabat2.1"
"S03","F02",NA,401,NA,NA,310,1562879,"S22.metabat2.1"
"S03","F06",NA,436,NA,NA,312,1196106,"S22.metabat2.1"
"S03","F07",NA,407,NA,NA,258,1000291,"S22.metabat2.1"
"S03","F08",NA,2,NA,NA,1,1252314,"S22.metabat2.1"
"S03","F10",NA,392,NA,NA,335,2486890,"S22.metabat2.1"
"S03","F11",NA,376,NA,NA,316,2309256,"S22.metabat2.1"
"S04","F01",NA,392,NA,NA,276,2180712,"S22.metabat2.1"
"S04","F08",NA,363,NA,NA,301,2365718,"S22.metabat2.1"
"S04","F09",NA,411,NA,NA,350,1274734,"S22.metabat2.1"
"S04","F10",NA,411,NA,NA,318,2335628,"S22.metabat2.1"
"S04","F11",NA,398,NA,NA,344,2069143,"S22.metabat2.1"
"S04","F13",NA,416,NA,NA,290,1993868,"S22.metabat2.1"
"S04","F15",NA,400,NA,NA,271,1119957,"S22.metabat2.1"
"S04","F16",NA,413,NA,NA,285,1270614,"S22.metabat2.1"
"S05","F05",NA,417,NA,NA,325,1725457,"S22.metabat2.1"
"S05","F08",NA,404,NA,NA,244,2059189,"S22.metabat2.1"
"S05","F09",NA,392,NA,NA,249,2252008,"S22.metabat2.1"
"S05","F10",NA,379,NA,NA,230,1771804,"S22.metabat2.1"
"S05","F12",NA,404,NA,NA,348,1672272,"S22.metabat2.1"
"S05","F15",NA,397,NA,NA,317,1849471,"S22.metabat2.1"
"S06","F03",NA,439,NA,NA,319,1991584,"S22.metabat2.1"
"S06","F05",NA,404,NA,NA,342,2471842,"S22.metabat2.1"
"S06","F06",NA,392,NA,NA,265,2290298,"S22.metabat2.1"
"S06","F08",NA,385,NA,NA,310,2100407,"S22.metabat2.1"
"S06","F09",NA,392,NA,NA,321,1287543,"S22.metabat2.1"
"S06","F11",NA,385,NA,NA,272,1143473,"S22.metabat2.1"
"S06","F15",NA,398,NA,NA,245,1976869,"S22.metabat2.1"
"S07","F04",NA,1,NA,NA,1,1715848,"S22.metabat2.1"
"S07","F05",NA,410,NA,NA,368,1871653,"S22.metabat2.1"
"S07","F09",NA,402,NA,NA,331,1142325,"S22.metabat2.1"
"S07","F10",NA,372,NA,NA,307,1021376,"S22.metabat2.1"
"S07","F14",NA,392,NA,NA,284,2350172,"S22.metabat2.1"
"S07","F15",NA,420,NA,NA,306,1744052,"S22.metabat2.1"
"S08","F02",NA,434,NA,NA,282,2279301,"S22.metabat2.1"
"S08","F03",NA,389,NA,NA,297,1997144,"S22.metabat2.1"
"S08","F04",NA,417,NA,NA,274,2054531,"S22.metabat2.1"
"S08","F05",NA,360,NA,NA,238,1420101,"S22.metabat2.1"
"S08","F07",NA,410,NA,NA,284,2453835,"S22.metabat2.1"
"S08","F08",NA,378,NA,NA,296,2299718,"S22.metabat2.1"
"S08","F10",NA,402,NA,NA,344,1226505,"S22.metabat2.1"
"S08","F12",NA,418,NA,NA,330,2028272,"S22.metabat2.1"
"S08","F13",NA,386,NA,NA,328,1197385,"S22.metabat2.1"
"S08","F16",NA,392,NA,NA,330,1133413,"S22.metabat2.1"
"S09","F01",NA,411,NA,NA,348,1829946,"S22.metabat2.1"
"S09","F08",NA,3,NA,NA,2,1114863,"S22.metabat2.1"
"S09","F10",NA,434,NA,NA,313,1711130,"S22.metabat2.1"
"S09","F15",NA,385,NA,NA,253,1597165,"S22.metabat2.1"
"S09","F16",NA,418,NA,NA,361,2394278,"S22.metabat2.1"
"S10","F02",NA,400,NA,NA,256,2308473,"S22.metabat2.1"
"S10","F04",NA,417,NA,NA,265,1461884,"S22.metabat2.1"
"S10","F06",NA,434,NA,NA,267,1799422,"S22.metabat2.1"
"S10","F08",NA,413,NA,NA,251,2255820,"S22.metabat2.1"
"S10","F09",NA,384,NA,NA,281,2084638,"S22.metabat2.1"
"S10","F10",NA,367,NA,NA,305,1624037,"S22.metabat2.1"
"S10","F11",NA,381,NA,NA,306,1579673,"S22.metabat2.1"
"S10","F13",NA,381,NA,NA,271,1801663,"S22.metabat2.1"
"S11","F02",NA,3,NA,NA,2,1215924,"S22.metabat2.1"
"S11","F03",NA,2,NA,NA,2,1597955,"S22.metabat2.1"
"S11","F05",NA,1,NA,NA,1,1264560,"S22.metabat2.1"
"S11","F06",NA,3,NA,NA,2,1315568,"S22.metabat2.1"
"S11","F08",NA,413,NA,NA,310,2069924,"S22.metabat2.1"
"S11","F10",NA,374,NA,NA,250,1070267,"S22.metabat2.1"
"S11","F11",NA,396,NA,NA,321,1908369,"S22.metabat2.1"
"S11","F12",NA,379,NA,NA,244,1857133,"S22.metabat2.1"
"S11","F13",NA,387,NA,NA,276,2474817,"S22.metabat2.1"
"S11","F15",NA,381,NA,NA,263,1098905,"S22.metabat2.1"
"S12","F01",NA,408,NA,NA,284,1914011,"S22.metabat2.1"
"S12","F04",NA,429,NA,NA,376,1618321,"S22.metabat2.1"
"S12","F05",NA,437,NA,NA,381,2215162,"S22.metabat2.1"
"S12","F09",NA,459,NA,NA,351,1855738,"S22.metabat2.1"
"S12","F10",NA,426,NA,NA,366,1161295,"S22.metabat2.1"
"S12","F11",NA,406,NA,NA,248,1262089,"S22.metabat2.1"
"S12","F12",NA,405,NA,NA,293,2215914,"S22.metabat2.1"
"S12","F13",NA,350,NA,NA,249,1961242,"S22.metabat2.1"
"S12","F16",NA,388,NA,NA,256,1626281,"S22.metabat2.1"
"S13","F06",NA,4,NA,NA,3,1875273,"S22.metabat2.1"
"S13","F07",NA,5,NA,NA,4,2440269,"S22.metabat2.1"
"S13","F09",NA,381,NA,NA,274,1515638,"S22.metabat2.1"
"S13","F10",NA,412,NA,NA,314,1777362,"S22.metabat2.1"
"S13","F14",NA,430,NA,NA,328,2215923,"S22.metabat2.1"
"S13","F15",NA,400,NA,NA,326,1153090,"S22.metabat2.1"
"S14","F01",NA,394,NA,NA,353,1285879,"S22.metabat2.1"
"S14","F02",NA,399,NA,NA,270,1943351,"S22.metabat2.1"
"S14","F03",NA,422,NA,NA,303,1429758,"S22.metabat2.1"
"S14","F06",NA,406,NA,NA,254,1033381,"S22.metabat2.1"
"S14","F07",NA,404,NA,NA,299,2020991,"S22.metabat2.1"
"S14","F08",NA,423,NA,NA,276,2478824,"S22.metabat2.1"
"S14","F09",NA,382,NA,NA,324,1316201,"S22.metabat2.1"
"S14","F10",NA,410,NA,NA,299,1611411,"S22.metabat2.1"
"S14","F11",NA,385,NA,NA,280,1130688,"S22.metabat2.1"
"S14","F12",NA,424,NA,NA,358,1553988,"S22.metabat2.1"
"S14","F13",NA,444,NA,NA,393,2240956,"S22.metabat2.1"
"S14","F14",NA,385,NA,NA,239,1519770,"S22.metabat2.1"
"S14","F16",NA,415,NA,NA,289,1469664,"S22.metabat2.1"
"S15","F03",NA,401,NA,NA,269,1618424,"S22.metabat2.1"
"S15","F06",NA,420,NA,NA,336,1214538,"S22.metabat2.1"
"S15","F07",NA,399,NA,NA,253,1992024,"S22.metabat2.1"
"S15","F08",NA,387,NA,NA,317,1515553,"S22.metabat2.1"
"S15","F09",NA,421,NA,NA,373,2215856,"S22.metabat2.1"
"S15","F11",NA,414,NA,NA,338,1279238,"S22.metabat2.1"
"S15","F14",NA,401,NA,NA,291,1200825,"S22.metabat2.1"
"S15","F15",NA,1,NA,NA,1,1015798,"S22.metabat2.1"
"S15","F16",NA,378,NA,NA,276,1199640,"S22.metabat2.1"
"S16","F01",NA,386,NA,NA,281,1384837,"S22.metabat2.1"
"S16","F03",NA,396,NA,NA,249,2418154,"S22.metabat2.1"
"S16","F08",NA,418,NA,NA,347,1796882,"S22.metabat2.1"
"S16","F09",NA,377,NA,NA,289,1413407,"S22.metabat2.1"
"S16","F11",NA,382,NA,NA,284,2444669,"S22.metabat2.1"
"S16","F15",NA,414,NA,NA,309,1121431,"S22.metabat2.1"
"S16","F16",NA,391,NA,NA,239,1516087,"S22.metabat2.1"
"S17","F02",NA,376,NA,NA,316,1057347,"S22.metabat2.1"
"S17","F03",NA,408,NA,NA,251,2207516,"S22.metabat2.1"
"S17","F04",NA,3,NA,NA,2,1735513,"S22.metabat2.1"
"S17","F05",NA,403,NA,NA,276,2215932,"S22.metabat2.1"
"S17","F06",NA,392,NA,NA,275,1110860,"S22.metabat2.1"
"S17","F07",NA,379,NA,NA,242,1121557,"S22.metabat2.1"
"S17","F10",NA,408,NA,NA,327,1041095,"S22.metabat2.1"
"S17","F12",NA,413,NA,NA,305,1345441,"S22.metabat2.1"
"S17","F14",NA,409,NA,NA,284,1935981,"S22.metabat2.1"
"S17","F15",NA,392,NA,NA,350,2485347,"S22.metabat2.1"
"S17","F16",NA,387,NA,NA,248,1558515,"S22.metabat2.1"
"S18","F02",NA,423,NA,NA,331,1703923,"S22.metabat2.1"
"S18","F04",NA,367,NA,NA,301,1657714,"S22.metabat2.1"
"S18","F06",NA,428,NA,NA,367,2422941,"S22.metabat2.1"
"S18","F13",NA,415,NA,NA,299,1089815,"S22.metabat2.1"
"S18","F14",NA,398,NA,NA,341,1393780,"S22.metabat2.1"
"S19","F03",NA,373,NA,NA,238,2462236,"S22.metabat2.1"
"S19","F06",NA,407,NA,NA,335,1195820,"S22.metabat2.1"
"S19","F08",NA,458,NA,NA,318,2349755,"S22.metabat2.1"
"S19","F13",NA,422,NA,NA,275,2382463,"S22.metabat2.1"
"S19","F14",NA,425,NA,NA,329,1074488,"S22.metabat2.1"
"S20","F02",NA,2,NA,NA,1,1689065,"S22.metabat2.1"
"S20","F07",NA,392,NA,NA,306,1281937,"S22.metabat2.1"
"S20","F08",NA,400,NA,NA,331,1315680,"S22.metabat2.1"
"S20","F09",NA,385,NA,NA,233,2097278,"S22.metabat2.1"
"S20","F11",NA,419,NA,NA,365,1600454,"S22.metabat2.1"
"S20","F12",NA,411,NA,NA,328,1429599,"S22.metabat2.1"
"S20","F15",NA,395,NA,NA,255,1649079,"S22.metabat2.1"
"S20","F16",NA,398,NA,NA,269,1268321,"S22.metabat2.1"
"S21","F04",NA,348,NA,NA,259,1796671,"S22.metabat2.1"
"S21","F13",NA,400,NA,NA,273,2462416,"S22.metabat2.1"
"S22","F02",NA,2,NA,NA,2,2393278,"S22.metabat2.1"
"S22","F03",NA,349,NA,NA,302,1990763,"S22.metabat2.1"
"S22","F05",NA,382,NA,NA,321,2410840,"S22.metabat2.1"
"S22","F06",NA,398,NA,NA,350,1377549,"S22.metabat2.1"
"S22","F08",NA,383,NA,NA,278,1089012,"S22.metabat2.1"
"S22","F09",NA,402,NA,NA,287,1292009,"S22.metabat2.1"
"S22","F12",NA,396,NA,NA,262,1152184,"S22.metabat2.1"
"S22","F14",NA,405,NA,NA,308,1700267,"S22.metabat2.1"
"S22","F15",NA,387,NA,NA,317,1549893,"S22.metabat2.1"
"S22","F16",NA,387,NA,NA,240,1077404,"S22.metabat2.1"
"S23","F03",NA,380,NA,NA,256,1342289,"S22.metabat2.1"
"S23","F04",NA,407,NA,NA,282,2479319,"S22.metabat2.1"
"S23","F06",NA,0,NA,NA,0,1574934,"S22.metabat2.1"
"S23","F10",NA,419,NA,NA,311,1584844,"S22.metabat2.1"
"S23","F11",NA,402,NA,NA,357,2320493,"S22.metabat2.1"
"S23","F12",NA,409,NA,NA,325,2294246,"S22.metabat2.1"
"S23","F13",NA,387,NA,NA,249,1396659,"S22.metabat2.1"
"S23","F16",NA,422,NA,NA,379,1685072,"S22.metabat2.1"
"S24","F01",NA,394,NA,NA,315,2040077,"S22.metabat2.1"
"S24","F02",NA,2,NA,NA,2,1092549,"S22.metabat2.1"
"S24","F04",NA,401,NA,NA,254,1468552,"S22.metabat2.1"
"S24","F05",NA,1,NA,NA,1,1061398,"S22.metabat2.1"
"S24","F08",NA,378,NA,NA,234,1434975,"S22.metabat2.1"
"S24","F11",NA,372,NA,NA,299,2222861,"S22.metabat2.1"
"S24","F12",NA,379,NA,NA,284,1119331,"S22.metabat2.1"
"S24","F15",NA,406,NA,NA,250,2495956,"S22.metabat2.1"
"F01","F04",NA,4,NA,NA,3,1067087,"S22.metabat2.1"
"F01","F05",NA,1,NA,NA,1,2047441,"S22.metabat2.1"
"F01","F06",NA,0,NA,NA,0,2277620,"S22.metabat2.1"
"F01","F07",NA,413,NA,NA,301,2433079,"S22.metabat2.1"
"F01","F08",NA,397,NA,NA,277,2305526,"S22.metabat2.1"
"F01","F09",NA,378,NA,NA,262,1360258,"S22.metabat2.1"
"F01","F12",NA,398,NA,NA,310,2083063,"S22.metabat2.1"
"F01","F13",NA,401,NA,NA,332,1841167,"S22.metabat2.1"
"F01","F14",NA,400,NA,NA,243,1870271,"S22.metabat2.1"
"F01","F16",NA,396,NA,NA,330,1258012,"S22.metabat2.1"
"F02","F03",NA,4,NA,NA,2,1187748,"S22.metabat2.1"
"F02","F04",NA,5,NA,NA,4,1666477,"S22.metabat2.1"
"F02","F07",NA,391,NA,NA,296,1049363,"S22.metabat2.1"
"F02","F08",NA,396,NA,NA,293,1468661,"S22.metabat2.1"
"F02","F09",NA,399,NA,NA,308,2090179,"S22.metabat2.1"
"F02","F10",NA,446,NA,NA,282,1272714,"S22.metabat2.1"
"F02","F12",NA,380,NA,NA,311,1493166,"S22.metabat2.1"
"F02","F13",NA,401,NA,NA,302,2035495,"S22.metabat2.1"
"F02","F15",NA,398,NA,NA,259,1438212,"S22.metabat2.1"
"F02","F16",NA,391,NA,NA,278,2440774,"S22.metabat2.1"
"F03","F05",NA,3,NA,NA,2,1045750,"S22.metabat2.1"
"F03","F06",NA,393,NA,NA,316,2268920,"S22.metabat2.1"
"F03","F07",NA,389,NA,NA,260,1146942,"S22.metabat2.1"
"F03","F10",NA,409,NA,NA,284,1276351,"S22.metabat2.1"
"F03","F11",NA,379,NA,NA,278,1922493,"S22.metabat2.1"
"F03","F13",NA,442,NA,NA,396,1600741,"S22.metabat2.1"
"F03","F15",NA,412,NA,NA,321,1387646,"S22.metabat2.1"
"F03","F16",NA,401,NA,NA,312,1173406,"S22.metabat2.1"
"F04","F07",NA,1,NA,NA,1,1366274,"S22.metabat2.1"
"F04","F12",NA,409,NA,NA,286,1045363,"S22.metabat2.1"
"F04","F14",NA,403,NA,NA,305,2057862,"S22.metabat2.1"
"F04","F15",NA,417,NA,NA,253,2394462,"S22.metabat2.1"
"F05","F06",NA,2,NA,NA,1,1707014,"S22.metabat2.1"
"F05","F07",NA,377,NA,NA,242,1280223,"S22.metabat2.1"
"F05","F09",NA,397,NA,NA,344,2109034,"S22.metabat2.1"
"F05","F10",NA,396,NA,NA,342,2102223,"S22.metabat2.1"
"F05","F12",NA,399,NA,NA,258,2312297,"S22.metabat2.1"
"F05","F14",NA,379,NA,NA,264,1048613,"S22.metabat2.1"
"F05","F16",NA,393,NA,NA,243,2494083,"S22.metabat2.1"
"F06","F07",NA,7,NA,NA,5,1639401,"S22.metabat2.1"
"F06","F08",NA,2,NA,NA,1,1840234,"S22.metabat2.1"
"F06","F13",NA,407,NA,NA,340,2417265,"S22.metabat2.1"
"F06","F16",NA,406,NA,NA,350,1198418,"S22.metabat2.1"
"F07","F10",NA,375,NA,NA,328,1982865,"S22.metabat2.1"
"F07","F11",NA,393,NA,NA,286,1158768,"S22.metabat2.1"
"F07","F14",NA,335,NA,NA,278,2088994,"S22.metabat2.1"
"F07","F15",NA,374,NA,NA,267,1655385,"S22.metabat2.1"
"F08","F09",NA,399,NA,NA,335,1489954,"S22.metabat2.1"
"F08","F10",NA,404,NA,NA,358,1746171,"S22.metabat2.1"
"F08","F11",NA,397,NA,NA,289,2289008,"S22.metabat2.1"
"F08","F12",NA,410,NA,NA,340,1359293,"S22.metabat2.1"
"F08","F13",NA,406,NA,NA,299,1864395,"S22.metabat2.1"
"F08","F14",NA,392,NA,NA,349,2396636,"S22.metabat2.1"
"F08","F15",NA,398,NA,NA,267,1489330,"S22.metabat2.1"
"F08","F16",NA,383,NA,NA,304,2038505,"S22.metabat2.1"
"F09","F11",NA,389,NA,NA,290,2286062,"S22.metabat2.1"
"F09","F14",NA,397,NA,NA,294,2278274,"S22.metabat2.1"
"F10","F11",NA,401,NA,NA,263,2157180,"S22.metabat2.1"
"F10","F12",NA,3,NA,NA,2,1774971,"S22.metabat2.1"
"F10","F13",NA,405,NA,NA,362,1590630,"S22.metabat2.1"
"F10","F15",NA,380,NA,NA,309,2362132,"S22.metabat2.1"
"F10","F16",NA,406,NA,NA,244,1127938,"S22.metabat2.1"
"F11","F13",NA,421,NA,NA,256,1276064,"S22.metabat2.1"
"F11","F14",NA,410,NA,NA,295,2352342,"S22.metabat2.1"
"F11","F15",NA,386,NA,NA,239,1371458,"S22.metabat2.1"
"F13","F15",NA,415,NA,NA,344,1239456,"S22.metabat2.1"
"F14","F15",NA,405,NA,NA,280,1453582,"S22.metabat2.1"
"F14","F16",NA,393,NA,NA,301,2393833,"S22.metabat2.1"
"S01","F02",NA,383,NA,NA,246,1758056,"S21.metabat2.2"
"S01","F03",NA,400,NA,NA,275,1533693,"S21.metabat2.2"
"S01","F04",NA,414,NA,NA,315,1738494,"S21.metabat2.2"
"S01","F07",NA,418,NA,NA,357,1591920,"S21.metabat2.2"
"S01","F08",NA,376,NA,NA,230,2023497,"S21.metabat2.2"
"S01","F11",NA,369,NA,NA,266,1294011,"S21.metabat2.2"
"S01","F12",NA,375,NA,NA,242,1899692,"S21.metabat2.2"
"S01","F13",NA,417,NA,NA,277,1902404,"S21.metabat2.2"
"S01","F16",NA,374,NA,NA,232,1195992,"S21.metabat2.2"
"S02","F07",NA,385,NA,NA,270,1723424,"S21.metabat2.2"
"S02","F09",NA,428,NA,NA,323,1775327,"S21.metabat2.2"
"S02","F10",NA,400,NA,NA,249,2032997,"S21.metabat2.2"
"S02","F12",NA,414,NA,NA,344,1413536,"S21.metabat2.2"
"S02","F15",NA,387,NA,NA,288,1069688,"S21.metabat2.2"
"S02","F16",NA,408,NA,NA,345,2446736,"S21.metabat2.2"
"S03","F07",NA,430,NA,NA,331,1971432,"S21.metabat2.2"
"S03","F08",NA,407,NA,NA,316,1435664,"S21.metabat2.2"
"S03","F09",NA,418,NA,NA,326,2448339,"S21.metabat2.2"
"S03","F10",NA,389,NA,NA,263,2125955,"S21.metabat2.2"
"S03","F12",NA,418,NA,NA,275,1202987,"S21.metabat2.2"
"S03","F14",NA,406,NA,NA,285,1636238,"S21.metabat2.2"
"S03","F15",NA,409,NA,NA,340,1710434,"S21.metabat2.2"
"S04","F01",NA,423,NA,NA,296,1801792,"S21.metabat2.2"
"S04","F02",NA,409,NA,NA,254,1384591,"S21.metabat2.2"
"S04","F04",NA,417,NA,NA,311,2132857,"S21.metabat2.2"
"S04","F05",NA,427,NA,NA,286,1591371,"S21.metabat2.2"
"S04","F06",NA,377,NA,NA,333,2025859,"S21.metabat2.2"
"S04","F07",NA,391,NA,NA,239,2490569,"S21.metabat2.2"
"S04","F08",NA,395,NA,NA,325,1492087,"S21.metabat2.2"
"S04","F10",NA,431,NA,NA,277,2283185,"S21.metabat2.2"
"S04","F11",NA,431,NA,NA,306,1704559,"S21.metabat2.2"
"S05","F02",NA,379,NA,NA,290,1656498,"S21.metabat2.2"
"S05","F03",NA,424,NA,NA,370,1665252,"S21.metabat2.2"
"S05","F06",NA,358,NA,NA,253,1213374,"S21.metabat2.2"
"S05","F07",NA,399,NA,NA,296,1034837,"S21.metabat2.2"
"S05","F08",NA,386,NA,NA,256,2338146,"S21.metabat2.2"
"S05","F09",NA,400,NA,NA,240,2303389,"S21.metabat2.2"
"S05","F11",NA,391,NA,NA,246,1741568,"S21.metabat2.2"
"S05","F13",NA,389,NA,NA,307,2251483,"S21.metabat2.2"
"S06","F01",NA,431,NA,NA,321,1554856,"S21.metabat2.2"
"S06","F02",NA,434,NA,NA,281,1767923,"S21.metabat2.2"
"S06","F04",NA,411,NA,NA,269,1746185,"S21.metabat2.2"
"S06","F05",NA,383,NA,NA,309,1244132,"S21.metabat2.2"
"S06","F07",NA,382,NA,NA,291,2094198,"S21.metabat2.2"
"S06","F10",NA,436,NA,NA,359,2025303,"S21.metabat2.2"
"S06","F16",NA,407,NA,NA,259,2171236,"S21.metabat2.2"
"S07","F04",NA,401,NA,NA,352,1328968,"S21.metabat2.2"
"S07","F06",NA,407,NA,NA,364,1757766,"S21.metabat2.2"
"S07","F08",NA,371,NA,NA,276,1325351,"S21.metabat2.2"
"S07","F09",NA,410,NA,NA,325,1425329,"S21.metabat2.2"
"S07","F10",NA,365,NA,NA,313,1568050,"S21.metabat2.2"
"S07","F11",NA,366,NA,NA,294,1448225,"S21.metabat2.2"
"S07","F14",NA,425,NA,NA,317,1096437,"S21.metabat2.2"
"S08","F02",NA,393,NA,NA,349,1588142,"S21.metabat2.2"
"S08","F03",NA,445,NA,NA,361,1918049,"S21.metabat2.2"
"S08","F04",NA,422,NA,NA,256,1020169,"S21.metabat2.2"
"S08","F08",NA,409,NA,NA,273,2172330,"S21.metabat2.2"
"S08","F10",NA,384,NA,NA,301,1528938,"S21.metabat2.2"
"S08","F13",NA,369,NA,NA,291,1713457,"S21.metabat2.2"
"S08","F14",NA,394,NA,NA,273,1798502,"S21.metabat2.2"
"S08","F16",NA,393,NA,NA,244,1031690,"S21.metabat2.2"
"S09","F04",NA,415,NA,NA,267,1733706,"S21.metabat2.2"
"S09","F05",NA,413,NA,NA,278,1886694,"S21.metabat2.2"
"S09","F15",NA,1,NA,NA,1,1636117,"S21.metabat2.2"
"S09","F16",NA,379,NA,NA,302,1626409,"S21.metabat2.2"
"S10","F01",NA,439,NA,NA,270,1313250,"S21.metabat2.2"
"S10","F03",NA,428,NA,NA,361,1733736,"S21.metabat2.2"
"S10","F04",NA,407,NA,NA,315,2327384,"S21.metabat2.2"
"S10","F05",NA,429,NA,NA,356,2209263,"S21.metabat2.2"
"S10","F07",NA,385,NA,NA,243,1051619,"S21.metabat2.2"
"S10","F10",NA,414,NA,NA,304,2231118,"S21.metabat2.2"
"S10","F13",NA,375,NA,NA,325,2036798,"S21.metabat2.2"
"S10","F14",NA,416,NA,NA,342,2369037,"S21.metabat2.2"
"S11","F01",NA,420,NA,NA,283,1747969,"S21.metabat2.2"
"S11","F04",NA,397,NA,NA,252,2273039,"S21.metabat2.2"
"S11","F08",NA,379,NA,NA,276,1058392,"S21.metabat2.2"
"S11","F09",NA,363,NA,NA,311,1901430,"S21.metabat2.2"
"S11","F12",NA,393,NA,NA,321,2147550,"S21.metabat2.2"
"S11","F14",NA,394,NA,NA,330,2273286,"S21.metabat2.2"
"S12","F01",NA,399,NA,NA,335,1136958,"S21.metabat2.2"
"S12","F05",NA,393,NA,NA,291,1764399,"S21.metabat2.2"
"S12","F07",NA,414,NA,NA,283,1464310,"S21.metabat2.2"
"S12","F11",NA,385,NA,NA,254,1613980,"S21.metabat2.2"
"S12","F12",NA,406,NA,NA,311,1421724,"S21.metabat2.2"
"S12","F15",NA,405,NA,NA,251,1447351,"S21.metabat2.2"
"S12","F16",NA,347,NA,NA,261,2096315,"S21.metabat2.2"
"S13","F01",NA,431,NA,NA,386,1661348,"S21.metabat2.2"
"S13","F06",NA,418,NA,NA,324,2244646,"S21.metabat2.2"
"S13","F07",NA,403,NA,NA,302,2261479,"S21.metabat2.2"
"S13","F08",NA,396,NA,NA,343,1875847,"S21.metabat2.2"
"S13","F09",NA,389,NA,NA,243,1177872,"S21.metabat2.2"
"S13","F10",NA,413,NA,NA,288,2051170,"S21.metabat2.2"
"S13","F12",NA,393,NA,NA,284,2004013,"S21.metabat2.2"
"S13","F14",NA,434,NA,NA,352,1533420,"S21.metabat2.2"
"S13","F15",NA,402,NA,NA,273,1812001,"S21.metabat2.2"
"S13","F16",NA,381,NA,NA,231,2386937,"S21.metabat2.2"
"S14","F03",NA,391,NA,NA,271,1786132,"S21.metabat2.2"
"S14","F05",NA,386,NA,NA,322,2350200,"S21.metabat2.2"
"S14","F09",NA,402,NA,NA,289,2074924,"S21.metabat2.2"
"S14","F11",NA,420,NA,NA,270,2441609,"S21.metabat2.2"
"S14","F13",NA,373,NA,NA,232,1152375,"S21.metabat2.2"
"S14","F14",NA,451,NA,NA,321,2313698,"S21.metabat2.2"
"S15","F05",NA,386,NA,NA,234,1550892,"S21.metabat2.2"
"S15","F07",NA,363,NA,NA,290,2246809,"S21.metabat2.2"
"S15","F10",NA,397,NA,NA,308,2155731,"S21.metabat2.2"
"S15","F11",NA,382,NA,NA,254,1599172,"S21.metabat2.2"
"S15","F12",NA,423,NA,NA,371,1946390,"S21.metabat2.2"
"S15","F13",NA,391,NA,NA,268,1303821,"S21.metabat2.2"
"S15","F14",NA,385,NA,NA,316,2110136,"S21.metabat2.2"
"S15","F15",NA,402,NA,NA,285,1266349,"S21.metabat2.2"
"S16","F02",NA,418,NA,NA,259,1820007,"S21.metabat2.2"
"S16","F04",NA,412,NA,NA,268,1635989,"S21.metabat2.2"
"S16","F06",NA,419,NA,NA,364,2107032,"S21.metabat2.2"
"S16","F10",NA,414,NA,NA,348,1608337,"S21.metabat2.2"
"S16","F15",NA,388,NA,NA,316,1264388,"S21.metabat2.2"
"S17","F01",NA,402,NA,NA,255,1490877,"S21.metabat2.2"
"S17","F02",NA,421,NA,NA,343,1603806,"S21.metabat2.2"
"S17","F05",NA,398,NA,NA,343,2260298,"S21.metabat2.2"
"S17","F06",NA,440,NA,NA,320,1061462,"S21.metabat2.2"
"S17","F14",NA,423,NA,NA,300,1222863,"S21.metabat2.2"
"S17","F15",NA,396,NA,NA,308,2454407,"S21.metabat2.2"
"S18","F01",NA,412,NA,NA,357,2321190,"S21.metabat2.2"
"S18","F02",NA,443,NA,NA,371,1895151,"S21.metabat2.2"
"S18","F04",NA,422,NA,NA,376,2094816,"S21.metabat2.2"
"S18","F05",NA,381,NA,NA,341,1745656,"S21.metabat2.2"
"S18","F06",NA,400,NA,NA,310,1012071,"S21.metabat2.2"
"S18","F08",NA,381,NA,NA,341,1872185,"S21.metabat2.2"
"S18","F09",NA,401,NA,NA,314,1907216,"S21.metabat2.2"
"S18","F10",NA,388,NA,NA,332,1863568,"S21.metabat2.2"
"S18","F14",NA,390,NA,NA,336,2066655,"S21.metabat2.2"
"S18","F15",NA,415,NA,NA,267,1099803,"S21.metabat2.2"
"S18","F16",NA,386,NA,NA,278,1406523,"S21.metabat2.2"
"S19","F01",NA,387,NA,NA,277,2485466,"S21.metabat2.2"
"S19","F03",NA,385,NA,NA,341,2072551,"S21.metabat2.2"
"S19","F04",NA,412,NA,NA,304,1318728,"S21.metabat2.2"
"S19","F09",NA,364,NA,NA,287,1935983,"S21.metabat2.2"
"S19","F11",NA,378,NA,NA,334,2183861,"S21.metabat2.2"
"S19","F12",NA,391,NA,NA,310,1283455,"S21.metabat2.2"
"S19","F14",NA,406,NA,NA,275,1538406,"S21.metabat2.2"
"S19","F16",NA,420,NA,NA,333,1603580,"S21.metabat2.2"
"S20","F03",NA,407,NA,NA,319,2142035,"S21.metabat2.2"
"S20","F04",NA,407,NA,NA,337,1965830,"S21.metabat2.2"
"S20","F06",NA,402,NA,NA,299,1165627,"S21.metabat2.2"
"S20","F07",NA,399,NA,NA,347,2236119,"S21.metabat2.2"
"S20","F08",NA,433,NA,NA,337,2313151,"S21.metabat2.2"
"S20","F14",NA,347,NA,NA,256,2472552,"S21.metabat2.2"
"S20","F15",NA,403,NA,NA,284,1673104,"S21.metabat2.2"
"S21","F01",NA,400,NA,NA,243,1834357,"S21.metabat2.2"
"S21","F02",NA,388,NA,NA,304,1628271,"S21.metabat2.2"
"S21","F03",NA,351,NA,NA,240,1210608,"S21.metabat2.2"
"S21","F10",NA,418,NA,NA,274,2096800,"S21.metabat2.2"
"S21","F11",NA,444,NA,NA,310,2241123,"S21.metabat2.2"
"S21","F12",NA,356,NA,NA,261,1765205,"S21.metabat2.2"
"S21","F15",NA,383,NA,NA,273,1261833,"S21.metabat2.2"
"S22","F01",NA,369,NA,NA,224,2481034,"S21.metabat2.2"
"S22","F02",NA,388,NA,NA,242,1054666,"S21.metabat2.2"
"S22","F03",NA,395,NA,NA,264,2122147,"S21.metabat2.2"
"S22","F04",NA,380,NA,NA,280,1885133,"S21.metabat2.2"
"S22","F06",NA,393,NA,NA,342,1237352,"S21.metabat2.2"
"S22","F07",NA,372,NA,NA,332,1759926,"S21.metabat2.2"
"S22","F09",NA,372,NA,NA,256,1840939,"S21.metabat2.2"
"S22","F10",NA,429,NA,NA,348,1224284,"S21.metabat2.2"
"S22","F12",NA,389,NA,NA,278,1180641,"S21.metabat2.2"
"S22","F13",NA,401,NA,NA,245,1776191,"S21.metabat2.2"
"S22","F14",NA,404,NA,NA,287,2061981,"S21.metabat2.2"
"S22","F16",NA,432,NA,NA,345,1225966,"S21.metabat2.2"
"S23","F02",NA,424,NA,NA,358,2305830,"S21.metabat2.2"
"S23","F03",NA,418,NA,NA,333,2080726,"S21.metabat2.2"
"S23","F04",NA,409,NA,NA,252,2339894,"S21.metabat2.2"
"S23","F07",NA,368,NA,NA,274,1432162,"S21.metabat2.2"
"S23","F12",NA,409,NA,NA,289,2306248,"S21.metabat2.2"
"S23","F13",NA,395,NA,NA,342,1896629,"S21.metabat2.2"
"S24","F01",NA,415,NA,NA,308,1842918,"S21.metabat2.2"
"S24","F02",NA,379,NA,NA,302,1403366,"S21.metabat2.2"
"S24","F03",NA,416,NA,NA,267,1435919,"S21.metabat2.2"
"S24","F05",NA,399,NA,NA,290,1067703,"S21.metabat2.2"
"S24","F07",NA,405,NA,NA,289,1180537,"S21.metabat2.2"
"S24","F11",NA,401,NA,NA,248,2234588,"S21.metabat2.2"
"S24","F12",NA,403,NA,NA,345,1588886,"S21.metabat2.2"
"S24","F13",NA,403,NA,NA,353,1055638,"S21.metabat2.2"
"S24","F15",NA,377,NA,NA,294,1357341,"S21.metabat2.2"
"F01","F02",NA,389,NA,NA,271,2462096,"S21.metabat2.2"
"F01","F03",NA,370,NA,NA,256,1159730,"S21.metabat2.2"
"F01","F04",NA,1,NA,NA,1,1982729,"S21.metabat2.2"
"F01","F05",NA,5,NA,NA,3,1558195,"S21.metabat2.2"
"F01","F07",NA,375,NA,NA,316,1122336,"S21.metabat2.2"
"F01","F09",NA,452,NA,NA,368,2302645,"S21.metabat2.2"
"F01","F10",NA,412,NA,NA,269,1882346,"S21.metabat2.2"
"F01","F11",NA,392,NA,NA,341,1682850,"S21.metabat2.2"
"F01","F15",NA,405,NA,NA,272,1032340,"S21.metabat2.2"
"F02","F04",NA,5,NA,NA,4,1460017,"S21.metabat2.2"
"F02","F06",NA,406,NA,NA,284,1708291,"S21.metabat2.2"
"F02","F08",NA,413,NA,NA,309,2016102,"S21.metabat2.2"
"F02","F09",NA,439,NA,NA,266,2339236,"S21.metabat2.2"
"F02","F10",NA,403,NA,NA,272,1145498,"S21.metabat2.2"
"F02","F11",NA,410,NA,NA,328,1248948,"S21.metabat2.2"
"F02","F14",NA,393,NA,NA,352,2344818,"S21.metabat2.2"
"F02","F15",NA,419,NA,NA,266,2034394,"S21.metabat2.2"
"F03","F05",NA,429,NA,NA,267,1860900,"S21.metabat2.2"
"F03","F06",NA,1,NA,NA,1,2366318,"S21.metabat2.2"
"F03","F07",NA,1,NA,NA,1,2353545,"S21.metabat2.2"
"F03","F08",NA,6,NA,NA,5,1748372,"S21.metabat2.2"
"F03","F10",NA,368,NA,NA,277,2071667,"S21.metabat2.2"
"F03","F11",NA,415,NA,NA,316,1801137,"S21.metabat2.2"
"F03","F13",NA,362,NA,NA,321,1258282,"S21.metabat2.2"
"F03","F15",NA,397,NA,NA,355,1551019,"S21.metabat2.2"
"F03","F16",NA,396,NA,NA,311,1477061,"S21.metabat2.2"
"F04","F05",NA,5,NA,NA,3,1438889,"S21.metabat2.2"
"F04","F09",NA,378,NA,NA,244,1456962,"S21.metabat2.2"
"F04","F11",NA,393,NA,NA,321,1972789,"S21.metabat2.2"
"F04","F12",NA,392,NA,NA,353,1620130,"S21.metabat2.2"
"F04","F14",NA,392,NA,NA,339,1045930,"S21.metabat2.2"
"F05","F07",NA,1,NA,NA,1,2456809,"S21.metabat2.2"
"F05","F08",NA,5,NA,NA,3,2138987,"S21.metabat2.2"
"F05","F09",NA,405,NA,NA,328,1506448,"S21.metabat2.2"
"F05","F12",NA,395,NA,NA,275,1638440,"S21.metabat2.2"
"F05","F14",NA,437,NA,NA,386,1470390,"S21.metabat2.2"
"F05","F15",NA,397,NA,NA,257,2125649,"S21.metabat2.2"
"F05","F16",NA,361,NA,NA,300,1766684,"S21.metabat2.2"
"F06","F07",NA,2,NA,NA,1,1335063,"S21.metabat2.2"
"F06","F09",NA,372,NA,NA,322,1874725,"S21.metabat2.2"
"F06","F11",NA,408,NA,NA,335,1017276,"S21.metabat2.2"
"F06","F14",NA,386,NA,NA,278,1988580,"S21.metabat2.2"
"F06","F15",NA,399,NA,NA,278,2215032,"S21.metabat2.2"
"F06","F16",NA,420,NA,NA,284,1617502,"S21.metabat2.2"
"F07","F09",NA,440,NA,NA,329,1479886,"S21.metabat2.2"
"F07","F11",NA,354,NA,NA,275,2457152,"S21.metabat2.2"
"F07","F14",NA,424,NA,NA,313,1347320,"S21.metabat2.2"
"F07","F15",NA,406,NA,NA,294,1896262,"S21.metabat2.2"
"F08","F11",NA,360,NA,NA,285,1748115,"S21.metabat2.2"
"F08","F13",NA,404,NA,NA,319,1723672,"S21.metabat2.2"
"F08","F15",NA,434,NA,NA,379,1245853,"S21.metabat2.2"
"F08","F16",NA,429,NA,NA,383,1255674,"S21.metabat2.2"
"F09","F12",NA,438,NA,NA,294,2135981,"S21.metabat2.2"
"F09","F13",NA,4,NA,NA,3,1956165,"S21.metabat2.2"
"F09","F14",NA,4,NA,NA,3,2455953,"S21.metabat2.2"
"F09","F15",NA,405,NA,NA,347,1102872,"S21.metabat2.2"
"F09","F16",NA,1,NA,NA,1,1399374,"S21.metabat2.2"
"F10","F13",NA,363,NA,NA,306,2441204,"S21.metabat2.2"
"F10","F14",NA,5,NA,NA,4,2000905,"S21.metabat2.2"
"F10","F16",NA,4,NA,NA,3,2433264,"S21.metabat2.2"
"F11","F15",NA,403,NA,NA,351,2209756,"S21.metabat2.2"
"F12","F13",NA,389,NA,NA,302,1154030,"S21.metabat2.2"
"F13","F14",NA,380,NA,NA,301,1532314,"S21.metabat2.2"
"F13","F15",NA,4,NA,NA,3,2421203,"S21.metabat2.2"
"F14","F16",NA,4,NA,NA,3,1937884,"S21.metabat2.2"
"S01","F02",NA,391,NA,NA,341,2372804,"S01.metabat2.3"
"S01","F03",NA,401,NA,NA,246,1637188,"S01.metabat2.3"
"S01","F05",NA,382,NA,NA,243,1488755,"S01.metabat2.3"
"S01","F06",NA,414,NA,NA,334,1781407,"S01.metabat2.3"
"S01","F08",NA,384,NA,NA,284,2351335,"S01.metabat2.3"
"S01","F10",NA,392,NA,NA,268,2019448,"S01.metabat2.3"
"S01","F11",NA,393,NA,NA,295,2295114,"S01.metabat2.3"
"S01","F16",NA,398,NA,NA,330,2071007,"S01.metabat2.3"
"S02","F03",NA,358,NA,NA,222,2118840,"S01.metabat2.3"
"S02","F05",NA,403,NA,NA,338,1418515,"S01.metabat2.3"
"S02","F06",NA,395,NA,NA,238,2055458,"S01.metabat2.3"
"S02","F08",NA,377,NA,NA,260,2081539,"S01.metabat2.3"
"S02","F09",NA,427,NA,NA,311,1947898,"S01.metabat2.3"
"S02","F10",NA,411,NA,NA,328,2489633,"S01.metabat2.3"
"S02","F13",NA,340,NA,NA,290,1515360,"S01.metabat2.3"
"S03","F01",NA,397,NA,NA,303,1286312,"S01.metabat2.3"
"S03","F02",NA,412,NA,NA,334,1319926,"S01.metabat2.3"
"S03","F03",NA,356,NA,NA,300,2279441,"S01.metabat2.3"
"S03","F04",NA,390,NA,NA,299,2468897,"S01.metabat2.3"
"S03","F05",NA,378,NA,NA,331,1684183,"S01.metabat2.3"
"S03","F06",NA,355,NA,NA,260,2025173,"S01.metabat2.3"
"S03","F08",NA,399,NA,NA,351,1943913,"S01.metabat2.3"
"S03","F09",NA,406,NA,NA,362,1696489,"S01.metabat2.3"
"S03","F11",NA,398,NA,NA,345,2163599,"S01.metabat2.3"
"S03","F12",NA,373,NA,NA,278,1249649,"S01.metabat2.3"
"S03","F14",NA,420,NA,NA,282,1385717,"S01.metabat2.3"
"S04","F02",NA,353,NA,NA,253,1224199,"S01.metabat2.3"
"S04","F05",NA,369,NA,NA,228,2455394,"S01.metabat2.3"
"S04","F08",NA,402,NA,NA,262,1340221,"S01.metabat2.3"
"S04","F11",NA,396,NA,NA,252,1478852,"S01.metabat2.3"
"S04","F13",NA,406,NA,NA,259,1858537,"S01.metabat2.3"
"S04","F14",NA,401,NA,NA,275,2209279,"S01.metabat2.3"
"S04","F15",NA,435,NA,NA,334,2142123,"S01.metabat2.3"
"S04","F16",NA,395,NA,NA,248,1624101,"S01.metabat2.3"
"S05","F04",NA,422,NA,NA,362,1225632,"S01.metabat2.3"
"S05","F05",NA,396,NA,NA,341,1679616,"S01.metabat2.3"
"S05","F08",NA,375,NA,NA,257,1317926,"S01.metabat2.3"
"S05","F09",NA,367,NA,NA,233,2066909,"S01.metabat2.3"
"S05","F10",NA,398,NA,NA,343,1652711,"S01.metabat2.3"
"S05","F12",NA,402,NA,NA,299,1081601,"S01.metabat2.3"
"S05","F13",NA,420,NA,NA,373,1938867,"S01.metabat2.3"
"S05","F14",NA,366,NA,NA,287,1013286,"S01.metabat2.3"
"S05","F16",NA,377,NA,NA,294,1890760,"S01.metabat2.3"
"S06","F01",NA,426,NA,NA,309,1351462,"S01.metabat2.3"
"S06","F04",NA,424,NA,NA,364,1715690,"S01.metabat2.3"
"S06","F06",NA,432,NA,NA,332,2444965,"S01.metabat2.3"
"S06","F07",NA,417,NA,NA,319,2032604,"S01.metabat2.3"
"S06","F08",NA,1,NA,NA,1,1185845,"S01.metabat2.3"
"S06","F10",NA,372,NA,NA,313,1442912,"S01.metabat2.3"
"S06","F12",NA,376,NA,NA,237,2049691,"S01.metabat2.3"
"S06","F13",NA,409,NA,NA,287,2310058,"S01.metabat2.3"
"S06","F15",NA,414,NA,NA,279,2241471,"S01.metabat2.3"
"S06","F16",NA,400,NA,NA,348,2054527,"S01.metabat2.3"
"S07","F02",NA,418,NA,NA,266,1898272,"S01.metabat2.3"
"S07","F06",NA,393,NA,NA,289,2310957,"S01.metabat2.3"
"S07","F09",NA,400,NA,NA,303,2008199,"S01.metabat2.3"
"S07","F10",NA,421,NA,NA,316,1583641,"S01.metabat2.3"
"S07","F12",NA,399,NA,NA,288,2104003,"S01.metabat2.3"
"S07","F13",NA,408,NA,NA,268,1083240,"S01.metabat2.3"
"S08","F01",NA,429,NA,NA,373,1062974,"S01.metabat2.3"
"S08","F04",NA,404,NA,NA,263,2068946,"S01.metabat2.3"
"S08","F05",NA,384,NA,NA,337,1807692,"S01.metabat2.3"
"S08","F09",NA,395,NA,NA,351,1303820,"S01.metabat2.3"
"S08","F11",NA,376,NA,NA,247,1451861,"S01.metabat2.3"
"S08","F13",NA,403,NA,NA,321,1704839,"S01.metabat2.3"
"S08","F14",NA,372,NA,NA,305,1696104,"S01.metabat2.3"
"S08","F15",NA,387,NA,NA,234,1191461,"S01.metabat2.3"
"S09","F01",NA,387,NA,NA,244,2144928,"S01.metabat2.3"
"S09","F02",NA,428,NA,NA,293,1123681,"S01.metabat2.3"
"S09","F03",NA,413,NA,NA,345,2031647,"S01.metabat2.3"
"S09","F04",NA,426,NA,NA,331,2330837,"S01.metabat2.3"
"S09","F05",NA,377,NA,NA,263,1089925,"S01.metabat2.3"
"S09","F06",NA,382,NA,NA,268,2194124,"S01.metabat2.3"
"S09","F08",NA,402,NA,NA,313,2493708,"S01.metabat2.3"
"S09","F10",NA,437,NA,NA,309,1660730,"S01.metabat2.3"
"S09","F11",NA,408,NA,NA,271,1642535,"S01.metabat2.3"
"S09","F15",NA,375,NA,NA,302,2232243,"S01.metabat2.3"
"S09","F16",NA,421,NA,NA,301,2249703,"S01.metabat2.3"
"S10","F01",NA,424,NA,NA,349,1267245,"S01.metabat2.3"
"S10","F04",NA,409,NA,NA,295,2420000,"S01.metabat2.3"
"S10","F05",NA,424,NA,NA,342,1087557,"S01.metabat2.3"
"S10","F07",NA,429,NA,NA,364,1989302,"S01.metabat2.3"
"S10","F10",NA,400,NA,NA,320,1073963,"S01.metabat2.3"
"S10","F11",NA,394,NA,NA,263,2008172,"S01.metabat2.3"
"S10","F14",NA,395,NA,NA,349,1213753,"S01.metabat2.3"
"S11","F02",NA,396,NA,NA,340,2300158,"S01.metabat2.3"
"S11","F04",NA,363,NA,NA,289,1635635,"S01.metabat2.3"
"S11","F08",NA,369,NA,NA,317,1729628,"S01.metabat2.3"
"S11","F14",NA,400,NA,NA,259,1923003,"S01.metabat2.3"
"S11","F16",NA,380,NA,NA,303,1988612,"S01.metabat2.3"
"S12","F03",NA,376,NA,NA,298,1645382,"S01.metabat2.3"
"S12","F04",NA,402,NA,NA,299,1614727,"S01.metabat2.3"
"S12","F05",NA,419,NA,NA,319,1361985,"S01.metabat2.3"
"S12","F09",NA,404,NA,NA,357,1363133,"S01.metabat2.3"
"S12","F14",NA,410,NA,NA,354,1255229,"S01.metabat2.3"
"S12","F15",NA,424,NA,NA,381,2384975,"S01.metabat2.3"
"S13","F01",NA,398,NA,NA,283,1061217,"S01.metabat2.3"
"S13","F02",NA,364,NA,NA,230,2082359,"S01.metabat2.3"
"S13","F05",NA,394,NA,NA,267,1619405,"S01.metabat2.3"
"S13","F06",NA,355,NA,NA,273,2183172,"S01.metabat2.3"
"S13","F07",NA,361,NA,NA,291,2436758,"S01.metabat2.3"
"S13","F08",NA,386,NA,NA,333,2150180,"S01.metabat2.3"
"S13","F11",NA,394,NA,NA,280,2448863,"S01.metabat2.3"
"S13","F13",NA,416,NA,NA,275,1570699,"S01.metabat2.3"
"S13","F14",NA,377,NA,NA,276,1883596,"S01.metabat2.3"
"S13","F15",NA,373,NA,NA,254,2340479,"S01.metabat2.3"
"S14","F02",NA,379,NA,NA,231,1617886,"S01.metabat2.3"
"S14","F03",NA,381,NA,NA,309,1452687,"S01.metabat2.3"
"S14","F04",NA,392,NA,NA,335,2099496,"S01.metabat2.3"
"S14","F05",NA,421,NA,NA,310,1542554,"S01.metabat2.3"
"S14","F08",NA,371,NA,NA,290,2039337,"S01.metabat2.3"
"S14","F09",NA,397,NA,NA,309,1057189,"S01.metabat2.3"
"S14","F10",NA,391,NA,NA,328,2194345,"S01.metabat2.3"
"S14","F11",NA,395,NA,NA,328,1683472,"S01.metabat2.3"
"S14","F12",NA,376,NA,NA,310,2141907,"S01.metabat2.3"
"S14","F13",NA,394,NA,NA,297,1906428,"S01.metabat2.3"
"S14","F14",NA,407,NA,NA,281,1834014,"S01.metabat2.3"
"S14","F16",NA,416,NA,NA,261,2074509,"S01.metabat2.3"
"S15","F01",NA,396,NA,NA,242,2348823,"S01.metabat2.3"
"S15","F02",NA,405,NA,NA,337,2139164,"S01.metabat2.3"
"S15","F04",NA,400,NA,NA,325,1715586,"S01.metabat2.3"
"S15","F05",NA,356,NA,NA,297,1370031,"S01.metabat2.3"
"S15","F06",NA,373,NA,NA,261,1954307,"S01.metabat2.3"
"S15","F07",NA,389,NA,NA,249,1486690,"S01.metabat2.3"
"S15","F08",NA,400,NA,NA,270,1430183,"S01.metabat2.3"
"S15","F10",NA,382,NA,NA,340,2271584,"S01.metabat2.3"
"S15","F12",NA,390,NA,NA,296,2258209,"S01.metabat2.3"
"S15","F15",NA,386,NA,NA,316,1476284,"S01.metabat2.3"
"S15","F16",NA,428,NA,NA,372,1617510,"S01.metabat2.3"
"S16","F01",NA,437,NA,NA,263,2067508,"S01.metabat2.3"
"S16","F02",NA,427,NA,NA,356,1981027,"S01.metabat2.3"
"S16","F03",NA,387,NA,NA,324,1011963,"S01.metabat2.3"
"S16","F04",NA,388,NA,NA,328,1180003,"S01.metabat2.3"
"S16","F06",NA,419,NA,NA,297,1421016,"S01.metabat2.3"
"S16","F07",NA,400,NA,NA,279,1079789,"S01.metabat2.3"
"S16","F08",NA,366,NA,NA,312,1901505,"S01.metabat2.3"
"S16","F09",NA,428,NA,NA,272,1259327,"S01.metabat2.3"
"S16","F11",NA,378,NA,NA,280,2048999,"S01.metabat2.3"
"S16","F13",NA,387,NA,NA,261,1698794,"S01.metabat2.3"
"S17","F02",NA,387,NA,NA,333,1346613,"S01.metabat2.3"
"S17","F03",NA,376,NA,NA,311,1874281,"S01.metabat2.3"
"S17","F05",NA,405,NA,NA,260,1639218,"S01.metabat2.3"
"S17","F07",NA,401,NA,NA,242,1147615,"S01.metabat2.3"
"S17","F08",NA,376,NA,NA,294,1151083,"S01.metabat2.3"
"S17","F11",NA,370,NA,NA,266,1754250,"S01.metabat2.3"
"S17","F12",NA,388,NA,NA,257,2137960,"S01.metabat2.3"
"S17","F13",NA,417,NA,NA,281,2040046,"S01.metabat2.3"
"S17","F15",NA,386,NA,NA,241,2099402,"S01.metabat2.3"
"S18","F04",NA,386,NA,NA,292,2409304,"S01.metabat2.3"
"S18","F06",NA,405,NA,NA,339,2017643,"S01.metabat2.3"
"S18","F08",NA,389,NA,NA,269,1057871,"S01.metabat2.3"
"S18","F09",NA,400,NA,NA,282,2313906,"S01.metabat2.3"
"S18","F11",NA,387,NA,NA,336,1076631,"S01.metabat2.3"
"S18","F12",NA,377,NA,NA,234,2268288,"S01.metabat2.3"
"S18","F16",NA,418,NA,NA,342,1208498,"S01.metabat2.3"
"S19","F01",NA,399,NA,NA,358,2205228,"S01.metabat2.3"
"S19","F02",NA,408,NA,NA,341,1840942,"S01.metabat2.3"
"S19","F03",NA,390,NA,NA,302,1990955,"S01.metabat2.3"
"S19","F08",NA,449,NA,NA,310,1917164,"S01.metabat2.3"
"S19","F16",NA,398,NA,NA,327,1576887,"S01.metabat2.3"
"S20","F01",NA,378,NA,NA,290,1167634,"S01.metabat2.3"
"S20","F02",NA,371,NA,NA,241,2257792,"S01.metabat2.3"
"S20","F03",NA,382,NA,NA,235,2338548,"S01.metabat2.3"
"S20","F04",NA,378,NA,NA,269,1348398,"S01.metabat2.3"
"S20","F05",NA,400,NA,NA,287,1777232,"S01.metabat2.3"
"S20","F06",NA,429,NA,NA,327,1638110,"S01.metabat2.3"
"S20","F07",NA,419,NA,NA,260,1676308,"S01.metabat2.3"
"S20","F11",NA,427,NA,NA,342,2067620,"S01.metabat2.3"
"S20","F14",NA,420,NA,NA,337,2217337,"S01.metabat2.3"
"S21","F03",NA,410,NA,NA,336,1134016,"S01.metabat2.3"
"S21","F06",NA,370,NA,NA,240,1220563,"S01.metabat2.3"
"S21","F09",NA,393,NA,NA,343,1980966,"S01.metabat2.3"
"S21","F10",NA,409,NA,NA,279,1615208,"S01.metabat2.3"
"S21","F12",NA,437,NA,NA,352,1705682,"S01.metabat2.3"
"S21","F13",NA,392,NA,NA,334,1342128,"S01.metabat2.3"
"S21","F15",NA,402,NA,NA,305,1896544,"S01.metabat2.3"
"S21","F16",NA,425,NA,NA,322,1955176,"S01.metabat2.3"
"S22","F05",NA,380,NA,NA,246,1683514,"S01.metabat2.3"
"S22","F08",NA,438,NA,NA,374,1237157,"S01.metabat2.3"
"S22","F11",NA,373,NA,NA,314,2287394,"S01.metabat2.3"
"S22","F12",NA,418,NA,NA,314,1521554,"S01.metabat2.3"
"S22","F13",NA,373,NA,NA,270,1565565,"S01.metabat2.3"
"S22","F15",NA,409,NA,NA,262,1625524,"S01.metabat2.3"
"S23","F05",NA,389,NA,NA,282,1561413,"S01.metabat2.3"
"S23","F06",NA,435,NA,NA,352,1973379,"S01.metabat2.3"
"S23","F07",NA,419,NA,NA,318,1896176,"S01.metabat2.3"
"S23","F09",NA,447,NA,NA,363,1080245,"S01.metabat2.3"
"S23","F10",NA,397,NA,NA,353,1328635,"S01.metabat2.3"
"S23","F13",NA,410,NA,NA,274,1449146,"S01.metabat2.3"
"S23","F14",NA,431,NA,NA,384,2023198,"S01.metabat2.3"
"S23","F15",NA,416,NA,NA,358,1982968,"S01.metabat2.3"
"S24","F02",NA,427,NA,NA,367,1443045,"S01.metabat2.3"
"S24","F04",NA,390,NA,NA,346,1116629,"S01.metabat2.3"
"S24","F06",NA,389,NA,NA,252,2296710,"S01.metabat2.3"
"S24","F08",NA,373,NA,NA,305,2205025,"S01.metabat2.3"
"S24","F10",NA,389,NA,NA,265,1083725,"S01.metabat2.3"
"S24","F12",NA,420,NA,NA,254,2445598,"S01.metabat2.3"
"S24","F14",NA,384,NA,NA,339,1765051,"S01.metabat2.3"
"S24","F16",NA,382,NA,NA,260,1636343,"S01.metabat2.3"
"F01","F02",NA,408,NA,NA,335,1599460,"S01.metabat2.3"
"F01","F03",NA,399,NA,NA,329,1890068,"S01.metabat2.3"
"F01","F05",NA,2,NA,NA,2,2437439,"S01.metabat2.3"
"F01","F06",NA,385,NA,NA,338,1382497,"S01.metabat2.3"
"F01","F07",NA,406,NA,NA,343,1876636,"S01.metabat2.3"
"F01","F08",NA,1,NA,NA,1,2358134,"S01.metabat2.3"
"F01","F09",NA,402,NA,NA,359,1559929,"S01.metabat2.3"
"F01","F11",NA,441,NA,NA,361,1498635,"S01.metabat2.3"
"F01","F16",NA,433,NA,NA,368,1564900,"S01.metabat2.3"
"F02","F04",NA,5,NA,NA,4,1633333,"S01.metabat2.3"
"F02","F05",NA,430,NA,NA,311,1409636,"S01.metabat2.3"
"F02","F07",NA,400,NA,NA,315,1557110,"S01.metabat2.3"
"F02","F09",NA,411,NA,NA,341,1940952,"S01.metabat2.3"
"F02","F11",NA,398,NA,NA,322,1066377,"S01.metabat2.3"
"F02","F14",NA,372,NA,NA,289,2085218,"S01.metabat2.3"
"F03","F06",NA,2,NA,NA,2,1468432,"S01.metabat2.3"
"F03","F09",NA,380,NA,NA,293,1090675,"S01.metabat2.3"
"F03","F10",NA,392,NA,NA,318,2315881,"S01.metabat2.3"
"F03","F14",NA,402,NA,NA,310,2345181,"S01.metabat2.3"
"F04","F05",NA,0,NA,NA,0,2058565,"S01.metabat2.3"
"F04","F07",NA,3,NA,NA,3,1922974,"S01.metabat2.3"
"F04","F08",NA,2,NA,NA,2,1683901,"S01.metabat2.3"
"F04","F10",NA,391,NA,NA,317,2336602,"S01.metabat2.3"
"F04","F11",NA,392,NA,NA,335,1051244,"S01.metabat2.3"
"F05","F06",NA,2,NA,NA,1,1636310,"S01.metabat2.3"
"F05","F07",NA,403,NA,NA,358,2265247,"S01.metabat2.3"
"F05","F09",NA,393,NA,NA,319,2432862,"S01.metabat2.3"
"F05","F10",NA,378,NA,NA,280,1811938,"S01.metabat2.3"
"F05","F11",NA,401,NA,NA,287,1810417,"S01.metabat2.3"
"F05","F14",NA,437,NA,NA,349,1797110,"S01.metabat2.3"
"F05","F15",NA,400,NA,NA,359,2328693,"S01.metabat2.3"
"F06","F13",NA,403,NA,NA,334,1550085,"S01.metabat2.3"
"F06","F14",NA,414,NA,NA,364,1019335,"S01.metabat2.3"
"F07","F08",NA,393,NA,NA,246,1373742,"S01.metabat2.3"
"F07","F09",NA,355,NA,NA,307,1890527,"S01.metabat2.3"
"F07","F12",NA,389,NA,NA,342,1712048,"S01.metabat2.3"
"F07","F14",NA,404,NA,NA,348,1728903,"S01.metabat2.3"
"F07","F16",NA,389,NA,NA,234,1989072,"S01.metabat2.3"
"F08","F13",NA,383,NA,NA,294,2121640,"S01.metabat2.3"
"F08","F16",NA,388,NA,NA,295,1991165,"S01.metabat2.3"
"F09","F10",NA,2,NA,NA,2,2193750,"S01.metabat2.3"
"F09","F11",NA,400,NA,NA,287,1621485,"S01.metabat2.3"
"F09","F12",NA,6,NA,NA,5,2391055,"S01.metabat2.3"
"F09","F14",NA,421,NA,NA,317,2280119,"S01.metabat2.3"
"F10","F11",NA,2,NA,NA,1,1089051,"S01.metabat2.3"
"F10","F13",NA,395,NA,NA,273,1746850,"S01.metabat2.3"
"F11","F15",NA,9,NA,NA,7,2204890,"S01.metabat2.3"
"F11","F16",NA,2,NA,NA,2,2411586,"S01.metabat2.3"
"F12","F14",NA,1,NA,NA,1,1393923,"S01.metabat2.3"
"F12","F16",NA,0,NA,NA,0,1728507,"S01.metabat2.3"
"F13","F14",NA,389,NA,NA,242,1677708,"S01.metabat2.3"
"F13","F15",NA,399,NA,NA,272,2156161,"S01.metabat2.3"
"F13","F16",NA,409,NA,NA,306,1942472,"S01.metabat2.3"
"F15","F16",NA,3,NA,NA,2,1980751,"S01.metabat2.3"
"S01","F01",NA,416,NA,NA,294,1634884,"S08.metabat2.4"
"S01","F02",NA,383,NA,NA,232,1276854,"S08.metabat2.4"
"S01","F03",NA,386,NA,NA,286,2067249,"S08.metabat2.4"
"S01","F05",NA,404,NA,NA,327,1889894,"S08.metabat2.4"
"S01","F07",NA,425,NA,NA,339,1328310,"S08.metabat2.4"
"S01","F08",NA,416,NA,NA,299,1999922,"S08.metabat2.4"
"S01","F09",NA,405,NA,NA,277,1414286,"S08.metabat2.4"
"S01","F10",NA,400,NA,NA,273,1444542,"S08.metabat2.4"
"S02","F01",NA,377,NA,NA,229,1757705,"S08.metabat2.4"
"S02","F03",NA,387,NA,NA,295,1398430,"S08.metabat2.4"
"S02","F05",NA,448,NA,NA,326,1685773,"S08.metabat2.4"
"S02","F08",NA,368,NA,NA,291,1540771,"S08.metabat2.4"
"S02","F09",NA,399,NA,NA,333,1165385,"S08.metabat2.4"
"S02","F10",NA,413,NA,NA,368,1839131,"S08.metabat2.4"
"S02","F11",NA,392,NA,NA,273,1753134,"S08.metabat2.4"
"S02","F12",NA,364,NA,NA,248,2070111,"S08.metabat2.4"
"S03","F02",NA,403,NA,NA,274,1412858,"S08.metabat2.4"
"S03","F03",NA,360,NA,NA,268,2018058,"S08.metabat2.4"
"S03","F04",NA,394,NA,NA,259,1615360,"S08.metabat2.4"
"S03","F05",NA,353,NA,NA,221,1700810,"S08.metabat2.4"
"S03","F12",NA,375,NA,NA,333,1664151,"S08.metabat2.4"
"S03","F14",NA,411,NA,NA,337,1588383,"S08.metabat2.4"
"S03","F15",NA,387,NA,NA,257,2440559,"S08.metabat2.4"
"S04","F01",NA,382,NA,NA,312,2172059,"S08.metabat2.4"
"S04","F02",NA,374,NA,NA,266,2116734,"S08.metabat2.4"
"S04","F04",NA,388,NA,NA,246,1565924,"S08.metabat2.4"
"S04","F05",NA,373,NA,NA,310,1166497,"S08.metabat2.4"
"S04","F07",NA,398,NA,NA,239,2415688,"S08.metabat2.4"
"S04","F09",NA,401,NA,NA,326,2151966,"S08.metabat2.4"
"S04","F11",NA,418,NA,NA,256,1233719,"S08.metabat2.4"
"S04","F12",NA,371,NA,NA,317,1967769,"S08.metabat2.4"
"S04","F14",NA,434,NA,NA,265,2155129,"S08.metabat2.4"
"S04","F15",NA,412,NA,NA,352,1476280,"S08.metabat2.4"
"S05","F06",NA,390,NA,NA,343,1573860,"S08.metabat2.4"
"S05","F07",NA,409,NA,NA,303,1434863,"S08.metabat2.4"
"S05","F09",NA,381,NA,NA,244,2080767,"S08.metabat2.4"
"S05","F10",NA,414,NA,NA,259,2499751,"S08.metabat2.4"
"S05","F12",NA,370,NA,NA,305,1771156,"S08.metabat2.4"
"S05","F13",NA,376,NA,NA,281,1358649,"S08.metabat2.4"
"S05","F14",NA,392,NA,NA,317,1938299,"S08.metabat2.4"
"S05","F16",NA,389,NA,NA,256,2369419,"S08.metabat2.4"
"S06","F03",NA,404,NA,NA,315,2411725,"S08.metabat2.4"
"S06","F04",NA,428,NA,NA,285,1676404,"S08.metabat2.4"
"S06","F08",NA,392,NA,NA,286,2224593,"S08.metabat2.4"
"S06","F09",NA,407,NA,NA,313,1859740,"S08.metabat2.4"
"S06","F10",NA,403,NA,NA,256,1128141,"S08.metabat2.4"
"S07","F01",NA,380,NA,NA,278,2114395,"S08.metabat2.4"
"S07","F02",NA,392,NA,NA,278,2422370,"S08.metabat2.4"
"S07","F03",NA,381,NA,NA,324,1429982,"S08.metabat2.4"
"S07","F07",NA,402,NA,NA,272,2159180,"S08.metabat2.4"
"S07","F09",NA,362,NA,NA,218,2316404,"S08.metabat2.4"
"S07","F10",NA,358,NA,NA,287,1853298,"S08.metabat2.4"
"S07","F13",NA,373,NA,NA,295,1102459,"S08.metabat2.4"
"S07","F14",NA,416,NA,NA,285,2011256,"S08.metabat2.4"
"S07","F15",NA,376,NA,NA,314,1865349,"S08.metabat2.4"
"S08","F02",NA,442,NA,NA,323,2033432,"S08.metabat2.4"
"S08","F05",NA,398,NA,NA,288,1909818,"S08.metabat2.4"
"S08","F06",NA,442,NA,NA,304,2468897,"S08.metabat2.4"
"S08","F08",NA,388,NA,NA,259,2289548,"S08.metabat2.4"
"S08","F09",NA,409,NA,NA,262,1464357,"S08.metabat2.4"
"S08","F10",NA,376,NA,NA,269,2060197,"S08.metabat2.4"
"S08","F12",NA,414,NA,NA,281,2354352,"S08.metabat2.4"
"S08","F14",NA,384,NA,NA,242,1709536,"S08.metabat2.4"
"S08","F15",NA,418,NA,NA,304,1153633,"S08.metabat2.4"
"S08","F16",NA,410,NA,NA,286,1117407,"S08.metabat2.4"
"S09","F04",NA,382,NA,NA,299,1929256,"S08.metabat2.4"
"S09","F10",NA,383,NA,NA,344,1717065,"S08.metabat2.4"
"S09","F12",NA,372,NA,NA,240,1659376,"S08.metabat2.4"
"S09","F14",NA,359,NA,NA,246,2359533,"S08.metabat2.4"
"S09","F16",NA,399,NA,NA,265,1346127,"S08.metabat2.4"
"S10","F03",NA,408,NA,NA,361,2114132,"S08.metabat2.4"
"S10","F05",NA,427,NA,NA,262,1956461,"S08.metabat2.4"
"S10","F06",NA,369,NA,NA,311,1934421,"S08.metabat2.4"
"S10","F07",NA,394,NA,NA,249,1820646,"S08.metabat2.4"
"S10","F08",NA,384,NA,NA,308,1712025,"S08.metabat2.4"
"S10","F09",NA,424,NA,NA,345,2480522,"S08.metabat2.4"
"S10","F10",NA,385,NA,NA,269,2336750,"S08.metabat2.4"
"S10","F14",NA,437,NA,NA,389,2280259,"S08.metabat2.4"
"S10","F15",NA,407,NA,NA,276,2203552,"S08.metabat2.4"
"S11","F04",NA,409,NA,NA,256,1069293,"S08.metabat2.4"
"S11","F05",NA,406,NA,NA,296,1170132,"S08.metabat2.4"
"S11","F06",NA,417,NA,NA,350,1928872,"S08.metabat2.4"
"S11","F09",NA,383,NA,NA,255,1874381,"S08.metabat2.4"
"S11","F10",NA,369,NA,NA,302,1612049,"S08.metabat2.4"
"S11","F12",NA,381,NA,NA,326,1433214,"S08.metabat2.4"
"S11","F14",NA,344,NA,NA,236,1800945,"S08.metabat2.4"
"S12","F01",NA,351,NA,NA,311,1698084,"S08.metabat2.4"
"S12","F03",NA,423,NA,NA,345,1744674,"S08.metabat2.4"
"S12","F06",NA,422,NA,NA,285,1189807,"S08.metabat2.4"
"S12","F08",NA,374,NA,NA,264,2270591,"S08.metabat2.4"
"S12","F09",NA,423,NA,NA,293,1127716,"S08.metabat2.4"
"S12","F11",NA,401,NA,NA,347,2031719,"S08.metabat2.4"
"S12","F13",NA,404,NA,NA,266,1768482,"S08.metabat2.4"
"S12","F14",NA,384,NA,NA,327,2284359,"S08.metabat2.4"
"S12","F16",NA,372,NA,NA,277,1850772,"S08.metabat2.4"
"S13","F08",NA,400,NA,NA,279,1515087,"S08.metabat2.4"
"S13","F09",NA,438,NA,NA,347,2390318,"S08.metabat2.4"
"S13","F15",NA,422,NA,NA,371,2170640,"S08.metabat2.4"
"S14","F02",NA,413,NA,NA,251,2487689,"S08.metabat2.4"
"S14","F06",NA,423,NA,NA,265,1932382,"S08.metabat2.4"
"S14","F09",NA,416,NA,NA,304,1358126,"S08.metabat2.4"
"S14","F10",NA,393,NA,NA,253,1873786,"S08.metabat2.4"
"S14","F11",NA,406,NA,NA,318,1274831,"S08.metabat2.4"
"S14","F12",NA,407,NA,NA,347,2323481,"S08.metabat2.4"
"S14","F13",NA,406,NA,NA,256,2025575,"S08.metabat2.4"
"S14","F14",NA,363,NA,NA,274,1692545,"S08.metabat2.4"
"S14","F15",NA,424,NA,NA,307,1740109,"S08.metabat2.4"
"S14","F16",NA,415,NA,NA,316,1120783,"S08.metabat2.4"
"S15","F02",NA,396,NA,NA,325,1926068,"S08.metabat2.4"
"S15","F09",NA,419,NA,NA,284,1978915,"S08.metabat2.4"
"S15","F10",NA,410,NA,NA,294,1428070,"S08.metabat2.4"
"S15","F13",NA,402,NA,NA,278,1905920,"S08.metabat2.4"
"S15","F14",NA,400,NA,NA,305,1172923,"S08.metabat2.4"
"S15","F15",NA,421,NA,NA,325,1412877,"S08.metabat2.4"
"S16","F01",NA,384,NA,NA,338,1786162,"S08.metabat2.4"
"S16","F04",NA,386,NA,NA,347,2083881,"S08.metabat2.4"
"S16","F06",NA,363,NA,NA,270,2027299,"S08.metabat2.4"
"S16","F09",NA,426,NA,NA,285,2241082,"S08.metabat2.4"
"S16","F10",NA,380,NA,NA,305,1053723,"S08.metabat2.4"
"S16","F11",NA,432,NA,NA,332,1111355,"S08.metabat2.4"
"S16","F13",NA,398,NA,NA,299,1468205,"S08.metabat2.4"
"S16","F14",NA,422,NA,NA,313,1203751,"S08.metabat2.4"
"S16","F15",NA,411,NA,NA,340,1295821,"S08.metabat2.4"
"S16","F16",NA,409,NA,NA,364,1276630,"S08.metabat2.4"
"S17","F02",NA,396,NA,NA,303,1854661,"S08.metabat2.4"
"S17","F03",NA,367,NA,NA,277,1001337,"S08.metabat2.4"
"S17","F04",NA,425,NA,NA,346,2200678,"S08.metabat2.4"
"S17","F05",NA,385,NA,NA,301,1215488,"S08.metabat2.4"
"S17","F06",NA,424,NA,NA,259,1219461,"S08.metabat2.4"
"S17","F07",NA,448,NA,NA,304,1029830,"S08.metabat2.4"
"S17","F08",NA,438,NA,NA,375,2058041,"S08.metabat2.4"
"S17","F10",NA,427,NA,NA,361,2200447,"S08.metabat2.4"
"S17","F12",NA,417,NA,NA,269,2368164,"S08.metabat2.4"
"S17","F13",NA,388,NA,NA,291,2368988,"S08.metabat2.4"
"S17","F14",NA,381,NA,NA,331,2392511,"S08.metabat2.4"
"S18","F05",NA,366,NA,NA,304,1063397,"S08.metabat2.4"
"S18","F06",NA,435,NA,NA,387,2129622,"S08.metabat2.4"
"S18","F09",NA,435,NA,NA,329,2495245,"S08.metabat2.4"
"S18","F10",NA,363,NA,NA,317,2417320,"S08.metabat2.4"
"S18","F11",NA,389,NA,NA,266,2179474,"S08.metabat2.4"
"S18","F12",NA,406,NA,NA,245,2465932,"S08.metabat2.4"
"S18","F14",NA,420,NA,NA,268,2105377,"S08.metabat2.4"
"S19","F01",NA,415,NA,NA,315,2491249,"S08.metabat2.4"
"S19","F02",NA,414,NA,NA,262,2409691,"S08.metabat2.4"
"S19","F04",NA,389,NA,NA,330,1290200,"S08.metabat2.4"
"S19","F05",NA,371,NA,NA,231,1328258,"S08.metabat2.4"
"S19","F06",NA,381,NA,NA,254,1129566,"S08.metabat2.4"
"S19","F08",NA,360,NA,NA,247,1386719,"S08.metabat2.4"
"S19","F09",NA,389,NA,NA,342,1498675,"S08.metabat2.4"
"S19","F10",NA,434,NA,NA,274,1491683,"S08.metabat2.4"
"S19","F15",NA,374,NA,NA,228,2072856,"S08.metabat2.4"
"S19","F16",NA,378,NA,NA,310,2060300,"S08.metabat2.4"
"S20","F01",NA,394,NA,NA,291,1785235,"S08.metabat2.4"
"S20","F04",NA,372,NA,NA,298,1759645,"S08.metabat2.4"
"S20","F06",NA,400,NA,NA,279,1449208,"S08.metabat2.4"
"S20","F07",NA,408,NA,NA,355,1648932,"S08.metabat2.4"
"S20","F08",NA,404,NA,NA,317,1611492,"S08.metabat2.4"
"S20","F10",NA,412,NA,NA,305,2248145,"S08.metabat2.4"
"S20","F11",NA,428,NA,NA,307,1864315,"S08.metabat2.4"
"S20","F12",NA,405,NA,NA,270,2163281,"S08.metabat2.4"
"S20","F13",NA,408,NA,NA,317,1308304,"S08.metabat2.4"
"S21","F01",NA,403,NA,NA,353,2497054,"S08.metabat2.4"
"S21","F02",NA,368,NA,NA,284,1660747,"S08.metabat2.4"
"S21","F03",NA,342,NA,NA,252,1884663,"S08.metabat2.4"
"S21","F04",NA,397,NA,NA,246,1913521,"S08.metabat2.4"
"S21","F05",NA,402,NA,NA,252,2256153,"S08.metabat2.4"
"S21","F06",NA,392,NA,NA,235,1844186,"S08.metabat2.4"
"S21","F11",NA,450,NA,NA,348,2454426,"S08.metabat2.4"
"S21","F14",NA,390,NA,NA,288,2225317,"S08.metabat2.4"
"S21","F15",NA,382,NA,NA,280,2408050,"S08.metabat2.4"
"S22","F01",NA,398,NA,NA,310,1280778,"S08.metabat2.4"
"S22","F04",NA,433,NA,NA,322,1346570,"S08.metabat2.4"
"S22","F07",NA,379,NA,NA,270,1258077,"S08.metabat2.4"
"S22","F10",NA,391,NA,NA,350,2056457,"S08.metabat2.4"
"S22","F15",NA,393,NA,NA,242,1585782,"S08.metabat2.4"
"S23","F02",NA,400,NA,NA,247,2038159,"S08.metabat2.4"
"S23","F04",NA,392,NA,NA,246,1152669,"S08.metabat2.4"
"S23","F06",NA,399,NA,NA,301,2469878,"S08.metabat2.4"
"S23","F07",NA,398,NA,NA,311,1456554,"S08.metabat2.4"
"S23","F11",NA,352,NA,NA,251,1668552,"S08.metabat2.4"
"S23","F12",NA,359,NA,NA,229,1577912,"S08.metabat2.4"
"S23","F13",NA,396,NA,NA,241,2373070,"S08.metabat2.4"
"S23","F15",NA,386,NA,NA,330,1115902,"S08.metabat2.4"
"S23","F16",NA,369,NA,NA,268,2470434,"S08.metabat2.4"
"S24","F05",NA,438,NA,NA,282,2010034,"S08.metabat2.4"
"S24","F06",NA,432,NA,NA,377,1118926,"S08.metabat2.4"
"S24","F07",NA,391,NA,NA,326,1156375,"S08.metabat2.4"
"S24","F09",NA,393,NA,NA,276,1382369,"S08.metabat2.4"
"S24","F10",NA,398,NA,NA,280,1071704,"S08.metabat2.4"
"S24","F11",NA,426,NA,NA,286,1737192,"S08.metabat2.4"
"S24","F12",NA,385,NA,NA,234,1035665,"S08.metabat2.4"
"S24","F14",NA,407,NA,NA,291,1410405,"S08.metabat2.4"
"S24","F15",NA,414,NA,NA,294,1767925,"S08.metabat2.4"
"S24","F16",NA,394,NA,NA,277,1378670,"S08.metabat2.4"
"F01","F02",NA,1,NA,NA,1,1609993,"S08.metabat2.4"
"F01","F04",NA,394,NA,NA,306,1304459,"S08.metabat2.4"
"F01","F07",NA,405,NA,NA,307,1300670,"S08.metabat2.4"
"F01","F08",NA,2,NA,NA,1,2017312,"S08.metabat2.4"
"F01","F09",NA,386,NA,NA,323,1196554,"S08.metabat2.4"
"F01","F10",NA,393,NA,NA,256,2005824,"S08.metabat2.4"
"F01","F12",NA,401,NA,NA,351,2382191,"S08.metabat2.4"
"F01","F13",NA,432,NA,NA,345,1281495,"S08.metabat2.4"
"F01","F14",NA,386,NA,NA,236,1440649,"S08.metabat2.4"
"F01","F15",NA,391,NA,NA,338,1813693,"S08.metabat2.4"
"F01","F16",NA,395,NA,NA,291,1807499,"S08.metabat2.4"
"F02","F03",NA,410,NA,NA,256,1748362,"S08.metabat2.4"
"F02","F05",NA,411,NA,NA,274,1678060,"S08.metabat2.4"
"F02","F06",NA,436,NA,NA,278,1660202,"S08.metabat2.4"
"F02","F07",NA,412,NA,NA,277,1561271,"S08.metabat2.4"
"F02","F08",NA,424,NA,NA,262,2027019,"S08.metabat2.4"
"F02","F09",NA,435,NA,NA,288,1076708,"S08.metabat2.4"
"F02","F10",NA,389,NA,NA,290,2087598,"S08.metabat2.4"
"F02","F11",NA,381,NA,NA,258,1726574,"S08.metabat2.4"
"F02","F12",NA,367,NA,NA,329,1470836,"S08.metabat2.4"
"F02","F14",NA,368,NA,NA,247,2007909,"S08.metabat2.4"
"F02","F16",NA,385,NA,NA,312,1009448,"S08.metabat2.4"
"F03","F04",NA,412,NA,NA,284,1775524,"S08.metabat2.4"
"F03","F05",NA,0,NA,NA,0,1908658,"S08.metabat2.4"
"F03","F07",NA,400,NA,NA,245,2474218,"S08.metabat2.4"
"F03","F12",NA,404,NA,NA,280,1577295,"S08.metabat2.4"
"F03","F13",NA,416,NA,NA,250,1088946,"S08.metabat2.4"
"F03","F15",NA,399,NA,NA,343,2401322,"S08.metabat2.4"
"F03","F16",NA,379,NA,NA,236,2344928,"S08.metabat2.4"
"F04","F05",NA,367,NA,NA,294,1325082,"S08.metabat2.4"
"F04","F07",NA,4,NA,NA,3,1191098,"S08.metabat2.4"
"F04","F09",NA,434,NA,NA,306,1452149,"S08.metabat2.4"
"F04","F12",NA,381,NA,NA,336,1142797,"S08.metabat2.4"
"F04","F13",NA,377,NA,NA,256,2202827,"S08.metabat2.4"
"F04","F14",NA,393,NA,NA,246,1133947,"S08.metabat2.4"
"F04","F16",NA,443,NA,NA,298,2197310,"S08.metabat2.4"
"F05","F07",NA,379,NA,NA,276,2075377,"S08.metabat2.4"
"F05","F08",NA,413,NA,NA,259,2320057,"S08.metabat2.4"
"F05","F09",NA,395,NA,NA,278,1615032,"S08.metabat2.4"
"F05","F10",NA,410,NA,NA,276,2039958,"S08.metabat2.4"
"F05","F11",NA,415,NA,NA,297,2358835,"S08.metabat2.4"
"F05","F15",NA,4,NA,NA,3,1019595,"S08.metabat2.4"
"F05","F16",NA,405,NA,NA,286,2053570,"S08.metabat2.4"
"F06","F08",NA,375,NA,NA,296,2418561,"S08.metabat2.4"
"F06","F09",NA,389,NA,NA,350,1938377,"S08.metabat2.4"
"F06","F11",NA,408,NA,NA,343,1114253,"S08.metabat2.4"
"F06","F12",NA,403,NA,NA,346,1745422,"S08.metabat2.4"
"F06","F13",NA,422,NA,NA,353,2355369,"S08.metabat2.4"
"F06","F14",NA,403,NA,NA,328,2333954,"S08.metabat2.4"
"F06","F15",NA,392,NA,NA,341,1096648,"S08.metabat2.4"
"F08","F10",NA,397,NA,NA,303,1636150,"S08.metabat2.4"
"F08","F12",NA,387,NA,NA,304,1875967,"S08.metabat2.4"
"F08","F15",NA,396,NA,NA,304,2360785,"S08.metabat2.4"
"F09","F15",NA,400,NA,NA,264,1619152,"S08.metabat2.4"
"F10","F11",NA,1,NA,NA,1,1763229,"S08.metabat2.4"
"F10","F13",NA,4,NA,NA,3,1387021,"S08.metabat2.4"
"F10","F15",NA,0,NA,NA,0,1856765,"S08.metabat2.4"
"F10","F16",NA,380,NA,NA,331,2338001,"S08.metabat2.4"
"F12","F16",NA,0,NA,NA,0,2091291,"S08.metabat2.4"
"F13","F15",NA,416,NA,NA,336,1327266,"S08.metabat2.4"
"S01","F01",NA,403,NA,NA,275,1246214,"S20.metabat2.5"
"S01","F02",NA,370,NA,NA,244,1068857,"S20.metabat2.5"
"S01","F04",NA,362,NA,NA,266,1860262,"S20.metabat2.5"
"S01","F06",NA,391,NA,NA,347,1317682,"S20.metabat2.5"
"S01","F08",NA,423,NA,NA,266,1595369,"S20.metabat2.5"
"S01","F09",NA,411,NA,NA,268,1746289,"S20.metabat2.5"
"S01","F11",NA,417,NA,NA,309,1394288,"S20.metabat2.5"
"S01","F12",NA,397,NA,NA,350,1527717,"S20.metabat2.5"
"S01","F15",NA,370,NA,NA,240,2248615,"S20.metabat2.5"
"S02","F02",NA,383,NA,NA,305,1936250,"S20.metabat2.5"
"S02","F05",NA,395,NA,NA,328,1337517,"S20.metabat2.5"
"S02","F06",NA,419,NA,NA,270,1730402,"S20.metabat2.5"
"S02","F08",NA,388,NA,NA,254,2432589,"S20.metabat2.5"
"S02","F11",NA,411,NA,NA,363,1179514,"S20.metabat2.5"
"S02","F12",NA,422,NA,NA,328,2178501,"S20.metabat2.5"
"S02","F14",NA,375,NA,NA,283,1753817,"S20.metabat2.5"
"S02","F15",NA,375,NA,NA,286,2260305,"S20.metabat2.5"
"S02","F16",NA,375,NA,NA,274,1755779,"S20.metabat2.5"
"S03","F01",NA,365,NA,NA,230,1994762,"S20.metabat2.5"
"S03","F03",NA,400,NA,NA,292,1124803,"S20.metabat2.5"
"S03","F04",NA,414,NA,NA,293,1915808,"S20.metabat2.5"
"S03","F05",NA,390,NA,NA,324,2484506,"S20.metabat2.5"
"S03","F06",NA,397,NA,NA,245,1078320,"S20.metabat2.5"
"S03","F09",NA,408,NA,NA,339,2471191,"S20.metabat2.5"
"S03","F10",NA,388,NA,NA,278,2399981,"S20.metabat2.5"
"S03","F11",NA,410,NA,NA,319,1347019,"S20.metabat2.5"
"S03","F13",NA,401,NA,NA,338,1470722,"S20.metabat2.5"
"S03","F14",NA,395,NA,NA,263,1391940,"S20.metabat2.5"
"S03","F15",NA,391,NA,NA,267,2269816,"S20.metabat2.5"
"S03","F16",NA,406,NA,NA,353,2054952,"S20.metabat2.5"
"S04","F03",NA,384,NA,NA,288,2382242,"S20.metabat2.5"
"S04","F04",NA,429,NA,NA,258,2196049,"S20.metabat2.5"
"S04","F07",NA,383,NA,NA,268,1401029,"S20.metabat2.5"
"S04","F08",NA,394,NA,NA,266,2033909,"S20.metabat2.5"
"S04","F13",NA,407,NA,NA,288,1490450,"S20.metabat2.5"
"S04","F15",NA,415,NA,NA,321,1727051,"S20.metabat2.5"
"S04","F16",NA,383,NA,NA,332,1312154,"S20.metabat2.5"
"S05","F02",NA,415,NA,NA,269,1158805,"S20.metabat2.5"
"S05","F03",NA,404,NA,NA,270,1227205,"S20.metabat2.5"
"S05","F05",NA,425,NA,NA,332,2449540,"S20.metabat2.5"
"S05","F06",NA,399,NA,NA,347,1201638,"S20.metabat2.5"
"S05","F12",NA,414,NA,NA,319,2494801,"S20.metabat2.5"
"S05","F14",NA,404,NA,NA,313,1744930,"S20.metabat2.5"
"S05","F16",NA,386,NA,NA,246,1765943,"S20.metabat2.5"
"S06","F01",NA,422,NA,NA,314,1489649,"S20.metabat2.5"
"S06","F02",NA,368,NA,NA,254,1532941,"S20.metabat2.5"
"S06","F04",NA,372,NA,NA,287,1431199,"S20.metabat2.5"
"S06","F05",NA,402,NA,NA,293,2244161,"S20.metabat2.5"
"S06","F06",NA,384,NA,NA,277,2040006,"S20.metabat2.5"
"S06","F07",NA,384,NA,NA,326,1782503,"S20.metabat2.5"
"S06","F08",NA,381,NA,NA,265,2059417,"S20.metabat2.5"
"S06","F09",NA,381,NA,NA,322,1559614,"S20.metabat2.5"
"S06","F10",NA,396,NA,NA,350,1813976,"S20.metabat2.5"
"S06","F11",NA,405,NA,NA,339,2180127,"S20.metabat2.5"
"S06","F12",NA,432,NA,NA,362,1371760,"S20.metabat2.5"
"S06","F14",NA,409,NA,NA,326,1102552,"S20.metabat2.5"
"S06","F16",NA,406,NA,NA,345,1387275,"S20.metabat2.5"
"S07","F02",NA,377,NA,NA,338,1348542,"S20.metabat2.5"
"S07","F03",NA,407,NA,NA,317,1609855,"S20.metabat2.5"
"S07","F05",NA,420,NA,NA,293,2393454,"S20.metabat2.5"
"S07","F06",NA,380,NA,NA,319,1474743,"S20.metabat2.5"
"S07","F08",NA,383,NA,NA,259,1946357,"S20.metabat2.5"
"S07","F10",NA,372,NA,NA,270,2488973,"S20.metabat2.5"
"S07","F11",NA,374,NA,NA,231,1939938,"S20.metabat2.5"
"S07","F12",NA,393,NA,NA,268,2127643,"S20.metabat2.5"
"S08","F05",NA,399,NA,NA,324,1333521,"S20.metabat2.5"
"S08","F07",NA,421,NA,NA,271,1597098,"S20.metabat2.5"
"S08","F08",NA,380,NA,NA,310,2233831,"S20.metabat2.5"
"S08","F11",NA,374,NA,NA,247,1740656,"S20.metabat2.5"
"S08","F12",NA,364,NA,NA,325,1536472,"S20.metabat2.5"
"S08","F13",NA,416,NA,NA,273,2251373,"S20.metabat2.5"
"S09","F03",NA,414,NA,NA,308,2477204,"S20.metabat2.5"
"S09","F05",NA,397,NA,NA,319,1921814,"S20.metabat2.5"
"S09","F06",NA,442,NA,NA,397,1150959,"S20.metabat2.5"
"S09","F07",NA,405,NA,NA,293,1187896,"S20.metabat2.5"
"S09","F09",NA,420,NA,NA,332,1404999,"S20.metabat2.5"
"S09","F10",NA,356,NA,NA,280,1177517,"S20.metabat2.5"
"S09","F11",NA,400,NA,NA,299,2100235,"S20.metabat2.5"
"S09","F12",NA,394,NA,NA,335,2488117,"S20.metabat2.5"
"S09","F13",NA,396,NA,NA,315,2076971,"S20.metabat2.5"
"S09","F16",NA,414,NA,NA,284,1611068,"S20.metabat2.5"
"S10","F01",NA,415,NA,NA,324,1479494,"S20.metabat2.5"
"S10","F03",NA,385,NA,NA,251,1418790,"S20.metabat2.5"
"S10","F06",NA,388,NA,NA,270,1322109,"S20.metabat2.5"
"S10","F07",NA,378,NA,NA,227,2097183,"S20.metabat2.5"
"S10","F11",NA,371,NA,NA,232,2281593,"S20.metabat2.5"
"S10","F13",NA,401,NA,NA,285,1422673,"S20.metabat2.5"
"S10","F14",NA,424,NA,NA,261,1905459,"S20.metabat2.5"
"S10","F15",NA,408,NA,NA,305,1135451,"S20.metabat2.5"
"S11","F01",NA,408,NA,NA,294,2236551,"S20.metabat2.5"
"S11","F03",NA,404,NA,NA,257,2124242,"S20.metabat2.5"
"S11","F07",NA,395,NA,NA,301,2268392,"S20.metabat2.5"
"S11","F09",NA,405,NA,NA,262,2100320,"S20.metabat2.5"
"S11","F10",NA,400,NA,NA,278,1126024,"S20.metabat2.5"
"S11","F11",NA,422,NA,NA,329,2229593,"S20.metabat2.5"
"S11","F13",NA,400,NA,NA,285,1362874,"S20.metabat2.5"
"S11","F14",NA,380,NA,NA,291,1623292,"S20.metabat2.5"
"S11","F16",NA,399,NA,NA,309,2045170,"S20.metabat2.5"
"S12","F01",NA,422,NA,NA,308,2283076,"S20.metabat2.5"
"S12","F04",NA,398,NA,NA,247,1794070,"S20.metabat2.5"
"S12","F07",NA,387,NA,NA,304,2074540,"S20.metabat2.5"
"S12","F10",NA,382,NA,NA,288,2114230,"S20.metabat2.5"
"S12","F11",NA,392,NA,NA,275,1753674,"S20.metabat2.5"
"S12","F13",NA,415,NA,NA,355,1729206,"S20.metabat2.5"
"S13","F03",NA,406,NA,NA,340,2469483,"S20.metabat2.5"
"S13","F04",NA,388,NA,NA,317,2100701,"S20.metabat2.5"
"S13","F05",NA,379,NA,NA,302,2322829,"S20.metabat2.5"
"S13","F06",NA,404,NA,NA,305,1809218,"S20.metabat2.5"
"S13","F12",NA,428,NA,NA,271,1342405,"S20.metabat2.5"
"S13","F14",NA,397,NA,NA,258,2167407,"S20.metabat2.5"
"S14","F01",NA,395,NA,NA,265,1271370,"S20.metabat2.5"
"S14","F02",NA,418,NA,NA,290,2454463,"S20.metabat2.5"
"S14","F07",NA,427,NA,NA,356,2440922,"S20.metabat2.5"
"S14","F08",NA,400,NA,NA,246,2432307,"S20.metabat2.5"
"S14","F09",NA,414,NA,NA,275,1654952,"S20.metabat2.5"
"S14","F12",NA,400,NA,NA,343,1895837,"S20.metabat2.5"
"S14","F16",NA,380,NA,NA,266,2028237,"S20.metabat2.5"
"S15","F04",NA,418,NA,NA,367,1267757,"S20.metabat2.5"
"S15","F08",NA,421,NA,NA,293,2043165,"S20.metabat2.5"
"S15","F09",NA,408,NA,NA,319,2369162,"S20.metabat2.5"
"S16","F02",NA,387,NA,NA,262,1197132,"S20.metabat2.5"
"S16","F03",NA,409,NA,NA,254,1433373,"S20.metabat2.5"
"S16","F08",NA,405,NA,NA,315,1316975,"S20.metabat2.5"
"S16","F09",NA,404,NA,NA,309,2452322,"S20.metabat2.5"
"S16","F10",NA,394,NA,NA,271,1920634,"S20.metabat2.5"
"S16","F12",NA,403,NA,NA,275,1496050,"S20.metabat2.5"
"S16","F13",NA,403,NA,NA,304,1264117,"S20.metabat2.5"
"S16","F16",NA,406,NA,NA,352,1617898,"S20.metabat2.5"
"S17","F06",NA,417,NA,NA,311,2097393,"S20.metabat2.5"
"S17","F07",NA,385,NA,NA,277,1557863,"S20.metabat2.5"
"S17","F08",NA,423,NA,NA,260,2144835,"S20.metabat2.5"
"S17","F09",NA,387,NA,NA,314,1204269,"S20.metabat2.5"
"S17","F11",NA,417,NA,NA,342,1453160,"S20.metabat2.5"
"S18","F01",NA,382,NA,NA,306,1428418,"S20.metabat2.5"
"S18","F05",NA,392,NA,NA,276,1473131,"S20.metabat2.5"
"S18","F06",NA,388,NA,NA,335,2346035,"S20.metabat2.5"
"S18","F07",NA,420,NA,NA,307,1518876,"S20.metabat2.5"
"S18","F09",NA,397,NA,NA,303,1753405,"S20.metabat2.5"
"S18","F11",NA,428,NA,NA,312,1541304,"S20.metabat2.5"
"S18","F12",NA,435,NA,NA,335,1387950,"S20.metabat2.5"
"S18","F13",NA,407,NA,NA,312,1119306,"S20.metabat2.5"
"S18","F15",NA,403,NA,NA,272,1816307,"S20.metabat2.5"
"S18","F16",NA,406,NA,NA,325,1909644,"S20.metabat2.5"
"S19","F04",NA,385,NA,NA,241,1459064,"S20.metabat2.5"
"S19","F05",NA,402,NA,NA,275,2235552,"S20.metabat2.5"
"S19","F07",NA,371,NA,NA,301,2444057,"S20.metabat2.5"
"S19","F08",NA,393,NA,NA,255,1414053,"S20.metabat2.5"
"S19","F09",NA,395,NA,NA,298,2174416,"S20.metabat2.5"
"S19","F10",NA,423,NA,NA,328,1980474,"S20.metabat2.5"
"S19","F11",NA,442,NA,NA,368,1403701,"S20.metabat2.5"
"S19","F12",NA,392,NA,NA,252,1249349,"S20.metabat2.5"
"S19","F14",NA,423,NA,NA,319,2417211,"S20.metabat2.5"
"S20","F01",NA,386,NA,NA,235,1497157,"S20.metabat2.5"
"S20","F03",NA,383,NA,NA,321,2022305,"S20.metabat2.5"
"S20","F04",NA,393,NA,NA,269,1738066,"S20.metabat2.5"
"S20","F05",NA,379,NA,NA,322,1558617,"S20.metabat2.5"
"S20","F07",NA,389,NA,NA,328,2019125,"S20.metabat2.5"
"S20","F11",NA,415,NA,NA,267,1765607,"S20.metabat2.5"
"S20","F12",NA,401,NA,NA,317,2188504,"S20.metabat2.5"
"S21","F02",NA,398,NA,NA,325,2128271,"S20.metabat2.5"
"S21","F04",NA,413,NA,NA,356,1109824,"S20.metabat2.5"
"S21","F07",NA,411,NA,NA,343,1012305,"S20.metabat2.5"
"S21","F09",NA,361,NA,NA,270,2007453,"S20.metabat2.5"
"S21","F11",NA,388,NA,NA,335,1185977,"S20.metabat2.5"
"S21","F13",NA,435,NA,NA,374,1966542,"S20.metabat2.5"
"S22","F01",NA,362,NA,NA,287,1900507,"S20.metabat2.5"
"S22","F03",NA,374,NA,NA,270,1336992,"S20.metabat2.5"
"S22","F05",NA,427,NA,NA,362,1860565,"S20.metabat2.5"
"S22","F06",NA,401,NA,NA,292,1235395,"S20.metabat2.5"
"S22","F09",NA,422,NA,NA,359,1347728,"S20.metabat2.5"
"S22","F10",NA,444,NA,NA,283,2374199,"S20.metabat2.5"
"S22","F13",NA,382,NA,NA,327,1996491,"S20.metabat2.5"
"S22","F14",NA,401,NA,NA,315,1082107,"S20.metabat2.5"
"S22","F15",NA,376,NA,NA,269,1159802,"S20.metabat2.5"
"S23","F02",NA,380,NA,NA,322,1544557,"S20.metabat2.5"
"S23","F03",NA,409,NA,NA,259,1181019,"S20.metabat2.5"
"S23","F05",NA,402,NA,NA,299,1924135,"S20.metabat2.5"
"S23","F10",NA,392,NA,NA,259,1038334,"S20.metabat2.5"
"S23","F11",NA,452,NA,NA,387,1259529,"S20.metabat2.5"
"S24","F01",NA,393,NA,NA,309,1163371,"S20.metabat2.5"
"S24","F02",NA,410,NA,NA,271,2079809,"S20.metabat2.5"
"S24","F03",NA,406,NA,NA,285,1207899,"S20.metabat2.5"
"S24","F04",NA,441,NA,NA,325,1156541,"S20.metabat2.5"
"S24","F07",NA,402,NA,NA,324,2224173,"S20.metabat2.5"
"S24","F10",NA,406,NA,NA,252,1789949,"S20.metabat2.5"
"S24","F12",NA,392,NA,NA,348,1531459,"S20.metabat2.5"
"S24","F13",NA,382,NA,NA,230,1492630,"S20.metabat2.5"
"S24","F14",NA,401,NA,NA,283,1067010,"S20.metabat2.5"
"F01","F02",NA,6,NA,NA,4,1520641,"S20.metabat2.5"
"F01","F05",NA,401,NA,NA,281,2292824,"S20.metabat2.5"
"F01","F06",NA,374,NA,NA,236,2191236,"S20.metabat2.5"
"F01","F07",NA,378,NA,NA,274,1330816,"S20.metabat2.5"
"F01","F09",NA,393,NA,NA,351,2227018,"S20.metabat2.5"
"F01","F14",NA,361,NA,NA,255,1139079,"S20.metabat2.5"
"F02","F07",NA,406,NA,NA,296,1604276,"S20.metabat2.5"
"F02","F08",NA,397,NA,NA,337,1331690,"S20.metabat2.5"
"F02","F10",NA,395,NA,NA,354,2463359,"S20.metabat2.5"
"F02","F12",NA,446,NA,NA,316,1525432,"S20.metabat2.5"
"F02","F13",NA,431,NA,NA,357,2089318,"S20.metabat2.5"
"F02","F14",NA,398,NA,NA,318,1009661,"S20.metabat2.5"
"F02","F16",NA,421,NA,NA,287,1516823,"S20.metabat2.5"
"F03","F04",NA,367,NA,NA,330,1556542,"S20.metabat2.5"
"F03","F05",NA,387,NA,NA,259,1677673,"S20.metabat2.5"
"F03","F07",NA,376,NA,NA,277,1384343,"S20.metabat2.5"
"F03","F14",NA,413,NA,NA,341,2155741,"S20.metabat2.5"
"F04","F05",NA,419,NA,NA,358,1065377,"S20.metabat2.5"
"F04","F08",NA,3,NA,NA,2,1884133,"S20.metabat2.5"
"F04","F09",NA,413,NA,NA,272,2232346,"S20.metabat2.5"
"F04","F13",NA,435,NA,NA,386,2233859,"S20.metabat2.5"
"F04","F15",NA,397,NA,NA,322,2047325,"S20.metabat2.5"
"F05","F06",NA,2,NA,NA,2,2189984,"S20.metabat2.5"
"F05","F08",NA,411,NA,NA,259,1214694,"S20.metabat2.5"
"F05","F09",NA,374,NA,NA,323,2311049,"S20.metabat2.5"
"F05","F10",NA,428,NA,NA,292,2405267,"S20.metabat2.5"
"F05","F12",NA,390,NA,NA,293,1132600,"S20.metabat2.5"
"F05","F13",NA,373,NA,NA,247,1170896,"S20.metabat2.5"
"F05","F14",NA,394,NA,NA,255,2339690,"S20.metabat2.5"
"F05","F15",NA,409,NA,NA,271,1399291,"S20.metabat2.5"
"F06","F08",NA,6,NA,NA,4,1377096,"S20.metabat2.5"
"F06","F09",NA,375,NA,NA,254,1145664,"S20.metabat2.5"
"F06","F13",NA,372,NA,NA,330,1616970,"S20.metabat2.5"
"F07","F08",NA,404,NA,NA,292,1258963,"S20.metabat2.5"
"F07","F09",NA,400,NA,NA,353,2156854,"S20.metabat2.5"
"F07","F11",NA,396,NA,NA,239,1065935,"S20.metabat2.5"
"F07","F13",NA,393,NA,NA,242,2127774,"S20.metabat2.5"
"F07","F14",NA,386,NA,NA,250,2276669,"S20.metabat2.5"
"F07","F16",NA,415,NA,NA,346,2378095,"S20.metabat2.5"
"F08","F09",NA,441,NA,NA,324,2265025,"S20.metabat2.5"
"F08","F10",NA,381,NA,NA,256,2078059,"S20.metabat2.5"
"F08","F12",NA,388,NA,NA,278,2092691,"S20.metabat2.5"
"F08","F13",NA,393,NA,NA,313,1742717,"S20.metabat2.5"
"F08","F14",NA,402,NA,NA,287,2085592,"S20.metabat2.5"
"F09","F11",NA,391,NA,NA,314,2443172,"S20.metabat2.5"
"F09","F12",NA,368,NA,NA,274,2161291,"S20.metabat2.5"
"F09","F13",NA,389,NA,NA,273,2015997,"S20.metabat2.5"
"F09","F15",NA,408,NA,NA,299,1772998,"S20.metabat2.5"
"F10","F11",NA,423,NA,NA,291,2233162,"S20.metabat2.5"
"F10","F12",NA,1,NA,NA,1,1038760,"S20.metabat2.5"
"F10","F15",NA,391,NA,NA,295,1222697,"S20.metabat2.5"
"F10","F16",NA,423,NA,NA,319,2267918,"S20.metabat2.5"
"F11","F16",NA,3,NA,NA,3,1888428,"S20.metabat2.5"
"F12","F15",NA,396,NA,NA,256,1126823,"S20.metabat2.5"
"F13","F15",NA,5,NA,NA,4,1658177,"S20.metabat2.5"
"F15","F16",NA,363,NA,NA,308,1259908,"S20.metabat2.5"
"S01","F02",NA,393,NA,NA,298,1889291,"S10.metabat2.6"
"S01","F03",NA,388,NA,NA,307,2120317,"S10.metabat2.6"
"S01","F04",NA,363,NA,NA,272,1307494,"S10.metabat2.6"
"S01","F05",NA,356,NA,NA,299,1557137,"S10.metabat2.6"
"S01","F06",NA,438,NA,NA,307,1251693,"S10.metabat2.6"
"S01","F08",NA,380,NA,NA,267,1691474,"S10.metabat2.6"
"S01","F09",NA,414,NA,NA,362,1622132,"S10.metabat2.6"
"S01","F13",NA,386,NA,NA,311,1830814,"S10.metabat2.6"
"S01","F15",NA,397,NA,NA,303,1580261,"S10.metabat2.6"
"S02","F01",NA,403,NA,NA,309,1950564,"S10.metabat2.6"
"S02","F04",NA,406,NA,NA,283,1783806,"S10.metabat2.6"
"S02","F07",NA,412,NA,NA,310,1043356,"S10.metabat2.6"
"S02","F09",NA,449,NA,NA,383,2280391,"S10.metabat2.6"
"S02","F10",NA,399,NA,NA,263,1697541,"S10.metabat2.6"
"S02","F12",NA,398,NA,NA,272,1454322,"S10.metabat2.6"
"S02","F14",NA,429,NA,NA,268,1688798,"S10.metabat2.6"
"S02","F15",NA,386,NA,NA,240,1581426,"S10.metabat2.6"
"S03","F01",NA,388,NA,NA,250,1005831,"S10.metabat2.6"
"S03","F02",NA,402,NA,NA,360,2080665,"S10.metabat2.6"
"S03","F03",NA,407,NA,NA,366,1352783,"S10.metabat2.6"
"S03","F05",NA,401,NA,NA,267,1596449,"S10.metabat2.6"
"S03","F06",NA,388,NA,NA,332,1706260,"S10.metabat2.6"
"S03","F07",NA,424,NA,NA,305,1208838,"S10.metabat2.6"
"S03","F08",NA,406,NA,NA,272,2395595,"S10.metabat2.6"
"S03","F09",NA,393,NA,NA,322,2225412,"S10.metabat2.6"
"S03","F10",NA,395,NA,NA,299,1206455,"S10.metabat2.6"
"S03","F13",NA,389,NA,NA,296,2406622,"S10.metabat2.6"
"S03","F16",NA,386,NA,NA,288,1800273,"S10.metabat2.6"
"S04","F06",NA,396,NA,NA,238,2327786,"S10.metabat2.6"
"S04","F07",NA,385,NA,NA,253,1243863,"S10.metabat2.6"
"S04","F08",NA,401,NA,NA,274,1122723,"S10.metabat2.6"
"S04","F10",NA,391,NA,NA,241,1587988,"S10.metabat2.6"
"S04","F15",NA,377,NA,NA,234,1394014,"S10.metabat2.6"
"S04","F16",NA,395,NA,NA,308,1375224,"S10.metabat2.6"
"S05","F01",NA,379,NA,NA,322,1034770,"S10.metabat2.6"
"S05","F02",NA,388,NA,NA,331,1450446,"S10.metabat2.6"
"S05","F03",NA,366,NA,NA,303,2192003,"S10.metabat2.6"
"S05","F08",NA,400,NA,NA,245,1532900,"S10.metabat2.6"
"S05","F10",NA,404,NA,NA,269,2267821,"S10.metabat2.6"
"S05","F12",NA,408,NA,NA,315,1438522,"S10.metabat2.6"
"S05","F13",NA,380,NA,NA,340,1801694,"S10.metabat2.6"
"S05","F14",NA,384,NA,NA,234,1212970,"S10.metabat2.6"
"S05","F16",NA,430,NA,NA,345,1059165,"S10.metabat2.6"
"S06","F04",NA,400,NA,NA,328,1591307,"S10.metabat2.6"
"S06","F13",NA,401,NA,NA,262,1957546,"S10.metabat2.6"
"S06","F15",NA,431,NA,NA,335,1864848,"S10.metabat2.6"
"S06","F16",NA,375,NA,NA,244,2248428,"S10.metabat2.6"
"S07","F01",NA,6,NA,NA,5,1934906,"S10.metabat2.6"
"S07","F02",NA,417,NA,NA,304,1199698,"S10.metabat2.6"
"S07","F03",NA,435,NA,NA,383,2102553,"S10.metabat2.6"
"S07","F04",NA,399,NA,NA,300,1966507,"S10.metabat2.6"
"S07","F08",NA,388,NA,NA,308,1251233,"S10.metabat2.6"
"S07","F11",NA,378,NA,NA,289,1053024,"S10.metabat2.6"
"S07","F12",NA,419,NA,NA,362,2224444,"S10.metabat2.6"
"S07","F14",NA,414,NA,NA,319,2413705,"S10.metabat2.6"
"S07","F15",NA,390,NA,NA,301,1981573,"S10.metabat2.6"
"S08","F02",NA,438,NA,NA,385,1546993,"S10.metabat2.6"
"S08","F03",NA,430,NA,NA,277,1397757,"S10.metabat2.6"
"S08","F04",NA,420,NA,NA,370,1347340,"S10.metabat2.6"
"S08","F06",NA,415,NA,NA,306,2485151,"S10.metabat2.6"
"S08","F07",NA,400,NA,NA,347,2379062,"S10.metabat2.6"
"S08","F10",NA,390,NA,NA,351,1696120,"S10.metabat2.6"
"S08","F11",NA,377,NA,NA,237,1717072,"S10.metabat2.6"
"S08","F13",NA,360,NA,NA,265,1254408,"S10.metabat2.6"
"S08","F14",NA,445,NA,NA,335,2321045,"S10.metabat2.6"
"S09","F01",NA,396,NA,NA,269,1373001,"S10.metabat2.6"
"S09","F02",NA,435,NA,NA,304,2078800,"S10.metabat2.6"
"S09","F06",NA,406,NA,NA,245,2229594,"S10.metabat2.6"
"S09","F08",NA,363,NA,NA,221,1437137,"S10.metabat2.6"
"S09","F09",NA,376,NA,NA,307,1734948,"S10.metabat2.6"
"S09","F12",NA,414,NA,NA,294,1931716,"S10.metabat2.6"
"S09","F15",NA,418,NA,NA,348,1687404,"S10.metabat2.6"
"S09","F16",NA,379,NA,NA,258,2266503,"S10.metabat2.6"
"S10","F04",NA,411,NA,NA,249,2484742,"S10.metabat2.6"
"S10","F06",NA,409,NA,NA,310,1237238,"S10.metabat2.6"
"S10","F08",NA,394,NA,NA,320,1565484,"S10.metabat2.6"
"S10","F09",NA,393,NA,NA,284,2199251,"S10.metabat2.6"
"S10","F10",NA,409,NA,NA,336,1673380,"S10.metabat2.6"
"S10","F11",NA,408,NA,NA,309,1687278,"S10.metabat2.6"
"S10","F12",NA,383,NA,NA,313,1064270,"S10.metabat2.6"
"S10","F13",NA,385,NA,NA,244,1445585,"S10.metabat2.6"
"S10","F14",NA,411,NA,NA,352,1229335,"S10.metabat2.6"
"S10","F16",NA,412,NA,NA,270,2460614,"S10.metabat2.6"
"S11","F01",NA,386,NA,NA,324,1051212,"S10.metabat2.6"
"S11","F02",NA,382,NA,NA,230,2120945,"S10.metabat2.6"
"S11","F03",NA,375,NA,NA,319,2490847,"S10.metabat2.6"
"S11","F04",NA,387,NA,NA,338,2467825,"S10.metabat2.6"
"S11","F05",NA,386,NA,NA,249,1875475,"S10.metabat2.6"
"S11","F06",NA,412,NA,NA,319,1582710,"S10.metabat2.6"
"S11","F09",NA,433,NA,NA,388,2425117,"S10.metabat2.6"
"S11","F12",NA,391,NA,NA,238,1088528,"S10.metabat2.6"
"S11","F14",NA,409,NA,NA,320,1321039,"S10.metabat2.6"
"S11","F16",NA,393,NA,NA,295,1883464,"S10.metabat2.6"
"S12","F03",NA,379,NA,NA,338,2360832,"S10.metabat2.6"
"S12","F04",NA,370,NA,NA,231,1935973,"S10.metabat2.6"
"S12","F06",NA,410,NA,NA,330,1343297,"S10.metabat2.6"
"S12","F07",NA,440,NA,NA,329,2117406,"S10.metabat2.6"
"S12","F09",NA,386,NA,NA,233,1671603,"S10.metabat2.6"
"S12","F11",NA,396,NA,NA,304,1491160,"S10.metabat2.6"
"S12","F14",NA,416,NA,NA,288,1183548,"S10.metabat2.6"
"S13","F06",NA,373,NA,NA,294,1936072,"S10.metabat2.6"
"S13","F09",NA,437,NA,NA,340,1654768,"S10.metabat2.6"
"S13","F11",NA,422,NA,NA,370,1365964,"S10.metabat2.6"
"S13","F12",NA,386,NA,NA,314,2052011,"S10.metabat2.6"
"S13","F15",NA,401,NA,NA,276,2208651,"S10.metabat2.6"
"S13","F16",NA,401,NA,NA,313,2130329,"S10.metabat2.6"
"S14","F02",NA,437,NA,NA,311,2352025,"S10.metabat2.6"
"S14","F04",NA,390,NA,NA,333,2239184,"S10.metabat2.6"
"S14","F05",NA,382,NA,NA,245,2378485,"S10.metabat2.6"
"S14","F06",NA,379,NA,NA,250,1551697,"S10.metabat2.6"
"S14","F07",NA,380,NA,NA,248,2316462,"S10.metabat2.6"
"S14","F09",NA,390,NA,NA,284,2206311,"S10.metabat2.6"
"S14","F14",NA,407,NA,NA,311,1349877,"S10.metabat2.6"
"S15","F01",NA,360,NA,NA,311,1903839,"S10.metabat2.6"
"S15","F02",NA,399,NA,NA,283,1703923,"S10.metabat2.6"
"S15","F07",NA,398,NA,NA,251,2443051,"S10.metabat2.6"
"S15","F08",NA,410,NA,NA,287,2426390,"S10.metabat2.6"
"S15","F09",NA,410,NA,NA,364,2013543,"S10.metabat2.6"
"S15","F12",NA,431,NA,NA,316,2246527,"S10.metabat2.6"
"S15","F14",NA,400,NA,NA,278,1467564,"S10.metabat2.6"
"S15","F15",NA,403,NA,NA,278,1553058,"S10.metabat2.6"
"S16","F01",NA,395,NA,NA,350,2377996,"S10.metabat2.6"
"S16","F02",NA,397,NA,NA,332,1136773,"S10.metabat2.6"
"S16","F04",NA,344,NA,NA,262,2136742,"S10.metabat2.6"
"S16","F06",NA,384,NA,NA,253,2298855,"S10.metabat2.6"
"S16","F10",NA,411,NA,NA,334,2403886,"S10.metabat2.6"
"S16","F14",NA,419,NA,NA,371,2404006,"S10.metabat2.6"
"S16","F16",NA,387,NA,NA,302,1515356,"S10.metabat2.6"
"S17","F04",NA,428,NA,NA,341,2062591,"S10.metabat2.6"
"S17","F07",NA,410,NA,NA,256,1632020,"S10.metabat2.6"
"S17","F08",NA,1,NA,NA,1,1046867,"S10.metabat2.6"
"S17","F13",NA,400,NA,NA,283,1091164,"S10.metabat2.6"
"S17","F15",NA,393,NA,NA,288,2263833,"S10.metabat2.6"
"S17","F16",NA,444,NA,NA,288,1286948,"S10.metabat2.6"
"S18","F04",NA,396,NA,NA,317,1836566,"S10.metabat2.6"
"S18","F05",NA,407,NA,NA,349,1087801,"S10.metabat2.6"
"S18","F06",NA,382,NA,NA,319,1063022,"S10.metabat2.6"
"S18","F10",NA,417,NA,NA,294,2490108,"S10.metabat2.6"
"S18","F11",NA,413,NA,NA,261,1825117,"S10.metabat2.6"
"S18","F15",NA,402,NA,NA,292,1330910,"S10.metabat2.6"
"S19","F02",NA,376,NA,NA,316,1740134,"S10.metabat2.6"
"S19","F04",NA,400,NA,NA,242,1808170,"S10.metabat2.6"
"S19","F05",NA,396,NA,NA,285,2167195,"S10.metabat2.6"
"S19","F09",NA,403,NA,NA,297,2275929,"S10.metabat2.6"
"S19","F13",NA,392,NA,NA,343,2238014,"S10.metabat2.6"
"S19","F14",NA,432,NA,NA,271,1733373,"S10.metabat2.6"
"S19","F16",NA,369,NA,NA,332,2107275,"S10.metabat2.6"
"S20","F02",NA,399,NA,NA,318,2339346,"S10.metabat2.6"
"S20","F03",NA,416,NA,NA,366,2325484,"S10.metabat2.6"
"S20","F05",NA,404,NA,NA,335,1869760,"S10.metabat2.6"
"S20","F08",NA,386,NA,NA,310,1370422,"S10.metabat2.6"
"S20","F09",NA,387,NA,NA,241,1940671,"S10.metabat2.6"
"S20","F13",NA,399,NA,NA,356,2260608,"S10.metabat2.6"
"S20","F14",NA,410,NA,NA,349,1242270,"S10.metabat2.6"
"S21","F01",NA,367,NA,NA,276,2050289,"S10.metabat2.6"
"S21","F03",NA,353,NA,NA,219,1041345,"S10.metabat2.6"
"S21","F07",NA,415,NA,NA,371,1048116,"S10.metabat2.6"
"S21","F08",NA,399,NA,NA,306,1143774,"S10.metabat2.6"
"S21","F11",NA,389,NA,NA,257,2440249,"S10.metabat2.6"
"S21","F12",NA,398,NA,NA,304,2391593,"S10.metabat2.6"
"S21","F13",NA,440,NA,NA,341,2343977,"S10.metabat2.6"
"S21","F14",NA,377,NA,NA,253,1244587,"S10.metabat2.6"
"S22","F01",NA,365,NA,NA,259,1403002,"S10.metabat2.6"
"S22","F04",NA,374,NA,NA,296,1735775,"S10.metabat2.6"
"S22","F05",NA,378,NA,NA,269,1629486,"S10.metabat2.6"
"S22","F08",NA,407,NA,NA,266,2360075,"S10.metabat2.6"
"S22","F09",NA,389,NA,NA,316,1971644,"S10.metabat2.6"
"S22","F16",NA,422,NA,NA,325,1178053,"S10.metabat2.6"
"S23","F02",NA,411,NA,NA,303,2124862,"S10.metabat2.6"
"S23","F05",NA,458,NA,NA,382,1067350,"S10.metabat2.6"
"S23","F08",NA,376,NA,NA,251,1342957,"S10.metabat2.6"
"S23","F10",NA,400,NA,NA,312,1904584,"S10.metabat2.6"
"S23","F15",NA,360,NA,NA,244,1725082,"S10.metabat2.6"
"S24","F03",NA,392,NA,NA,242,2483470,"S10.metabat2.6"
"S24","F04",NA,420,NA,NA,352,1051224,"S10.metabat2.6"
"S24","F06",NA,391,NA,NA,258,1902952,"S10.metabat2.6"
"S24","F07",NA,424,NA,NA,358,2154213,"S10.metabat2.6"
"S24","F12",NA,410,NA,NA,301,2081957,"S10.metabat2.6"
"S24","F14",NA,401,NA,NA,317,1060025,"S10.metabat2.6"
"S24","F15",NA,403,NA,NA,298,1673002,"S10.metabat2.6"
"F01","F02",NA,3,NA,NA,2,1907364,"S10.metabat2.6"
"F01","F03",NA,3,NA,NA,2,2274621,"S10.metabat2.6"
"F01","F04",NA,397,NA,NA,327,1619667,"S10.metabat2.6"
"F01","F05",NA,391,NA,NA,250,1702243,"S10.metabat2.6"
"F01","F06",NA,5,NA,NA,4,1848448,"S10.metabat2.6"
"F01","F08",NA,5,NA,NA,3,2281667,"S10.metabat2.6"
"F01","F09",NA,389,NA,NA,265,1745225,"S10.metabat2.6"
"F01","F10",NA,381,NA,NA,272,1286885,"S10.metabat2.6"
"F01","F11",NA,380,NA,NA,336,2337403,"S10.metabat2.6"
"F01","F12",NA,419,NA,NA,283,1477201,"S10.metabat2.6"
"F01","F13",NA,426,NA,NA,318,1485321,"S10.metabat2.6"
"F01","F14",NA,386,NA,NA,248,2097883,"S10.metabat2.6"
"F01","F15",NA,390,NA,NA,350,1540680,"S10.metabat2.6"
"F01","F16",NA,405,NA,NA,330,1394425,"S10.metabat2.6"
"F02","F04",NA,6,NA,NA,5,1184310,"S10.metabat2.6"
"F02","F05",NA,2,NA,NA,2,1744621,"S10.metabat2.6"
"F02","F08",NA,373,NA,NA,314,1739292,"S10.metabat2.6"
"F02","F12",NA,394,NA,NA,287,1835151,"S10.metabat2.6"
"F02","F16",NA,440,NA,NA,396,2279593,"S10.metabat2.6"
"F03","F05",NA,4,NA,NA,3,2088500,"S10.metabat2.6"
"F03","F07",NA,430,NA,NA,334,2392412,"S10.metabat2.6"
"F03","F08",NA,380,NA,NA,323,1117909,"S10.metabat2.6"
"F03","F10",NA,370,NA,NA,312,1711743,"S10.metabat2.6"
"F03","F12",NA,398,NA,NA,283,2120040,"S10.metabat2.6"
"F03","F13",NA,390,NA,NA,300,1502994,"S10.metabat2.6"
"F04","F05",NA,381,NA,NA,240,1477119,"S10.metabat2.6"
"F04","F06",NA,403,NA,NA,345,2174620,"S10.metabat2.6"
"F04","F10",NA,396,NA,NA,274,1167007,"S10.metabat2.6"
"F04","F13",NA,425,NA,NA,338,2449586,"S10.metabat2.6"
"F04","F15",NA,407,NA,NA,310,1561648,"S10.metabat2.6"
"F05","F06",NA,406,NA,NA,336,2289306,"S10.metabat2.6"
"F05","F07",NA,1,NA,NA,1,2232265,"S10.metabat2.6"
"F05","F09",NA,405,NA,NA,289,2148800,"S10.metabat2.6"
"F05","F10",NA,390,NA,NA,235,1121054,"S10.metabat2.6"
"F05","F12",NA,397,NA,NA,280,1626005,"S10.metabat2.6"
"F05","F13",NA,411,NA,NA,288,1563177,"S10.metabat2.6"
"F05","F16",NA,371,NA,NA,238,1364834,"S10.metabat2.6"
"F06","F07",NA,452,NA,NA,337,1343383,"S10.metabat2.6"
"F06","F10",NA,375,NA,NA,237,1024795,"S10.metabat2.6"
"F06","F11",NA,400,NA,NA,337,2264375,"S10.metabat2.6"
"F06","F12",NA,402,NA,NA,352,2423796,"S10.metabat2.6"
"F06","F13",NA,401,NA,NA,355,1627738,"S10.metabat2.6"
"F06","F14",NA,404,NA,NA,314,1866038,"S10.metabat2.6"
"F06","F15",NA,4,NA,NA,2,2059156,"S10.metabat2.6"
"F06","F16",NA,387,NA,NA,252,1754653,"S10.metabat2.6"
"F07","F09",NA,379,NA,NA,315,1929254,"S10.metabat2.6"
"F07","F10",NA,6,NA,NA,4,2316178,"S10.metabat2.6"
"F07","F11",NA,372,NA,NA,277,1077483,"S10.metabat2.6"
"F07","F13",NA,420,NA,NA,322,1046102,"S10.metabat2.6"
"F07","F14",NA,370,NA,NA,273,2080464,"S10.metabat2.6"
"F07","F15",NA,424,NA,NA,329,2088584,"S10.metabat2.6"
"F07","F16",NA,412,NA,NA,268,2440347,"S10.metabat2.6"
"F08","F12",NA,379,NA,NA,284,2024607,"S10.metabat2.6"
"F08","F15",NA,387,NA,NA,295,2415651,"S10.metabat2.6"
"F09","F10",NA,3,NA,NA,2,1739201,"S10.metabat2.6"
"F09","F12",NA,372,NA,NA,293,1886841,"S10.metabat2.6"
"F09","F13",NA,3,NA,NA,2,2273103,"S10.metabat2.6"
"F09","F16",NA,390,NA,NA,334,1900756,"S10.metabat2.6"
"F10","F12",NA,426,NA,NA,320,1597693,"S10.metabat2.6"
"F10","F13",NA,367,NA,NA,243,1156475,"S10.metabat2.6"
"F10","F16",NA,2,NA,NA,2,2045375,"S10.metabat2.6"
"F12","F13",NA,378,NA,NA,303,1150652,"S10.metabat2.6"
"F12","F14",NA,2,NA,NA,1,2127642,"S10.metabat2.6"
"F13","F16",NA,6,NA,NA,4,1975906,"S10.metabat2.6"
"F14","F15",NA,394,NA,NA,315,2150664,"S10.metabat2.6"
"F14","F16",NA,396,NA,NA,303,2308412,"S10.metabat2.6"
"F15","F16",NA,365,NA,NA,285,2038455,"S10.metabat2.6"
