genome	sample_a	sample_b	popANI	conANI	percent_genome_compared	coverage_overlap	cluster_a	cluster_b	same_strain
S22.metabat2.1	S01.bam	S03.bam	0.9999756	0.9999656		0.568	1_1	1_2	FALSE
S22.metabat2.1	S01.bam	S04.bam	0.9986462	0.9986362		0.922	1_1	1_2	FALSE
S22.metabat2.1	S01.bam	S05.bam	0.9989796	0.9989696		0.921	1_1	1_2	FALSE
S22.metabat2.1	S01.bam	S06.bam	0.9991484	0.9991384		0.557	1_1	1_2	FALSE
S22.metabat2.1	S01.bam	S07.bam	0.998777	0.998767		0.616	1_1	1_2	FALSE
S22.metabat2.1	S01.bam	S08.bam	0.9987922	0.9987822		0.757	1_1	1_2	FALSE
S22.metabat2.1	S01.bam	S10.bam	0.9991594	0.9991494		0.557	1_1	1_2	FALSE
S22.metabat2.1	S01.bam	S13.bam	0.999998	0.999988		0.711	1_1	1_2	TRUE
S22.metabat2.1	S01.bam	S16.bam	0.9986367	0.9986267		0.671	1_1	1_2	FALSE
S22.metabat2.1	S01.bam	S19.bam	0.9990655	0.9990555		0.664	1_1	1_2	FALSE
S22.metabat2.1	S01.bam	S20.bam	0.9999963	0.9999863		0.578	1_1	1_2	TRUE
S22.metabat2.1	S01.bam	S21.bam	0.9986714	0.9986614		0.848	1_1	1_2	FALSE
S22.metabat2.1	S02.bam	S03.bam	0.9999922	0.9999822		0.666	1_1	1_2	TRUE
S22.metabat2.1	S02.bam	S04.bam	0.9991318	0.9991218		0.562	1_1	1_2	FALSE
S22.metabat2.1	S02.bam	S05.bam	0.9993732	0.9993632		0.884	1_1	1_2	FALSE
S22.metabat2.1	S02.bam	S07.bam	0.998645	0.998635		0.861	1_1	1_2	FALSE
S22.metabat2.1	S02.bam	S08.bam	0.9994511	0.9994411		0.866	1_1	1_2	FALSE
S22.metabat2.1	S02.bam	S10.bam	0.9988455	0.9988355		0.503	1_1	1_2	FALSE
S22.metabat2.1	S02.bam	S12.bam	0.9991313	0.9991213		0.979	1_1	1_2	FALSE
S22.metabat2.1	S02.bam	S13.bam	0.9999924	0.9999824		0.895	1_1	1_2	TRUE
S22.metabat2.1	S02.bam	S15.bam	0.9999981	0.9999881		0.554	1_1	1_2	TRUE
S22.metabat2.1	S02.bam	S17.bam	0.9987574	0.9987474		0.982	1_1	1_2	FALSE
S22.metabat2.1	S02.bam	S18.bam	0.9987938	0.9987838		0.522	1_1	1_2	FALSE
S22.metabat2.1	S02.bam	S19.bam	0.9999999	0.9999899		0.804	1_1	1_2	TRUE
S22.metabat2.1	S02.bam	S22.bam	0.9987651	0.9987551		0.904	1_1	1_2	FALSE
S22.metabat2.1	S03.bam	S05.bam	0.9997439	0.9997339		0.704	1_1	1_2	FALSE
S22.metabat2.1	S03.bam	S07.bam	0.999939	0.999929		0.765	1_1	1_2	FALSE
S22.metabat2.1	S03.bam	S08.bam	0.9993381	0.9993281		0.794	1_1	1_2	FALSE
S22.metabat2.1	S03.bam	S09.bam	0.9987191	0.9987091		0.666	1_1	1_2	FALSE
S22.metabat2.1	S03.bam	S11.bam	0.9997862	0.9997762		0.675	1_1	1_2	FALSE
S22.metabat2.1	S03.bam	S13.bam	0.9999979	0.9999879		0.789	1_1	1_2	TRUE
S22.metabat2.1	S03.bam	S15.bam	0.9999986	0.9999886		0.61	1_1	1_2	TRUE
S22.metabat2.1	S03.bam	S17.bam	0.998942	0.998932		0.974	1_1	1_2	FALSE
S22.metabat2.1	S03.bam	S20.bam	0.9991687	0.9991587		0.986	1_1	1_2	FALSE
S22.metabat2.1	S03.bam	S23.bam	0.9996182	0.9996082		0.604	1_1	1_2	FALSE
S22.metabat2.1	S04.bam	S06.bam	0.9999931	0.9999831		0.619	1_1	1_2	TRUE
S22.metabat2.1	S04.bam	S07.bam	0.9993906	0.9993806		0.997	1_1	1_2	FALSE
S22.metabat2.1	S04.bam	S09.bam	0.9986081	0.9985981		0.511	1_1	1_2	FALSE
S22.metabat2.1	S04.bam	S14.bam	0.9994271	0.9994171		0.958	1_1	1_2	FALSE
S22.metabat2.1	S04.bam	S15.bam	0.9986714	0.9986614		0.902	1_1	1_2	FALSE
S22.metabat2.1	S04.bam	S17.bam	0.9999941	0.9999841		0.939	1_1	1_2	TRUE
S22.metabat2.1	S04.bam	S21.bam	0.9992985	0.9992885		0.523	1_1	1_2	FALSE
S22.metabat2.1	S04.bam	S22.bam	0.9989659	0.9989559		0.822	1_1	1_2	FALSE
S22.metabat2.1	S04.bam	S23.bam	0.9996316	0.9996216		0.832	1_1	1_2	FALSE
S22.metabat2.1	S05.bam	S07.bam	0.998521	0.998511		0.634	1_1	1_2	FALSE
S22.metabat2.1	S05.bam	S08.bam	0.9992349	0.9992249		0.774	1_1	1_2	FALSE
S22.metabat2.1	S05.bam	S09.bam	0.9991571	0.9991471		0.559	1_1	1_2	FALSE
S22.metabat2.1	S05.bam	S11.bam	0.9986921	0.9986821		0.602	1_1	1_2	FALSE
S22.metabat2.1	S05.bam	S12.bam	0.9995371	0.9995271		0.748	1_1	1_2	FALSE
S22.metabat2.1	S05.bam	S13.bam	0.9991501	0.9991401		0.99	1_1	1_2	FALSE
S22.metabat2.1	S05.bam	S14.bam	0.9990469	0.9990369		0.909	1_1	1_2	FALSE
S22.metabat2.1	S05.bam	S16.bam	0.9992338	0.9992238		0.871	1_1	1_2	FALSE
S22.metabat2.1	S05.bam	S18.bam	0.9999957	0.9999857		0.745	1_1	1_2	TRUE
S22.metabat2.1	S05.bam	S20.bam	0.9988417	0.9988317		0.916	1_1	1_2	FALSE
S22.metabat2.1	S05.bam	S23.bam	0.9987531	0.9987431		0.759	1_1	1_2	FALSE
S22.metabat2.1	S05.bam	S24.bam	0.9999219	0.9999119		0.608	1_1	1_2	FALSE
S22.metabat2.1	S06.bam	S08.bam	0.9995093	0.9994993		0.722	1_1	1_2	FALSE
S22.metabat2.1	S06.bam	S09.bam	0.9994271	0.9994171		0.855	1_1	1_2	FALSE
S22.metabat2.1	S06.bam	S11.bam	0.9994741	0.9994641		0.973	1_1	1_2	FALSE
S22.metabat2.1	S06.bam	S12.bam	0.9992659	0.9992559		0.689	1_1	1_2	FALSE
S22.metabat2.1	S06.bam	S16.bam	0.9995096	0.9994996		0.857	1_1	1_2	FALSE
S22.metabat2.1	S06.bam	S19.bam	0.9986132	0.9986032		0.72	1_1	1_2	FALSE
S22.metabat2.1	S06.bam	S20.bam	0.9997751	0.9997651		0.632	1_1	1_2	FALSE
S22.metabat2.1	S06.bam	S22.bam	0.9996389	0.9996289		0.988	1_1	1_2	FALSE
S22.metabat2.1	S06.bam	S23.bam	0.9998227	0.9998127		0.85	1_1	1_2	FALSE
S22.metabat2.1	S06.bam	S24.bam	0.9990374	0.9990274		0.823	1_1	1_2	FALSE
S22.metabat2.1	S07.bam	S08.bam	0.9999976	0.9999876		0.579	1_1	1_2	TRUE
S22.metabat2.1	S07.bam	S10.bam	0.9989776	0.9989676		0.539	1_1	1_2	FALSE
S22.metabat2.1	S07.bam	S12.bam	0.9997414	0.9997314		0.968	1_1	1_2	FALSE
S22.metabat2.1	S07.bam	S15.bam	0.9985625	0.9985525		0.977	1_1	1_2	FALSE
S22.metabat2.1	S07.bam	S16.bam	0.9987133	0.9987033		0.687	1_1	1_2	FALSE
S22.metabat2.1	S07.bam	S18.bam	0.9997438	0.9997338		0.72	1_1	1_2	FALSE
S22.metabat2.1	S07.bam	S20.bam	0.9999938	0.9999838		0.662	1_1	1_2	TRUE
S22.metabat2.1	S07.bam	S21.bam	0.998601	0.998591		0.826	1_1	1_2	FALSE
S22.metabat2.1	S07.bam	S22.bam	0.998954	0.998944		0.602	1_1	1_2	FALSE
S22.metabat2.1	S07.bam	S24.bam	0.9996036	0.9995936		0.511	1_1	1_2	FALSE
S22.metabat2.1	S08.bam	S09.bam	0.9988709	0.9988609		0.637	1_1	1_2	FALSE
S22.metabat2.1	S08.bam	S12.bam	0.9997859	0.9997759		0.956	1_1	1_2	FALSE
S22.metabat2.1	S08.bam	S13.bam	0.9996841	0.9996741		0.92	1_1	1_2	FALSE
S22.metabat2.1	S08.bam	S15.bam	0.9996159	0.9996059		0.529	1_1	1_2	FALSE
S22.metabat2.1	S08.bam	S16.bam	0.9989937	0.9989837		0.843	1_1	1_2	FALSE
S22.metabat2.1	S08.bam	S18.bam	0.9991257	0.9991157		0.999	1_1	1_2	FALSE
S22.metabat2.1	S08.bam	S19.bam	0.9999934	0.9999834		0.51	1_1	1_2	TRUE
S22.metabat2.1	S08.bam	S24.bam	0.9999922	0.9999822		0.709	1_1	1_2	TRUE
S22.metabat2.1	S09.bam	S11.bam	0.9999996	0.9999896		0.708	1_1	1_2	TRUE
S22.metabat2.1	S09.bam	S14.bam	0.9999975	0.9999875		0.59	1_1	1_2	TRUE
S22.metabat2.1	S09.bam	S16.bam	0.9989913	0.9989813		0.856	1_1	1_2	FALSE
S22.metabat2.1	S09.bam	S18.bam	0.9986523	0.9986423		0.876	1_1	1_2	FALSE
S22.metabat2.1	S09.bam	S21.bam	0.9993921	0.9993821		0.727	1_1	1_2	FALSE
S22.metabat2.1	S10.bam	S12.bam	0.9999991	0.9999891		0.702	1_1	1_2	TRUE
S22.metabat2.1	S10.bam	S13.bam	0.9989298	0.9989198		0.956	1_1	1_2	FALSE
S22.metabat2.1	S10.bam	S14.bam	0.9992596	0.9992496		0.995	1_1	1_2	FALSE
S22.metabat2.1	S10.bam	S15.bam	0.9992033	0.9991933		0.562	1_1	1_2	FALSE
S22.metabat2.1	S10.bam	S17.bam	0.9991034	0.9990934		0.609	1_1	1_2	FALSE
S22.metabat2.1	S10.bam	S19.bam	0.9995952	0.9995852		0.547	1_1	1_2	FALSE
S22.metabat2.1	S10.bam	S21.bam	0.9990626	0.9990526		0.808	1_1	1_2	FALSE
S22.metabat2.1	S10.bam	S22.bam	0.9999968	0.9999868		0.765	1_1	1_2	TRUE
S22.metabat2.1	S10.bam	S24.bam	0.9998417	0.9998317		0.969	1_1	1_2	FALSE
S22.metabat2.1	S11.bam	S12.bam	0.9999948	0.9999848		0.944	1_1	1_2	TRUE
S22.metabat2.1	S11.bam	S13.bam	0.9996638	0.9996538		0.801	1_1	1_2	FALSE
S22.metabat2.1	S11.bam	S14.bam	0.9997433	0.9997333		0.703	1_1	1_2	FALSE
S22.metabat2.1	S11.bam	S15.bam	0.9986103	0.9986003		0.693	1_1	1_2	FALSE
S22.metabat2.1	S11.bam	S17.bam	0.9997113	0.9997013		0.511	1_1	1_2	FALSE
S22.metabat2.1	S11.bam	S22.bam	0.998922	0.998912		0.674	1_1	1_2	FALSE
S22.metabat2.1	S11.bam	S24.bam	0.9997373	0.9997273		0.89	1_1	1_2	FALSE
S22.metabat2.1	S12.bam	S13.bam	0.9998888	0.9998788		0.734	1_1	1_2	FALSE
S22.metabat2.1	S12.bam	S15.bam	0.9987478	0.9987378		0.588	1_1	1_2	FALSE
S22.metabat2.1	S12.bam	S16.bam	0.9993929	0.9993829		0.914	1_1	1_2	FALSE
S22.metabat2.1	S12.bam	S18.bam	0.9991075	0.9990975		0.99	1_1	1_2	FALSE
S22.metabat2.1	S12.bam	S22.bam	0.9999919	0.9999819		0.569	1_1	1_2	TRUE
S22.metabat2.1	S12.bam	S23.bam	0.9988805	0.9988705		0.949	1_1	1_2	FALSE
S22.metabat2.1	S12.bam	S24.bam	0.9985743	0.9985643		0.878	1_1	1_2	FALSE
S22.metabat2.1	S13.bam	S15.bam	0.9999921	0.9999821		0.683	1_1	1_2	TRUE
S22.metabat2.1	S13.bam	S18.bam	0.9993549	0.9993449		0.805	1_1	1_2	FALSE
S22.metabat2.1	S13.bam	S19.bam	0.9991611	0.9991511		0.938	1_1	1_2	FALSE
S22.metabat2.1	S13.bam	S20.bam	0.9986281	0.9986181		0.973	1_1	1_2	FALSE
S22.metabat2.1	S13.bam	S22.bam	0.9996896	0.9996796		0.697	1_1	1_2	FALSE
S22.metabat2.1	S14.bam	S16.bam	0.9990586	0.9990486		0.716	1_1	1_2	FALSE
S22.metabat2.1	S14.bam	S18.bam	0.9991661	0.9991561		0.958	1_1	1_2	FALSE
S22.metabat2.1	S14.bam	S19.bam	0.9997661	0.9997561		0.663	1_1	1_2	FALSE
S22.metabat2.1	S14.bam	S21.bam	0.9988712	0.9988612		0.627	1_1	1_2	FALSE
S22.metabat2.1	S14.bam	S22.bam	0.999879	0.999869		0.579	1_1	1_2	FALSE
S22.metabat2.1	S14.bam	S23.bam	0.9993363	0.9993263		0.755	1_1	1_2	FALSE
S22.metabat2.1	S14.bam	S24.bam	0.9998064	0.9997964		0.511	1_1	1_2	FALSE
S22.metabat2.1	S15.bam	S16.bam	0.9993729	0.9993629		0.508	1_1	1_2	FALSE
S22.metabat2.1	S15.bam	S17.bam	0.999124	0.999114		0.592	1_1	1_2	FALSE
S22.metabat2.1	S15.bam	S23.bam	0.9988199	0.9988099		0.876	1_1	1_2	FALSE
S22.metabat2.1	S15.bam	S24.bam	0.9998668	0.9998568		0.706	1_1	1_2	FALSE
S22.metabat2.1	S16.bam	S17.bam	0.9999915	0.9999815		0.975	1_1	1_2	TRUE
S22.metabat2.1	S16.bam	S18.bam	0.9999915	0.9999815		0.582	1_1	1_2	TRUE
S22.metabat2.1	S16.bam	S19.bam	0.9999924	0.9999824		0.943	1_1	1_2	TRUE
S22.metabat2.1	S16.bam	S21.bam	0.9990856	0.9990756		0.734	1_1	1_2	FALSE
S22.metabat2.1	S16.bam	S23.bam	0.9996597	0.9996497		0.585	1_1	1_2	FALSE
S22.metabat2.1	S16.bam	S24.bam	0.9990126	0.9990026		0.942	1_1	1_2	FALSE
S22.metabat2.1	S17.bam	S18.bam	0.999993	0.999983		0.895	1_1	1_2	TRUE
S22.metabat2.1	S17.bam	S19.bam	0.9992333	0.9992233		0.623	1_1	1_2	FALSE
S22.metabat2.1	S17.bam	S21.bam	0.9990907	0.9990807		0.606	1_1	1_2	FALSE
S22.metabat2.1	S17.bam	S22.bam	0.9996313	0.9996213		0.533	1_1	1_2	FALSE
S22.metabat2.1	S18.bam	S19.bam	0.9991956	0.9991856		0.981	1_1	1_2	FALSE
S22.metabat2.1	S18.bam	S21.bam	0.9999944	0.9999844		0.594	1_1	1_2	TRUE
S22.metabat2.1	S18.bam	S23.bam	0.9996143	0.9996043		0.698	1_1	1_2	FALSE
S22.metabat2.1	S18.bam	S24.bam	0.9985596	0.9985496		0.571	1_1	1_2	FALSE
S22.metabat2.1	S19.bam	S20.bam	0.9996756	0.9996656		0.898	1_1	1_2	FALSE
S22.metabat2.1	S19.bam	S21.bam	0.999998	0.999988		0.859	1_1	1_2	TRUE
S22.metabat2.1	S19.bam	S24.bam	0.9994077	0.9993977		0.637	1_1	1_2	FALSE
S22.metabat2.1	S20.bam	S21.bam	0.9999923	0.9999823		0.524	1_1	1_2	TRUE
S22.metabat2.1	S20.bam	S22.bam	0.9997265	0.9997165		0.637	1_1	1_2	FALSE
S22.metabat2.1	S20.bam	S24.bam	0.9991296	0.9991196		0.716	1_1	1_2	FALSE
S22.metabat2.1	S22.bam	S23.bam	0.9999926	0.9999826		0.788	1_1	1_2	TRUE
S22.metabat2.1	S22.bam	S24.bam	0.9999966	0.9999866		0.619	1_1	1_2	TRUE
S21.metabat2.2	S01.bam	S02.bam	0.9991231	0.9991131		0.995	1_1	1_2	FALSE
S21.metabat2.2	S01.bam	S04.bam	0.9993612	0.9993512		0.97	1_1	1_2	FALSE
S21.metabat2.2	S01.bam	S06.bam	0.9985623	0.9985523		0.552	1_1	1_2	FALSE
S21.metabat2.2	S01.bam	S08.bam	0.9999713	0.9999613		0.857	1_1	1_2	FALSE
S21.metabat2.2	S01.bam	S10.bam	0.9986498	0.9986398		0.52	1_1	1_2	FALSE
S21.metabat2.2	S01.bam	S12.bam	0.9996446	0.9996346		0.613	1_1	1_2	FALSE
S21.metabat2.2	S01.bam	S14.bam	0.9999945	0.9999845		0.79	1_1	1_2	TRUE
S21.metabat2.2	S01.bam	S15.bam	0.9999975	0.9999875		0.637	1_1	1_2	TRUE
S21.metabat2.2	S01.bam	S16.bam	0.9989828	0.9989728		0.511	1_1	1_2	FALSE
S21.metabat2.2	S01.bam	S18.bam	0.9989287	0.9989187		0.514	1_1	1_2	FALSE
S21.metabat2.2	S01.bam	S19.bam	0.9995914	0.9995814		0.602	1_1	1_2	FALSE
S21.metabat2.2	S01.bam	S20.bam	0.9997446	0.9997346		0.785	1_1	1_2	FALSE
S21.metabat2.2	S01.bam	S21.bam	0.9991138	0.9991038		0.882	1_1	1_2	FALSE
S21.metabat2.2	S01.bam	S22.bam	0.9994547	0.9994447		0.534	1_1	1_2	FALSE
S21.metabat2.2	S01.bam	S23.bam	0.999041	0.999031		0.797	1_1	1_2	FALSE
S21.metabat2.2	S01.bam	S24.bam	0.9996175	0.9996075		0.843	1_1	1_2	FALSE
S21.metabat2.2	S02.bam	S03.bam	0.9987964	0.9987864		0.541	1_1	1_2	FALSE
S21.metabat2.2	S02.bam	S04.bam	0.9985536	0.9985436		0.734	1_1	1_2	FALSE
S21.metabat2.2	S02.bam	S05.bam	0.9989172	0.9989072		0.81	1_1	1_2	FALSE
S21.metabat2.2	S02.bam	S06.bam	0.9995755	0.9995655		0.971	1_1	1_2	FALSE
S21.metabat2.2	S02.bam	S14.bam	0.9990892	0.9990792		0.786	1_1	1_2	FALSE
S21.metabat2.2	S02.bam	S15.bam	0.9999963	0.9999863		0.891	1_1	1_2	TRUE
S21.metabat2.2	S02.bam	S17.bam	0.9986423	0.9986323		0.849	1_1	1_2	FALSE
S21.metabat2.2	S02.bam	S19.bam	0.9991719	0.9991619		0.79	1_1	1_2	FALSE
S21.metabat2.2	S02.bam	S20.bam	0.998686	0.998676		0.736	1_1	1_2	FALSE
S21.metabat2.2	S02.bam	S22.bam	0.9997737	0.9997637		0.667	1_1	1_2	FALSE
S21.metabat2.2	S03.bam	S04.bam	0.9989661	0.9989561		0.815	1_1	1_2	FALSE
S21.metabat2.2	S03.bam	S06.bam	0.9991681	0.9991581		0.969	1_1	1_2	FALSE
S21.metabat2.2	S03.bam	S07.bam	0.9991837	0.9991737		0.962	1_1	1_2	FALSE
S21.metabat2.2	S03.bam	S09.bam	0.9989876	0.9989776		0.865	1_1	1_2	FALSE
S21.metabat2.2	S03.bam	S13.bam	0.9993126	0.9993026		0.925	1_1	1_2	FALSE
S21.metabat2.2	S03.bam	S16.bam	0.9985955	0.9985855		0.704	1_1	1_2	FALSE
S21.metabat2.2	S03.bam	S18.bam	0.9994786	0.9994686		0.682	1_1	1_2	FALSE
S21.metabat2.2	S03.bam	S22.bam	0.9993275	0.9993175		0.85	1_1	1_2	FALSE
S21.metabat2.2	S03.bam	S24.bam	0.9988747	0.9988647		0.613	1_1	1_2	FALSE
S21.metabat2.2	S04.bam	S05.bam	0.9997511	0.9997411		0.503	1_1	1_2	FALSE
S21.metabat2.2	S04.bam	S06.bam	0.999621	0.999611		0.658	1_1	1_2	FALSE
S21.metabat2.2	S04.bam	S09.bam	0.9992132	0.9992032		0.665	1_1	1_2	FALSE
S21.metabat2.2	S04.bam	S10.bam	0.9992934	0.9992834		0.88	1_1	1_2	FALSE
S21.metabat2.2	S04.bam	S11.bam	0.9989259	0.9989159		0.829	1_1	1_2	FALSE
S21.metabat2.2	S04.bam	S12.bam	0.9995543	0.9995443		0.776	1_1	1_2	FALSE
S21.metabat2.2	S04.bam	S13.bam	0.9985681	0.9985581		0.837	1_1	1_2	FALSE
S21.metabat2.2	S04.bam	S15.bam	0.9992691	0.9992591		0.831	1_1	1_2	FALSE
S21.metabat2.2	S04.bam	S17.bam	0.9999921	0.9999821		0.923	1_1	1_2	TRUE
S21.metabat2.2	S04.bam	S19.bam	0.9997889	0.9997789		0.633	1_1	1_2	FALSE
S21.metabat2.2	S04.bam	S21.bam	0.9992774	0.9992674		0.627	1_1	1_2	FALSE
S21.metabat2.2	S04.bam	S23.bam	0.9986923	0.9986823		0.611	1_1	1_2	FALSE
S21.metabat2.2	S05.bam	S07.bam	0.9995645	0.9995545		0.59	1_1	1_2	FALSE
S21.metabat2.2	S05.bam	S08.bam	0.998648	0.998638		0.906	1_1	1_2	FALSE
S21.metabat2.2	S05.bam	S09.bam	0.9992102	0.9992002		0.613	1_1	1_2	FALSE
S21.metabat2.2	S05.bam	S10.bam	0.9988936	0.9988836		0.762	1_1	1_2	FALSE
S21.metabat2.2	S05.bam	S11.bam	0.9999998	0.9999898		0.836	1_1	1_2	TRUE
S21.metabat2.2	S05.bam	S12.bam	0.9992626	0.9992526		0.966	1_1	1_2	FALSE
S21.metabat2.2	S05.bam	S17.bam	0.9999976	0.9999876		0.805	1_1	1_2	TRUE
S21.metabat2.2	S05.bam	S18.bam	0.9999985	0.9999885		0.885	1_1	1_2	TRUE
S21.metabat2.2	S05.bam	S20.bam	0.9993277	0.9993177		0.953	1_1	1_2	FALSE
S21.metabat2.2	S05.bam	S21.bam	0.9996606	0.9996506		0.776	1_1	1_2	FALSE
S21.metabat2.2	S05.bam	S22.bam	0.9992972	0.9992872		0.842	1_1	1_2	FALSE
S21.metabat2.2	S05.bam	S23.bam	0.9989428	0.9989328		0.935	1_1	1_2	FALSE
S21.metabat2.2	S05.bam	S24.bam	0.9990349	0.9990249		0.818	1_1	1_2	FALSE
S21.metabat2.2	S06.bam	S08.bam	0.9999798	0.9999698		0.584	1_1	1_2	FALSE
S21.metabat2.2	S06.bam	S09.bam	0.9995114	0.9995014		0.558	1_1	1_2	FALSE
S21.metabat2.2	S06.bam	S10.bam	0.9989596	0.9989496		0.958	1_1	1_2	FALSE
S21.metabat2.2	S06.bam	S11.bam	0.9988681	0.9988581		0.589	1_1	1_2	FALSE
S21.metabat2.2	S06.bam	S12.bam	0.9999958	0.9999858		0.995	1_1	1_2	TRUE
S21.metabat2.2	S06.bam	S14.bam	0.9998387	0.9998287		0.532	1_1	1_2	FALSE
S21.metabat2.2	S06.bam	S16.bam	0.9987082	0.9986982		0.636	1_1	1_2	FALSE
S21.metabat2.2	S06.bam	S21.bam	0.9993246	0.9993146		0.597	1_1	1_2	FALSE
S21.metabat2.2	S06.bam	S22.bam	0.9996083	0.9995983		0.918	1_1	1_2	FALSE
S21.metabat2.2	S06.bam	S23.bam	0.9989475	0.9989375		0.989	1_1	1_2	FALSE
S21.metabat2.2	S06.bam	S24.bam	0.9999966	0.9999866		0.561	1_1	1_2	TRUE
S21.metabat2.2	S07.bam	S09.bam	0.9989571	0.9989471		0.967	1_1	1_2	FALSE
S21.metabat2.2	S07.bam	S11.bam	0.9996239	0.9996139		0.569	1_1	1_2	FALSE
S21.metabat2.2	S07.bam	S13.bam	0.998811	0.998801		0.718	1_1	1_2	FALSE
S21.metabat2.2	S07.bam	S15.bam	0.9994426	0.9994326		0.96	1_1	1_2	FALSE
S21.metabat2.2	S07.bam	S16.bam	0.999259	0.999249		0.688	1_1	1_2	FALSE
S21.metabat2.2	S07.bam	S17.bam	0.999033	0.999023		0.59	1_1	1_2	FALSE
S21.metabat2.2	S07.bam	S19.bam	0.9999967	0.9999867		0.898	1_1	1_2	TRUE
S21.metabat2.2	S07.bam	S20.bam	0.9999944	0.9999844		0.591	1_1	1_2	TRUE
S21.metabat2.2	S07.bam	S21.bam	0.9999969	0.9999869		0.667	1_1	1_2	TRUE
S21.metabat2.2	S07.bam	S22.bam	0.9986436	0.9986336		0.687	1_1	1_2	FALSE
S21.metabat2.2	S08.bam	S09.bam	0.999994	0.999984		0.563	1_1	1_2	TRUE
S21.metabat2.2	S08.bam	S10.bam	0.9997483	0.9997383		0.849	1_1	1_2	FALSE
S21.metabat2.2	S08.bam	S12.bam	0.9990118	0.9990018		0.587	1_1	1_2	FALSE
S21.metabat2.2	S08.bam	S13.bam	0.9991468	0.9991368		0.954	1_1	1_2	FALSE
S21.metabat2.2	S08.bam	S14.bam	0.9987576	0.9987476		0.528	1_1	1_2	FALSE
S21.metabat2.2	S08.bam	S19.bam	0.9998295	0.9998195		0.505	1_1	1_2	FALSE
S21.metabat2.2	S08.bam	S22.bam	0.9997366	0.9997266		0.752	1_1	1_2	FALSE
S21.metabat2.2	S08.bam	S23.bam	0.9999972	0.9999872		0.771	1_1	1_2	TRUE
S21.metabat2.2	S08.bam	S24.bam	0.9989516	0.9989416		0.823	1_1	1_2	FALSE
S21.metabat2.2	S09.bam	S10.bam	0.999842	0.999832		0.578	1_1	1_2	FALSE
S21.metabat2.2	S09.bam	S11.bam	0.9992001	0.9991901		0.863	1_1	1_2	FALSE
S21.metabat2.2	S09.bam	S13.bam	0.998618	0.998608		0.727	1_1	1_2	FALSE
S21.metabat2.2	S09.bam	S16.bam	0.9988211	0.9988111		0.847	1_1	1_2	FALSE
S21.metabat2.2	S09.bam	S17.bam	0.9988837	0.9988737		0.853	1_1	1_2	FALSE
S21.metabat2.2	S09.bam	S18.bam	0.9994657	0.9994557		0.81	1_1	1_2	FALSE
S21.metabat2.2	S09.bam	S20.bam	0.9999975	0.9999875		0.591	1_1	1_2	TRUE
S21.metabat2.2	S09.bam	S22.bam	0.9987674	0.9987574		0.875	1_1	1_2	FALSE
S21.metabat2.2	S09.bam	S23.bam	0.999478	0.999468		0.832	1_1	1_2	FALSE
S21.metabat2.2	S10.bam	S11.bam	0.9999963	0.9999863		0.515	1_1	1_2	TRUE
S21.metabat2.2	S10.bam	S15.bam	0.9993665	0.9993565		0.55	1_1	1_2	FALSE
S21.metabat2.2	S10.bam	S16.bam	0.9999941	0.9999841		0.962	1_1	1_2	TRUE
S21.metabat2.2	S10.bam	S17.bam	0.9996133	0.9996033		0.892	1_1	1_2	FALSE
S21.metabat2.2	S10.bam	S18.bam	0.9997414	0.9997314		0.844	1_1	1_2	FALSE
S21.metabat2.2	S10.bam	S21.bam	0.9996223	0.9996123		0.984	1_1	1_2	FALSE
S21.metabat2.2	S10.bam	S23.bam	0.9999991	0.9999891		0.854	1_1	1_2	TRUE
S21.metabat2.2	S10.bam	S24.bam	0.9999941	0.9999841		0.682	1_1	1_2	TRUE
S21.metabat2.2	S11.bam	S12.bam	0.9999928	0.9999828		0.664	1_1	1_2	TRUE
S21.metabat2.2	S11.bam	S15.bam	0.9994208	0.9994108		0.729	1_1	1_2	FALSE
S21.metabat2.2	S11.bam	S17.bam	0.9990144	0.9990044		0.868	1_1	1_2	FALSE
S21.metabat2.2	S11.bam	S19.bam	0.9986668	0.9986568		0.75	1_1	1_2	FALSE
S21.metabat2.2	S11.bam	S21.bam	0.9987146	0.9987046		0.95	1_1	1_2	FALSE
S21.metabat2.2	S11.bam	S23.bam	0.9999989	0.9999889		0.588	1_1	1_2	TRUE
S21.metabat2.2	S11.bam	S24.bam	0.9996117	0.9996017		0.786	1_1	1_2	FALSE
S21.metabat2.2	S12.bam	S13.bam	0.9991511	0.9991411		0.565	1_1	1_2	FALSE
S21.metabat2.2	S12.bam	S15.bam	0.9988338	0.9988238		0.534	1_1	1_2	FALSE
S21.metabat2.2	S12.bam	S16.bam	0.9986759	0.9986659		0.835	1_1	1_2	FALSE
S21.metabat2.2	S12.bam	S17.bam	0.9993417	0.9993317		0.673	1_1	1_2	FALSE
S21.metabat2.2	S12.bam	S20.bam	0.9990316	0.9990216		0.581	1_1	1_2	FALSE
S21.metabat2.2	S12.bam	S21.bam	0.9997923	0.9997823		0.711	1_1	1_2	FALSE
S21.metabat2.2	S12.bam	S22.bam	0.9999965	0.9999865		0.543	1_1	1_2	TRUE
S21.metabat2.2	S12.bam	S24.bam	0.9999971	0.9999871		0.722	1_1	1_2	TRUE
S21.metabat2.2	S13.bam	S14.bam	0.999994	0.999984		0.6	1_1	1_2	TRUE
S21.metabat2.2	S13.bam	S16.bam	0.9996853	0.9996753		0.651	1_1	1_2	FALSE
S21.metabat2.2	S13.bam	S18.bam	0.9985188	0.9985088		0.846	1_1	1_2	FALSE
S21.metabat2.2	S13.bam	S19.bam	0.9995468	0.9995368		0.599	1_1	1_2	FALSE
S21.metabat2.2	S13.bam	S20.bam	0.9988593	0.9988493		0.878	1_1	1_2	FALSE
S21.metabat2.2	S13.bam	S21.bam	0.9989235	0.9989135		0.683	1_1	1_2	FALSE
S21.metabat2.2	S14.bam	S15.bam	0.9999975	0.9999875		0.831	1_1	1_2	TRUE
S21.metabat2.2	S14.bam	S16.bam	0.9989763	0.9989663		0.907	1_1	1_2	FALSE
S21.metabat2.2	S14.bam	S17.bam	0.9996955	0.9996855		0.501	1_1	1_2	FALSE
S21.metabat2.2	S14.bam	S18.bam	0.999528	0.999518		0.653	1_1	1_2	FALSE
S21.metabat2.2	S14.bam	S19.bam	0.9998176	0.9998076		0.931	1_1	1_2	FALSE
S21.metabat2.2	S14.bam	S21.bam	0.9993361	0.9993261		0.806	1_1	1_2	FALSE
S21.metabat2.2	S14.bam	S22.bam	0.9986924	0.9986824		0.509	1_1	1_2	FALSE
S21.metabat2.2	S14.bam	S23.bam	0.9993588	0.9993488		0.512	1_1	1_2	FALSE
S21.metabat2.2	S15.bam	S16.bam	0.9994055	0.9993955		0.567	1_1	1_2	FALSE
S21.metabat2.2	S15.bam	S19.bam	0.9993692	0.9993592		0.661	1_1	1_2	FALSE
S21.metabat2.2	S15.bam	S22.bam	0.9986047	0.9985947		0.993	1_1	1_2	FALSE
S21.metabat2.2	S15.bam	S23.bam	0.9989589	0.9989489		0.95	1_1	1_2	FALSE
S21.metabat2.2	S16.bam	S18.bam	0.9989476	0.9989376		0.565	1_1	1_2	FALSE
S21.metabat2.2	S16.bam	S19.bam	0.9994504	0.9994404		0.596	1_1	1_2	FALSE
S21.metabat2.2	S16.bam	S21.bam	0.998684	0.998674		0.916	1_1	1_2	FALSE
S21.metabat2.2	S16.bam	S24.bam	0.9998362	0.9998262		0.942	1_1	1_2	FALSE
S21.metabat2.2	S17.bam	S18.bam	0.9988477	0.9988377		0.829	1_1	1_2	FALSE
S21.metabat2.2	S17.bam	S19.bam	0.9991357	0.9991257		0.644	1_1	1_2	FALSE
S21.metabat2.2	S17.bam	S20.bam	0.9987519	0.9987419		0.959	1_1	1_2	FALSE
S21.metabat2.2	S17.bam	S22.bam	0.9998914	0.9998814		0.501	1_1	1_2	FALSE
S21.metabat2.2	S17.bam	S23.bam	0.9996622	0.9996522		0.783	1_1	1_2	FALSE
S21.metabat2.2	S17.bam	S24.bam	0.9986921	0.9986821		0.673	1_1	1_2	FALSE
S21.metabat2.2	S18.bam	S22.bam	0.99866	0.99865		0.557	1_1	1_2	FALSE
S21.metabat2.2	S19.bam	S21.bam	0.9999946	0.9999846		0.602	1_1	1_2	TRUE
S21.metabat2.2	S19.bam	S22.bam	0.9998929	0.9998829		0.708	1_1	1_2	FALSE
S21.metabat2.2	S19.bam	S23.bam	0.9987757	0.9987657		0.934	1_1	1_2	FALSE
S21.metabat2.2	S20.bam	S22.bam	0.9987908	0.9987808		0.782	1_1	1_2	FALSE
S21.metabat2.2	S20.bam	S23.bam	0.9986042	0.9985942		0.51	1_1	1_2	FALSE
S21.metabat2.2	S20.bam	S24.bam	0.9997705	0.9997605		0.527	1_1	1_2	FALSE
S21.metabat2.2	S21.bam	S22.bam	0.9999989	0.9999889		0.572	1_1	1_2	TRUE
S21.metabat2.2	S21.bam	S23.bam	0.9987057	0.9986957		0.819	1_1	1_2	FALSE
S21.metabat2.2	S21.bam	S24.bam	0.9999922	0.9999822		0.669	1_1	1_2	TRUE
S21.metabat2.2	S22.bam	S24.bam	0.9999975	0.9999875		0.51	1_1	1_2	TRUE
S21.metabat2.2	S23.bam	S24.bam	0.9999921	0.9999821		0.907	1_1	1_2	TRUE
S01.metabat2.3	S01.bam	S03.bam	0.9990578	0.9990478		0.758	1_1	1_2	FALSE
S01.metabat2.3	S01.bam	S04.bam	0.9997617	0.9997517		0.707	1_1	1_2	FALSE
S01.metabat2.3	S01.bam	S05.bam	0.9992733	0.9992633		0.742	1_1	1_2	FALSE
S01.metabat2.3	S01.bam	S06.bam	0.9986635	0.9986535		0.7	1_1	1_2	FALSE
S01.metabat2.3	S01.bam	S07.bam	0.9986901	0.9986801		0.541	1_1	1_2	FALSE
S01.metabat2.3	S01.bam	S08.bam	0.9986874	0.9986774		0.764	1_1	1_2	FALSE
S01.metabat2.3	S01.bam	S09.bam	0.9991221	0.9991121		0.568	1_1	1_2	FALSE
S01.metabat2.3	S01.bam	S10.bam	0.9988535	0.9988435		0.615	1_1	1_2	FALSE
S01.metabat2.3	S01.bam	S14.bam	0.9999968	0.9999868		0.738	1_1	1_2	TRUE
S01.metabat2.3	S01.bam	S15.bam	0.9999946	0.9999846		0.763	1_1	1_2	TRUE
S01.metabat2.3	S01.bam	S16.bam	0.9991195	0.9991095		0.529	1_1	1_2	FALSE
S01.metabat2.3	S01.bam	S18.bam	0.9999974	0.9999874		0.923	1_1	1_2	TRUE
S01.metabat2.3	S01.bam	S19.bam	0.9988395	0.9988295		0.712	1_1	1_2	FALSE
S01.metabat2.3	S01.bam	S20.bam	0.9986792	0.9986692		0.66	1_1	1_2	FALSE
S01.metabat2.3	S01.bam	S23.bam	0.9998295	0.9998195		0.884	1_1	1_2	FALSE
S01.metabat2.3	S02.bam	S04.bam	0.9991635	0.9991535		0.8	1_1	1_2	FALSE
S01.metabat2.3	S02.bam	S05.bam	0.9994694	0.9994594		0.966	1_1	1_2	FALSE
S01.metabat2.3	S02.bam	S06.bam	0.9988155	0.9988055		0.978	1_1	1_2	FALSE
S01.metabat2.3	S02.bam	S07.bam	0.9987214	0.9987114		0.523	1_1	1_2	FALSE
S01.metabat2.3	S02.bam	S09.bam	0.9990967	0.9990867		0.594	1_1	1_2	FALSE
S01.metabat2.3	S02.bam	S11.bam	0.9995557	0.9995457		0.822	1_1	1_2	FALSE
S01.metabat2.3	S02.bam	S15.bam	0.9999964	0.9999864		0.534	1_1	1_2	TRUE
S01.metabat2.3	S02.bam	S17.bam	0.9994146	0.9994046		0.798	1_1	1_2	FALSE
S01.metabat2.3	S02.bam	S18.bam	0.9990105	0.9990005		0.805	1_1	1_2	FALSE
S01.metabat2.3	S02.bam	S19.bam	0.9986852	0.9986752		0.884	1_1	1_2	FALSE
S01.metabat2.3	S02.bam	S20.bam	0.9992467	0.9992367		0.564	1_1	1_2	FALSE
S01.metabat2.3	S02.bam	S21.bam	0.9991368	0.9991268		0.735	1_1	1_2	FALSE
S01.metabat2.3	S02.bam	S22.bam	0.9999115	0.9999015		0.734	1_1	1_2	FALSE
S01.metabat2.3	S02.bam	S23.bam	0.9989714	0.9989614		0.529	1_1	1_2	FALSE
S01.metabat2.3	S03.bam	S06.bam	0.9998655	0.9998555		0.698	1_1	1_2	FALSE
S01.metabat2.3	S03.bam	S08.bam	0.9992245	0.9992145		0.566	1_1	1_2	FALSE
S01.metabat2.3	S03.bam	S12.bam	0.9998965	0.9998865		0.606	1_1	1_2	FALSE
S01.metabat2.3	S03.bam	S14.bam	0.9999263	0.9999163		0.908	1_1	1_2	FALSE
S01.metabat2.3	S03.bam	S15.bam	0.9999994	0.9999894		0.747	1_1	1_2	TRUE
S01.metabat2.3	S03.bam	S17.bam	0.99955	0.99954		0.937	1_1	1_2	FALSE
S01.metabat2.3	S03.bam	S19.bam	0.9994456	0.9994356		0.541	1_1	1_2	FALSE
S01.metabat2.3	S03.bam	S20.bam	0.9992037	0.9991937		0.823	1_1	1_2	FALSE
S01.metabat2.3	S03.bam	S21.bam	0.9998411	0.9998311		0.994	1_1	1_2	FALSE
S01.metabat2.3	S03.bam	S22.bam	0.9995994	0.9995894		0.819	1_1	1_2	FALSE
S01.metabat2.3	S03.bam	S23.bam	0.9987355	0.9987255		0.667	1_1	1_2	FALSE
S01.metabat2.3	S03.bam	S24.bam	0.998833	0.998823		0.571	1_1	1_2	FALSE
S01.metabat2.3	S04.bam	S06.bam	0.9999917	0.9999817		0.939	1_1	1_2	TRUE
S01.metabat2.3	S04.bam	S08.bam	0.9997172	0.9997072		0.903	1_1	1_2	FALSE
S01.metabat2.3	S04.bam	S09.bam	0.9994737	0.9994637		0.515	1_1	1_2	FALSE
S01.metabat2.3	S04.bam	S11.bam	0.9994869	0.9994769		0.923	1_1	1_2	FALSE
S01.metabat2.3	S04.bam	S12.bam	0.9996644	0.9996544		0.976	1_1	1_2	FALSE
S01.metabat2.3	S04.bam	S16.bam	0.9987448	0.9987348		0.791	1_1	1_2	FALSE
S01.metabat2.3	S04.bam	S18.bam	0.9999929	0.9999829		0.823	1_1	1_2	TRUE
S01.metabat2.3	S04.bam	S19.bam	0.9994501	0.9994401		0.605	1_1	1_2	FALSE
S01.metabat2.3	S04.bam	S21.bam	0.9997949	0.9997849		0.5	1_1	1_2	FALSE
S01.metabat2.3	S04.bam	S22.bam	0.9991061	0.9990961		0.504	1_1	1_2	FALSE
S01.metabat2.3	S04.bam	S23.bam	0.9994103	0.9994003		0.512	1_1	1_2	FALSE
S01.metabat2.3	S04.bam	S24.bam	0.9985762	0.9985662		0.521	1_1	1_2	FALSE
S01.metabat2.3	S05.bam	S06.bam	0.9999989	0.9999889		0.683	1_1	1_2	TRUE
S01.metabat2.3	S05.bam	S10.bam	0.9988391	0.9988291		0.661	1_1	1_2	FALSE
S01.metabat2.3	S05.bam	S11.bam	0.9996313	0.9996213		0.963	1_1	1_2	FALSE
S01.metabat2.3	S05.bam	S13.bam	0.9999332	0.9999232		0.534	1_1	1_2	FALSE
S01.metabat2.3	S05.bam	S14.bam	0.998841	0.998831		0.843	1_1	1_2	FALSE
S01.metabat2.3	S05.bam	S16.bam	0.9999982	0.9999882		0.922	1_1	1_2	TRUE
S01.metabat2.3	S05.bam	S19.bam	0.9995969	0.9995869		0.765	1_1	1_2	FALSE
S01.metabat2.3	S05.bam	S23.bam	0.9989759	0.9989659		0.95	1_1	1_2	FALSE
S01.metabat2.3	S05.bam	S24.bam	0.9987087	0.9986987		0.536	1_1	1_2	FALSE
S01.metabat2.3	S06.bam	S07.bam	0.999036	0.999026		0.806	1_1	1_2	FALSE
S01.metabat2.3	S06.bam	S08.bam	0.9988318	0.9988218		0.934	1_1	1_2	FALSE
S01.metabat2.3	S06.bam	S09.bam	0.9990177	0.9990077		0.769	1_1	1_2	FALSE
S01.metabat2.3	S06.bam	S10.bam	0.9992305	0.9992205		0.804	1_1	1_2	FALSE
S01.metabat2.3	S06.bam	S12.bam	0.9992028	0.9991928		0.914	1_1	1_2	FALSE
S01.metabat2.3	S06.bam	S13.bam	0.9986269	0.9986169		0.87	1_1	1_2	FALSE
S01.metabat2.3	S06.bam	S15.bam	0.9991613	0.9991513		0.992	1_1	1_2	FALSE
S01.metabat2.3	S06.bam	S17.bam	0.999992	0.999982		0.736	1_1	1_2	TRUE
S01.metabat2.3	S06.bam	S18.bam	0.9999927	0.9999827		0.978	1_1	1_2	TRUE
S01.metabat2.3	S06.bam	S19.bam	0.9999113	0.9999013		0.968	1_1	1_2	FALSE
S01.metabat2.3	S06.bam	S20.bam	0.9995976	0.9995876		0.704	1_1	1_2	FALSE
S01.metabat2.3	S06.bam	S21.bam	0.9999949	0.9999849		0.571	1_1	1_2	TRUE
S01.metabat2.3	S06.bam	S22.bam	0.9998986	0.9998886		0.516	1_1	1_2	FALSE
S01.metabat2.3	S06.bam	S23.bam	0.9986242	0.9986142		0.847	1_1	1_2	FALSE
S01.metabat2.3	S07.bam	S09.bam	0.9999981	0.9999881		0.651	1_1	1_2	TRUE
S01.metabat2.3	S07.bam	S10.bam	0.9988987	0.9988887		0.575	1_1	1_2	FALSE
S01.metabat2.3	S07.bam	S11.bam	0.99883	0.99882		0.927	1_1	1_2	FALSE
S01.metabat2.3	S07.bam	S13.bam	0.9995364	0.9995264		0.69	1_1	1_2	FALSE
S01.metabat2.3	S07.bam	S15.bam	0.998871	0.998861		0.826	1_1	1_2	FALSE
S01.metabat2.3	S07.bam	S16.bam	0.9990667	0.9990567		0.717	1_1	1_2	FALSE
S01.metabat2.3	S07.bam	S17.bam	0.9996577	0.9996477		0.776	1_1	1_2	FALSE
S01.metabat2.3	S07.bam	S18.bam	0.9997338	0.9997238		0.677	1_1	1_2	FALSE
S01.metabat2.3	S07.bam	S19.bam	0.9993095	0.9992995		0.517	1_1	1_2	FALSE
S01.metabat2.3	S07.bam	S20.bam	0.9999956	0.9999856		0.624	1_1	1_2	TRUE
S01.metabat2.3	S07.bam	S21.bam	0.9997278	0.9997178		0.843	1_1	1_2	FALSE
S01.metabat2.3	S07.bam	S22.bam	0.9989788	0.9989688		0.531	1_1	1_2	FALSE
S01.metabat2.3	S07.bam	S24.bam	0.9988633	0.9988533		0.68	1_1	1_2	FALSE
S01.metabat2.3	S08.bam	S11.bam	0.9992461	0.9992361		0.574	1_1	1_2	FALSE
S01.metabat2.3	S08.bam	S12.bam	0.9999651	0.9999551		0.958	1_1	1_2	FALSE
S01.metabat2.3	S08.bam	S13.bam	0.9986191	0.9986091		0.651	1_1	1_2	FALSE
S01.metabat2.3	S08.bam	S14.bam	0.9999991	0.9999891		0.774	1_1	1_2	TRUE
S01.metabat2.3	S08.bam	S16.bam	0.9987596	0.9987496		0.692	1_1	1_2	FALSE
S01.metabat2.3	S08.bam	S17.bam	0.9988753	0.9988653		0.907	1_1	1_2	FALSE
S01.metabat2.3	S08.bam	S19.bam	0.9999996	0.9999896		0.689	1_1	1_2	TRUE
S01.metabat2.3	S08.bam	S20.bam	0.9985008	0.9984908		0.984	1_1	1_2	FALSE
S01.metabat2.3	S08.bam	S21.bam	0.9999939	0.9999839		0.856	1_1	1_2	TRUE
S01.metabat2.3	S08.bam	S22.bam	0.9996351	0.9996251		0.799	1_1	1_2	FALSE
S01.metabat2.3	S08.bam	S24.bam	0.9994564	0.9994464		0.505	1_1	1_2	FALSE
S01.metabat2.3	S09.bam	S10.bam	0.9999215	0.9999115		0.593	1_1	1_2	FALSE
S01.metabat2.3	S09.bam	S11.bam	0.9999968	0.9999868		0.908	1_1	1_2	TRUE
S01.metabat2.3	S09.bam	S12.bam	0.9993823	0.9993723		0.779	1_1	1_2	FALSE
S01.metabat2.3	S09.bam	S16.bam	0.9989211	0.9989111		0.63	1_1	1_2	FALSE
S01.metabat2.3	S09.bam	S18.bam	0.9992502	0.9992402		0.594	1_1	1_2	FALSE
S01.metabat2.3	S09.bam	S23.bam	0.9991384	0.9991284		0.893	1_1	1_2	FALSE
S01.metabat2.3	S09.bam	S24.bam	0.9995695	0.9995595		0.779	1_1	1_2	FALSE
S01.metabat2.3	S10.bam	S12.bam	0.9999973	0.9999873		0.736	1_1	1_2	TRUE
S01.metabat2.3	S10.bam	S13.bam	0.9996656	0.9996556		0.691	1_1	1_2	FALSE
S01.metabat2.3	S10.bam	S15.bam	0.9994738	0.9994638		0.876	1_1	1_2	FALSE
S01.metabat2.3	S10.bam	S20.bam	0.9994938	0.9994838		0.9	1_1	1_2	FALSE
S01.metabat2.3	S10.bam	S21.bam	0.9985006	0.9984906		0.953	1_1	1_2	FALSE
S01.metabat2.3	S10.bam	S22.bam	0.9999957	0.9999857		0.682	1_1	1_2	TRUE
S01.metabat2.3	S11.bam	S12.bam	0.9999956	0.9999856		0.936	1_1	1_2	TRUE
S01.metabat2.3	S11.bam	S13.bam	0.9994881	0.9994781		0.554	1_1	1_2	FALSE
S01.metabat2.3	S11.bam	S14.bam	0.9986307	0.9986207		0.903	1_1	1_2	FALSE
S01.metabat2.3	S11.bam	S19.bam	0.9988444	0.9988344		0.75	1_1	1_2	FALSE
S01.metabat2.3	S11.bam	S20.bam	0.9990695	0.9990595		0.556	1_1	1_2	FALSE
S01.metabat2.3	S11.bam	S21.bam	0.9989191	0.9989091		0.628	1_1	1_2	FALSE
S01.metabat2.3	S11.bam	S24.bam	0.9999506	0.9999406		0.685	1_1	1_2	FALSE
S01.metabat2.3	S12.bam	S16.bam	0.9994927	0.9994827		0.954	1_1	1_2	FALSE
S01.metabat2.3	S12.bam	S18.bam	0.9986012	0.9985912		0.702	1_1	1_2	FALSE
S01.metabat2.3	S12.bam	S19.bam	0.9987426	0.9987326		0.566	1_1	1_2	FALSE
S01.metabat2.3	S12.bam	S20.bam	0.9998771	0.9998671		0.877	1_1	1_2	FALSE
S01.metabat2.3	S12.bam	S22.bam	0.9999942	0.9999842		0.686	1_1	1_2	TRUE
S01.metabat2.3	S13.bam	S14.bam	0.9999929	0.9999829		0.806	1_1	1_2	TRUE
S01.metabat2.3	S13.bam	S15.bam	0.9994943	0.9994843		0.83	1_1	1_2	FALSE
S01.metabat2.3	S13.bam	S17.bam	0.9996989	0.9996889		0.718	1_1	1_2	FALSE
S01.metabat2.3	S13.bam	S19.bam	0.9994584	0.9994484		0.698	1_1	1_2	FALSE
S01.metabat2.3	S13.bam	S20.bam	0.9993201	0.9993101		0.944	1_1	1_2	FALSE
S01.metabat2.3	S13.bam	S21.bam	0.9999927	0.9999827		0.94	1_1	1_2	TRUE
S01.metabat2.3	S13.bam	S23.bam	0.9992959	0.9992859		0.756	1_1	1_2	FALSE
S01.metabat2.3	S13.bam	S24.bam	0.9999942	0.9999842		0.526	1_1	1_2	TRUE
S01.metabat2.3	S14.bam	S16.bam	0.9987915	0.9987815		0.567	1_1	1_2	FALSE
S01.metabat2.3	S14.bam	S19.bam	0.9997997	0.9997897		0.946	1_1	1_2	FALSE
S01.metabat2.3	S14.bam	S20.bam	0.9990856	0.9990756		0.791	1_1	1_2	FALSE
S01.metabat2.3	S14.bam	S21.bam	0.9997838	0.9997738		0.547	1_1	1_2	FALSE
S01.metabat2.3	S14.bam	S22.bam	0.9987597	0.9987497		0.505	1_1	1_2	FALSE
S01.metabat2.3	S15.bam	S16.bam	0.9993573	0.9993473		0.764	1_1	1_2	FALSE
S01.metabat2.3	S15.bam	S19.bam	0.9999547	0.9999447		0.822	1_1	1_2	FALSE
S01.metabat2.3	S15.bam	S20.bam	0.9987777	0.9987677		0.859	1_1	1_2	FALSE
S01.metabat2.3	S15.bam	S24.bam	0.9990375	0.9990275		0.732	1_1	1_2	FALSE
S01.metabat2.3	S16.bam	S17.bam	0.9999927	0.9999827		0.63	1_1	1_2	TRUE
S01.metabat2.3	S16.bam	S19.bam	0.9993176	0.9993076		0.953	1_1	1_2	FALSE
S01.metabat2.3	S16.bam	S21.bam	0.9986746	0.9986646		0.725	1_1	1_2	FALSE
S01.metabat2.3	S16.bam	S23.bam	0.9998565	0.9998465		0.84	1_1	1_2	FALSE
S01.metabat2.3	S16.bam	S24.bam	0.9987107	0.9987007		0.995	1_1	1_2	FALSE
S01.metabat2.3	S17.bam	S18.bam	0.9999951	0.9999851		0.999	1_1	1_2	TRUE
S01.metabat2.3	S17.bam	S20.bam	0.9999605	0.9999505		0.601	1_1	1_2	FALSE
S01.metabat2.3	S17.bam	S21.bam	0.9998013	0.9997913		0.626	1_1	1_2	FALSE
S01.metabat2.3	S17.bam	S22.bam	0.9985478	0.9985378		0.967	1_1	1_2	FALSE
S01.metabat2.3	S17.bam	S23.bam	0.9997896	0.9997796		0.649	1_1	1_2	FALSE
S01.metabat2.3	S18.bam	S23.bam	0.999055	0.999045		0.664	1_1	1_2	FALSE
S01.metabat2.3	S19.bam	S20.bam	0.9988933	0.9988833		0.943	1_1	1_2	FALSE
S01.metabat2.3	S19.bam	S22.bam	0.9999944	0.9999844		0.897	1_1	1_2	TRUE
S01.metabat2.3	S19.bam	S24.bam	0.998644	0.998634		0.941	1_1	1_2	FALSE
S01.metabat2.3	S20.bam	S21.bam	0.9999911	0.9999811		0.753	1_1	1_2	TRUE
S01.metabat2.3	S20.bam	S22.bam	0.9985588	0.9985488		0.592	1_1	1_2	FALSE
S01.metabat2.3	S20.bam	S23.bam	0.9999221	0.9999121		0.582	1_1	1_2	FALSE
S01.metabat2.3	S21.bam	S22.bam	0.9999928	0.9999828		0.822	1_1	1_2	TRUE
S01.metabat2.3	S21.bam	S23.bam	0.9999367	0.9999267		0.864	1_1	1_2	FALSE
S08.metabat2.4	S01.bam	S02.bam	0.9992116	0.9992016		0.718	1_1	1_2	FALSE
S08.metabat2.4	S01.bam	S03.bam	0.9999917	0.9999817		0.695	1_1	1_2	TRUE
S08.metabat2.4	S01.bam	S06.bam	0.999662	0.999652		0.844	1_1	1_2	FALSE
S08.metabat2.4	S01.bam	S12.bam	0.9999975	0.9999875		0.647	1_1	1_2	TRUE
S08.metabat2.4	S01.bam	S14.bam	0.9995951	0.9995851		0.945	1_1	1_2	FALSE
S08.metabat2.4	S01.bam	S15.bam	0.9999965	0.9999865		0.582	1_1	1_2	TRUE
S08.metabat2.4	S01.bam	S16.bam	0.9993707	0.9993607		0.953	1_1	1_2	FALSE
S08.metabat2.4	S01.bam	S19.bam	0.9989012	0.9988912		0.817	1_1	1_2	FALSE
S08.metabat2.4	S01.bam	S20.bam	0.9997657	0.9997557		0.821	1_1	1_2	FALSE
S08.metabat2.4	S01.bam	S22.bam	0.9989136	0.9989036		0.798	1_1	1_2	FALSE
S08.metabat2.4	S01.bam	S23.bam	0.9996651	0.9996551		0.965	1_1	1_2	FALSE
S08.metabat2.4	S02.bam	S03.bam	0.999998	0.999988		0.623	1_1	1_2	TRUE
S08.metabat2.4	S02.bam	S05.bam	0.9988073	0.9987973		0.919	1_1	1_2	FALSE
S08.metabat2.4	S02.bam	S07.bam	0.9998783	0.9998683		0.948	1_1	1_2	FALSE
S08.metabat2.4	S02.bam	S08.bam	0.9995214	0.9995114		0.953	1_1	1_2	FALSE
S08.metabat2.4	S02.bam	S09.bam	0.9986656	0.9986556		0.686	1_1	1_2	FALSE
S08.metabat2.4	S02.bam	S10.bam	0.9994239	0.9994139		0.661	1_1	1_2	FALSE
S08.metabat2.4	S02.bam	S11.bam	0.9989544	0.9989444		0.947	1_1	1_2	FALSE
S08.metabat2.4	S02.bam	S14.bam	0.9985107	0.9985007		0.946	1_1	1_2	FALSE
S08.metabat2.4	S02.bam	S15.bam	0.9999931	0.9999831		0.539	1_1	1_2	TRUE
S08.metabat2.4	S02.bam	S16.bam	0.9994437	0.9994337		0.519	1_1	1_2	FALSE
S08.metabat2.4	S02.bam	S19.bam	0.9991152	0.9991052		0.745	1_1	1_2	FALSE
S08.metabat2.4	S02.bam	S20.bam	0.9998752	0.9998652		0.619	1_1	1_2	FALSE
S08.metabat2.4	S02.bam	S21.bam	0.9988365	0.9988265		0.621	1_1	1_2	FALSE
S08.metabat2.4	S02.bam	S23.bam	0.9999127	0.9999027		0.97	1_1	1_2	FALSE
S08.metabat2.4	S02.bam	S24.bam	0.9999915	0.9999815		0.748	1_1	1_2	TRUE
S08.metabat2.4	S03.bam	S04.bam	0.9992999	0.9992899		0.98	1_1	1_2	FALSE
S08.metabat2.4	S03.bam	S07.bam	0.9989122	0.9989022		0.638	1_1	1_2	FALSE
S08.metabat2.4	S03.bam	S08.bam	0.9992578	0.9992478		0.983	1_1	1_2	FALSE
S08.metabat2.4	S03.bam	S09.bam	0.9990286	0.9990186		0.853	1_1	1_2	FALSE
S08.metabat2.4	S03.bam	S10.bam	0.9995185	0.9995085		0.963	1_1	1_2	FALSE
S08.metabat2.4	S03.bam	S12.bam	0.9986622	0.9986522		0.616	1_1	1_2	FALSE
S08.metabat2.4	S03.bam	S13.bam	0.9999927	0.9999827		0.937	1_1	1_2	TRUE
S08.metabat2.4	S03.bam	S14.bam	0.9999982	0.9999882		0.66	1_1	1_2	TRUE
S08.metabat2.4	S03.bam	S15.bam	0.9999936	0.9999836		0.797	1_1	1_2	TRUE
S08.metabat2.4	S03.bam	S19.bam	0.9998813	0.9998713		0.796	1_1	1_2	FALSE
S08.metabat2.4	S03.bam	S22.bam	0.9992319	0.9992219		0.656	1_1	1_2	FALSE
S08.metabat2.4	S03.bam	S24.bam	0.9996573	0.9996473		0.716	1_1	1_2	FALSE
S08.metabat2.4	S04.bam	S05.bam	0.9999944	0.9999844		0.901	1_1	1_2	TRUE
S08.metabat2.4	S04.bam	S08.bam	0.9993303	0.9993203		0.742	1_1	1_2	FALSE
S08.metabat2.4	S04.bam	S10.bam	0.9998209	0.9998109		0.965	1_1	1_2	FALSE
S08.metabat2.4	S04.bam	S12.bam	0.9986608	0.9986508		0.548	1_1	1_2	FALSE
S08.metabat2.4	S04.bam	S13.bam	0.9988588	0.9988488		0.691	1_1	1_2	FALSE
S08.metabat2.4	S04.bam	S14.bam	0.9995137	0.9995037		0.582	1_1	1_2	FALSE
S08.metabat2.4	S04.bam	S17.bam	0.9999989	0.9999889		0.76	1_1	1_2	TRUE
S08.metabat2.4	S04.bam	S18.bam	0.9999986	0.9999886		0.65	1_1	1_2	TRUE
S08.metabat2.4	S04.bam	S20.bam	0.9997159	0.9997059		0.671	1_1	1_2	FALSE
S08.metabat2.4	S04.bam	S21.bam	0.9996545	0.9996445		0.87	1_1	1_2	FALSE
S08.metabat2.4	S04.bam	S22.bam	0.9991466	0.9991366		0.862	1_1	1_2	FALSE
S08.metabat2.4	S05.bam	S06.bam	0.9999992	0.9999892		0.617	1_1	1_2	TRUE
S08.metabat2.4	S05.bam	S07.bam	0.9989969	0.9989869		0.991	1_1	1_2	FALSE
S08.metabat2.4	S05.bam	S11.bam	0.9997904	0.9997804		0.538	1_1	1_2	FALSE
S08.metabat2.4	S05.bam	S12.bam	0.9995911	0.9995811		0.813	1_1	1_2	FALSE
S08.metabat2.4	S05.bam	S16.bam	0.9991538	0.9991438		0.851	1_1	1_2	FALSE
S08.metabat2.4	S05.bam	S17.bam	0.9999982	0.9999882		0.996	1_1	1_2	TRUE
S08.metabat2.4	S05.bam	S19.bam	0.9998263	0.9998163		0.776	1_1	1_2	FALSE
S08.metabat2.4	S05.bam	S20.bam	0.9994724	0.9994624		0.805	1_1	1_2	FALSE
S08.metabat2.4	S05.bam	S22.bam	0.9992324	0.9992224		0.768	1_1	1_2	FALSE
S08.metabat2.4	S06.bam	S07.bam	0.9989341	0.9989241		0.58	1_1	1_2	FALSE
S08.metabat2.4	S06.bam	S08.bam	0.9999951	0.9999851		0.867	1_1	1_2	TRUE
S08.metabat2.4	S06.bam	S10.bam	0.9985628	0.9985528		0.85	1_1	1_2	FALSE
S08.metabat2.4	S06.bam	S11.bam	0.999349	0.999339		0.706	1_1	1_2	FALSE
S08.metabat2.4	S06.bam	S14.bam	0.9990309	0.9990209		0.654	1_1	1_2	FALSE
S08.metabat2.4	S06.bam	S17.bam	0.9999984	0.9999884		0.528	1_1	1_2	TRUE
S08.metabat2.4	S06.bam	S18.bam	0.9999945	0.9999845		0.827	1_1	1_2	TRUE
S08.metabat2.4	S06.bam	S21.bam	0.9999452	0.9999352		0.598	1_1	1_2	FALSE
S08.metabat2.4	S06.bam	S22.bam	0.999504	0.999494		0.985	1_1	1_2	FALSE
S08.metabat2.4	S06.bam	S23.bam	0.9993029	0.9992929		0.512	1_1	1_2	FALSE
S08.metabat2.4	S06.bam	S24.bam	0.9989165	0.9989065		0.629	1_1	1_2	FALSE
S08.metabat2.4	S07.bam	S10.bam	0.9995641	0.9995541		0.948	1_1	1_2	FALSE
S08.metabat2.4	S07.bam	S11.bam	0.9994761	0.9994661		0.931	1_1	1_2	FALSE
S08.metabat2.4	S07.bam	S12.bam	0.9992035	0.9991935		0.965	1_1	1_2	FALSE
S08.metabat2.4	S07.bam	S13.bam	0.9990669	0.9990569		0.958	1_1	1_2	FALSE
S08.metabat2.4	S07.bam	S15.bam	0.9988403	0.9988303		0.874	1_1	1_2	FALSE
S08.metabat2.4	S07.bam	S17.bam	0.9992214	0.9992114		0.899	1_1	1_2	FALSE
S08.metabat2.4	S07.bam	S20.bam	0.9999941	0.9999841		0.647	1_1	1_2	TRUE
S08.metabat2.4	S07.bam	S22.bam	0.9994509	0.9994409		0.584	1_1	1_2	FALSE
S08.metabat2.4	S07.bam	S23.bam	0.9999979	0.9999879		0.615	1_1	1_2	TRUE
S08.metabat2.4	S07.bam	S24.bam	0.9991402	0.9991302		0.853	1_1	1_2	FALSE
S08.metabat2.4	S08.bam	S09.bam	0.9999943	0.9999843		0.814	1_1	1_2	TRUE
S08.metabat2.4	S08.bam	S13.bam	0.9985978	0.9985878		0.664	1_1	1_2	FALSE
S08.metabat2.4	S08.bam	S18.bam	0.9999992	0.9999892		0.519	1_1	1_2	TRUE
S08.metabat2.4	S08.bam	S19.bam	0.9999958	0.9999858		0.519	1_1	1_2	TRUE
S08.metabat2.4	S08.bam	S21.bam	0.9999962	0.9999862		0.635	1_1	1_2	TRUE
S08.metabat2.4	S08.bam	S23.bam	0.9997446	0.9997346		0.714	1_1	1_2	FALSE
S08.metabat2.4	S08.bam	S24.bam	0.9991019	0.9990919		0.612	1_1	1_2	FALSE
S08.metabat2.4	S09.bam	S10.bam	0.9987952	0.9987852		0.776	1_1	1_2	FALSE
S08.metabat2.4	S09.bam	S13.bam	0.9992713	0.9992613		0.749	1_1	1_2	FALSE
S08.metabat2.4	S09.bam	S14.bam	0.9997653	0.9997553		0.936	1_1	1_2	FALSE
S08.metabat2.4	S09.bam	S17.bam	0.9990504	0.9990404		0.97	1_1	1_2	FALSE
S08.metabat2.4	S09.bam	S18.bam	0.9999568	0.9999468		0.776	1_1	1_2	FALSE
S08.metabat2.4	S09.bam	S19.bam	0.9995178	0.9995078		0.963	1_1	1_2	FALSE
S08.metabat2.4	S09.bam	S20.bam	0.9990383	0.9990283		0.925	1_1	1_2	FALSE
S08.metabat2.4	S09.bam	S23.bam	0.9995887	0.9995787		0.774	1_1	1_2	FALSE
S08.metabat2.4	S10.bam	S12.bam	0.9999915	0.9999815		0.941	1_1	1_2	TRUE
S08.metabat2.4	S10.bam	S13.bam	0.9996242	0.9996142		0.996	1_1	1_2	FALSE
S08.metabat2.4	S10.bam	S14.bam	0.99941	0.9994		0.742	1_1	1_2	FALSE
S08.metabat2.4	S10.bam	S15.bam	0.9997762	0.9997662		0.935	1_1	1_2	FALSE
S08.metabat2.4	S10.bam	S17.bam	0.999616	0.999606		0.86	1_1	1_2	FALSE
S08.metabat2.4	S10.bam	S18.bam	0.999622	0.999612		0.793	1_1	1_2	FALSE
S08.metabat2.4	S10.bam	S21.bam	0.9990293	0.9990193		0.708	1_1	1_2	FALSE
S08.metabat2.4	S10.bam	S22.bam	0.9999922	0.9999822		0.55	1_1	1_2	TRUE
S08.metabat2.4	S11.bam	S12.bam	0.9999989	0.9999889		0.764	1_1	1_2	TRUE
S08.metabat2.4	S11.bam	S17.bam	0.9999943	0.9999843		0.61	1_1	1_2	TRUE
S08.metabat2.4	S11.bam	S19.bam	0.9989797	0.9989697		0.889	1_1	1_2	FALSE
S08.metabat2.4	S11.bam	S20.bam	0.998626	0.998616		0.652	1_1	1_2	FALSE
S08.metabat2.4	S11.bam	S21.bam	0.9986888	0.9986788		0.834	1_1	1_2	FALSE
S08.metabat2.4	S11.bam	S22.bam	0.9993016	0.9992916		0.552	1_1	1_2	FALSE
S08.metabat2.4	S11.bam	S23.bam	0.9999975	0.9999875		0.923	1_1	1_2	TRUE
S08.metabat2.4	S11.bam	S24.bam	0.9997153	0.9997053		0.668	1_1	1_2	FALSE
S08.metabat2.4	S12.bam	S13.bam	0.9993799	0.9993699		0.859	1_1	1_2	FALSE
S08.metabat2.4	S12.bam	S14.bam	0.9992115	0.9992015		0.624	1_1	1_2	FALSE
S08.metabat2.4	S12.bam	S18.bam	0.999385	0.999375		0.707	1_1	1_2	FALSE
S08.metabat2.4	S12.bam	S19.bam	0.9985141	0.9985041		0.569	1_1	1_2	FALSE
S08.metabat2.4	S12.bam	S21.bam	0.9993641	0.9993541		0.992	1_1	1_2	FALSE
S08.metabat2.4	S12.bam	S22.bam	0.9999968	0.9999868		0.945	1_1	1_2	TRUE
S08.metabat2.4	S13.bam	S14.bam	0.9999995	0.9999895		0.845	1_1	1_2	TRUE
S08.metabat2.4	S13.bam	S15.bam	0.9996565	0.9996465		0.727	1_1	1_2	FALSE
S08.metabat2.4	S13.bam	S16.bam	0.999881	0.999871		0.523	1_1	1_2	FALSE
S08.metabat2.4	S13.bam	S18.bam	0.9987314	0.9987214		0.887	1_1	1_2	FALSE
S08.metabat2.4	S13.bam	S20.bam	0.9988764	0.9988664		0.762	1_1	1_2	FALSE
S08.metabat2.4	S13.bam	S22.bam	0.999185	0.999175		0.685	1_1	1_2	FALSE
S08.metabat2.4	S13.bam	S23.bam	0.9993946	0.9993846		0.783	1_1	1_2	FALSE
S08.metabat2.4	S14.bam	S15.bam	0.9999979	0.9999879		0.626	1_1	1_2	TRUE
S08.metabat2.4	S14.bam	S16.bam	0.9996443	0.9996343		0.789	1_1	1_2	FALSE
S08.metabat2.4	S14.bam	S17.bam	0.9999628	0.9999528		0.582	1_1	1_2	FALSE
S08.metabat2.4	S14.bam	S18.bam	0.9988509	0.9988409		0.798	1_1	1_2	FALSE
S08.metabat2.4	S14.bam	S19.bam	0.9985531	0.9985431		0.552	1_1	1_2	FALSE
S08.metabat2.4	S14.bam	S20.bam	0.999901	0.999891		0.918	1_1	1_2	FALSE
S08.metabat2.4	S14.bam	S22.bam	0.9998607	0.9998507		0.551	1_1	1_2	FALSE
S08.metabat2.4	S14.bam	S23.bam	0.9999668	0.9999568		0.514	1_1	1_2	FALSE
S08.metabat2.4	S14.bam	S24.bam	0.9997838	0.9997738		0.773	1_1	1_2	FALSE
S08.metabat2.4	S15.bam	S18.bam	0.998622	0.998612		0.843	1_1	1_2	FALSE
S08.metabat2.4	S15.bam	S19.bam	0.9994683	0.9994583		0.731	1_1	1_2	FALSE
S08.metabat2.4	S15.bam	S20.bam	0.999736	0.999726		0.891	1_1	1_2	FALSE
S08.metabat2.4	S15.bam	S21.bam	0.9994905	0.9994805		0.651	1_1	1_2	FALSE
S08.metabat2.4	S15.bam	S22.bam	0.9994525	0.9994425		0.801	1_1	1_2	FALSE
S08.metabat2.4	S15.bam	S23.bam	0.9992413	0.9992313		0.671	1_1	1_2	FALSE
S08.metabat2.4	S15.bam	S24.bam	0.9999972	0.9999872		0.826	1_1	1_2	TRUE
S08.metabat2.4	S16.bam	S18.bam	0.9995216	0.9995116		0.989	1_1	1_2	FALSE
S08.metabat2.4	S16.bam	S20.bam	0.9994448	0.9994348		0.773	1_1	1_2	FALSE
S08.metabat2.4	S16.bam	S21.bam	0.9990927	0.9990827		0.788	1_1	1_2	FALSE
S08.metabat2.4	S16.bam	S23.bam	0.9991795	0.9991695		0.531	1_1	1_2	FALSE
S08.metabat2.4	S16.bam	S24.bam	0.9999926	0.9999826		0.944	1_1	1_2	TRUE
S08.metabat2.4	S17.bam	S19.bam	0.9989366	0.9989266		0.607	1_1	1_2	FALSE
S08.metabat2.4	S17.bam	S20.bam	0.9995178	0.9995078		0.851	1_1	1_2	FALSE
S08.metabat2.4	S17.bam	S21.bam	0.9999048	0.9998948		0.988	1_1	1_2	FALSE
S08.metabat2.4	S17.bam	S22.bam	0.9987235	0.9987135		0.62	1_1	1_2	FALSE
S08.metabat2.4	S17.bam	S23.bam	0.9996792	0.9996692		0.699	1_1	1_2	FALSE
S08.metabat2.4	S17.bam	S24.bam	0.9988417	0.9988317		0.708	1_1	1_2	FALSE
S08.metabat2.4	S18.bam	S19.bam	0.9999418	0.9999318		0.636	1_1	1_2	FALSE
S08.metabat2.4	S18.bam	S22.bam	0.99968	0.99967		0.617	1_1	1_2	FALSE
S08.metabat2.4	S19.bam	S21.bam	0.9999931	0.9999831		0.756	1_1	1_2	TRUE
S08.metabat2.4	S19.bam	S23.bam	0.9996939	0.9996839		0.872	1_1	1_2	FALSE
S08.metabat2.4	S20.bam	S21.bam	0.9997464	0.9997364		0.584	1_1	1_2	FALSE
S08.metabat2.4	S20.bam	S22.bam	0.9995695	0.9995595		0.759	1_1	1_2	FALSE
S08.metabat2.4	S20.bam	S23.bam	0.9988325	0.9988225		0.534	1_1	1_2	FALSE
S08.metabat2.4	S23.bam	S24.bam	0.998649	0.998639		0.786	1_1	1_2	FALSE
S20.metabat2.5	S01.bam	S02.bam	0.9997246	0.9997146		0.775	1_1	1_2	FALSE
S20.metabat2.5	S01.bam	S03.bam	0.9999725	0.9999625		0.939	1_1	1_2	FALSE
S20.metabat2.5	S01.bam	S04.bam	0.9993108	0.9993008		0.656	1_1	1_2	FALSE
S20.metabat2.5	S01.bam	S05.bam	0.9986593	0.9986493		0.829	1_1	1_2	FALSE
S20.metabat2.5	S01.bam	S06.bam	0.9991929	0.9991829		0.812	1_1	1_2	FALSE
S20.metabat2.5	S01.bam	S07.bam	0.9988572	0.9988472		0.526	1_1	1_2	FALSE
S20.metabat2.5	S01.bam	S09.bam	0.9997626	0.9997526		0.965	1_1	1_2	FALSE
S20.metabat2.5	S01.bam	S11.bam	0.9986784	0.9986684		0.703	1_1	1_2	FALSE
S20.metabat2.5	S01.bam	S16.bam	0.9992834	0.9992734		0.579	1_1	1_2	FALSE
S20.metabat2.5	S01.bam	S17.bam	0.999035	0.999025		0.65	1_1	1_2	FALSE
S20.metabat2.5	S01.bam	S18.bam	0.999067	0.999057		0.614	1_1	1_2	FALSE
S20.metabat2.5	S01.bam	S19.bam	0.9993613	0.9993513		0.698	1_1	1_2	FALSE
S20.metabat2.5	S01.bam	S20.bam	0.9989697	0.9989597		0.726	1_1	1_2	FALSE
S20.metabat2.5	S01.bam	S21.bam	0.9991657	0.9991557		0.872	1_1	1_2	FALSE
S20.metabat2.5	S01.bam	S22.bam	0.998754	0.998744		0.685	1_1	1_2	FALSE
S20.metabat2.5	S01.bam	S23.bam	0.9987847	0.9987747		0.812	1_1	1_2	FALSE
S20.metabat2.5	S01.bam	S24.bam	0.9992035	0.9991935		0.812	1_1	1_2	FALSE
S20.metabat2.5	S02.bam	S03.bam	0.9990702	0.9990602		0.922	1_1	1_2	FALSE
S20.metabat2.5	S02.bam	S04.bam	0.9989992	0.9989892		0.787	1_1	1_2	FALSE
S20.metabat2.5	S02.bam	S06.bam	0.9997557	0.9997457		0.792	1_1	1_2	FALSE
S20.metabat2.5	S02.bam	S07.bam	0.9991999	0.9991899		0.801	1_1	1_2	FALSE
S20.metabat2.5	S02.bam	S08.bam	0.9988168	0.9988068		0.538	1_1	1_2	FALSE
S20.metabat2.5	S02.bam	S09.bam	0.9987657	0.9987557		0.693	1_1	1_2	FALSE
S20.metabat2.5	S02.bam	S10.bam	0.9998945	0.9998845		0.967	1_1	1_2	FALSE
S20.metabat2.5	S02.bam	S11.bam	0.9997659	0.9997559		0.867	1_1	1_2	FALSE
S20.metabat2.5	S02.bam	S12.bam	0.9995885	0.9995785		0.738	1_1	1_2	FALSE
S20.metabat2.5	S02.bam	S14.bam	0.9999911	0.9999811		0.951	1_1	1_2	TRUE
S20.metabat2.5	S02.bam	S16.bam	0.998544	0.998534		0.839	1_1	1_2	FALSE
S20.metabat2.5	S02.bam	S17.bam	0.998914	0.998904		0.529	1_1	1_2	FALSE
S20.metabat2.5	S02.bam	S18.bam	0.9987176	0.9987076		0.865	1_1	1_2	FALSE
S20.metabat2.5	S02.bam	S19.bam	0.999013	0.999003		0.58	1_1	1_2	FALSE
S20.metabat2.5	S02.bam	S21.bam	0.9985964	0.9985864		0.96	1_1	1_2	FALSE
S20.metabat2.5	S02.bam	S22.bam	0.9988645	0.9988545		0.659	1_1	1_2	FALSE
S20.metabat2.5	S02.bam	S23.bam	0.9994423	0.9994323		0.559	1_1	1_2	FALSE
S20.metabat2.5	S02.bam	S24.bam	0.9999763	0.9999663		0.753	1_1	1_2	FALSE
S20.metabat2.5	S03.bam	S06.bam	0.998738	0.998728		0.89	1_1	1_2	FALSE
S20.metabat2.5	S03.bam	S07.bam	0.9991081	0.9990981		0.596	1_1	1_2	FALSE
S20.metabat2.5	S03.bam	S10.bam	0.9989872	0.9989772		0.931	1_1	1_2	FALSE
S20.metabat2.5	S03.bam	S11.bam	0.998553	0.998543		0.98	1_1	1_2	FALSE
S20.metabat2.5	S03.bam	S12.bam	0.9999915	0.9999815		0.852	1_1	1_2	TRUE
S20.metabat2.5	S03.bam	S13.bam	0.9986151	0.9986051		0.857	1_1	1_2	FALSE
S20.metabat2.5	S03.bam	S14.bam	0.9997563	0.9997463		0.571	1_1	1_2	FALSE
S20.metabat2.5	S03.bam	S19.bam	0.9988367	0.9988267		0.583	1_1	1_2	FALSE
S20.metabat2.5	S03.bam	S20.bam	0.9989139	0.9989039		0.991	1_1	1_2	FALSE
S20.metabat2.5	S03.bam	S22.bam	0.9993693	0.9993593		0.817	1_1	1_2	FALSE
S20.metabat2.5	S03.bam	S23.bam	0.9990244	0.9990144		0.702	1_1	1_2	FALSE
S20.metabat2.5	S03.bam	S24.bam	0.9986342	0.9986242		0.689	1_1	1_2	FALSE
S20.metabat2.5	S04.bam	S06.bam	0.9999911	0.9999811		0.921	1_1	1_2	TRUE
S20.metabat2.5	S04.bam	S07.bam	0.9999976	0.9999876		0.628	1_1	1_2	TRUE
S20.metabat2.5	S04.bam	S08.bam	0.9995749	0.9995649		0.578	1_1	1_2	FALSE
S20.metabat2.5	S04.bam	S09.bam	0.9999967	0.9999867		0.983	1_1	1_2	TRUE
S20.metabat2.5	S04.bam	S11.bam	0.999943	0.999933		0.691	1_1	1_2	FALSE
S20.metabat2.5	S04.bam	S12.bam	0.9996746	0.9996646		0.971	1_1	1_2	FALSE
S20.metabat2.5	S04.bam	S13.bam	0.9986408	0.9986308		0.501	1_1	1_2	FALSE
S20.metabat2.5	S04.bam	S17.bam	0.9999951	0.9999851		0.778	1_1	1_2	TRUE
S20.metabat2.5	S04.bam	S18.bam	0.9999924	0.9999824		0.655	1_1	1_2	TRUE
S20.metabat2.5	S04.bam	S20.bam	0.9994779	0.9994679		0.58	1_1	1_2	FALSE
S20.metabat2.5	S04.bam	S22.bam	0.998793	0.998783		0.6	1_1	1_2	FALSE
S20.metabat2.5	S04.bam	S23.bam	0.9985857	0.9985757		0.882	1_1	1_2	FALSE
S20.metabat2.5	S04.bam	S24.bam	0.9987489	0.9987389		0.691	1_1	1_2	FALSE
S20.metabat2.5	S05.bam	S07.bam	0.9985214	0.9985114		0.728	1_1	1_2	FALSE
S20.metabat2.5	S05.bam	S09.bam	0.9996544	0.9996444		0.795	1_1	1_2	FALSE
S20.metabat2.5	S05.bam	S13.bam	0.9996524	0.9996424		0.951	1_1	1_2	FALSE
S20.metabat2.5	S05.bam	S15.bam	0.9992371	0.9992271		0.605	1_1	1_2	FALSE
S20.metabat2.5	S05.bam	S17.bam	0.9999955	0.9999855		0.784	1_1	1_2	TRUE
S20.metabat2.5	S05.bam	S18.bam	0.9999979	0.9999879		0.668	1_1	1_2	TRUE
S20.metabat2.5	S05.bam	S21.bam	0.9993329	0.9993229		0.966	1_1	1_2	FALSE
S20.metabat2.5	S05.bam	S22.bam	0.9988951	0.9988851		0.673	1_1	1_2	FALSE
S20.metabat2.5	S05.bam	S23.bam	0.9986999	0.9986899		0.615	1_1	1_2	FALSE
S20.metabat2.5	S06.bam	S09.bam	0.999537	0.999527		0.505	1_1	1_2	FALSE
S20.metabat2.5	S06.bam	S10.bam	0.99978	0.99977		0.854	1_1	1_2	FALSE
S20.metabat2.5	S06.bam	S11.bam	0.9991972	0.9991872		0.866	1_1	1_2	FALSE
S20.metabat2.5	S06.bam	S12.bam	0.9988659	0.9988559		0.885	1_1	1_2	FALSE
S20.metabat2.5	S06.bam	S13.bam	0.9993813	0.9993713		0.622	1_1	1_2	FALSE
S20.metabat2.5	S06.bam	S14.bam	0.998964	0.998954		0.688	1_1	1_2	FALSE
S20.metabat2.5	S06.bam	S15.bam	0.999479	0.999469		0.55	1_1	1_2	FALSE
S20.metabat2.5	S06.bam	S16.bam	0.9999918	0.9999818		0.897	1_1	1_2	TRUE
S20.metabat2.5	S06.bam	S18.bam	0.9987688	0.9987588		0.822	1_1	1_2	FALSE
S20.metabat2.5	S06.bam	S19.bam	0.9997696	0.9997596		0.639	1_1	1_2	FALSE
S20.metabat2.5	S06.bam	S20.bam	0.9999333	0.9999233		0.639	1_1	1_2	FALSE
S20.metabat2.5	S06.bam	S21.bam	0.9993774	0.9993674		0.849	1_1	1_2	FALSE
S20.metabat2.5	S06.bam	S24.bam	0.9996015	0.9995915		0.747	1_1	1_2	FALSE
S20.metabat2.5	S07.bam	S09.bam	0.9999938	0.9999838		0.769	1_1	1_2	TRUE
S20.metabat2.5	S07.bam	S11.bam	0.9987187	0.9987087		0.938	1_1	1_2	FALSE
S20.metabat2.5	S07.bam	S13.bam	0.9991614	0.9991514		0.618	1_1	1_2	FALSE
S20.metabat2.5	S07.bam	S14.bam	0.9987766	0.9987666		0.767	1_1	1_2	FALSE
S20.metabat2.5	S07.bam	S15.bam	0.9996326	0.9996226		0.936	1_1	1_2	FALSE
S20.metabat2.5	S07.bam	S17.bam	0.9985475	0.9985375		0.841	1_1	1_2	FALSE
S20.metabat2.5	S07.bam	S18.bam	0.9999911	0.9999811		0.705	1_1	1_2	TRUE
S20.metabat2.5	S07.bam	S19.bam	0.9999963	0.9999863		0.926	1_1	1_2	TRUE
S20.metabat2.5	S07.bam	S20.bam	0.9999951	0.9999851		0.808	1_1	1_2	TRUE
S20.metabat2.5	S07.bam	S21.bam	0.9999977	0.9999877		0.915	1_1	1_2	TRUE
S20.metabat2.5	S07.bam	S22.bam	0.9996333	0.9996233		0.582	1_1	1_2	FALSE
S20.metabat2.5	S07.bam	S24.bam	0.9995201	0.9995101		0.985	1_1	1_2	FALSE
S20.metabat2.5	S08.bam	S09.bam	0.9999935	0.9999835		0.774	1_1	1_2	TRUE
S20.metabat2.5	S08.bam	S10.bam	0.9992465	0.9992365		0.656	1_1	1_2	FALSE
S20.metabat2.5	S08.bam	S11.bam	0.9995394	0.9995294		0.63	1_1	1_2	FALSE
S20.metabat2.5	S08.bam	S12.bam	0.9985675	0.9985575		0.942	1_1	1_2	FALSE
S20.metabat2.5	S08.bam	S13.bam	0.9997487	0.9997387		0.655	1_1	1_2	FALSE
S20.metabat2.5	S08.bam	S14.bam	0.9994941	0.9994841		0.542	1_1	1_2	FALSE
S20.metabat2.5	S08.bam	S16.bam	0.999079	0.999069		0.742	1_1	1_2	FALSE
S20.metabat2.5	S08.bam	S17.bam	0.9988485	0.9988385		0.567	1_1	1_2	FALSE
S20.metabat2.5	S08.bam	S18.bam	0.9988218	0.9988118		0.878	1_1	1_2	FALSE
S20.metabat2.5	S08.bam	S21.bam	0.9988988	0.9988888		0.718	1_1	1_2	FALSE
S20.metabat2.5	S08.bam	S22.bam	0.9988071	0.9987971		0.959	1_1	1_2	FALSE
S20.metabat2.5	S08.bam	S23.bam	0.9994873	0.9994773		0.728	1_1	1_2	FALSE
S20.metabat2.5	S08.bam	S24.bam	0.9988146	0.9988046		0.615	1_1	1_2	FALSE
S20.metabat2.5	S09.bam	S12.bam	0.9997214	0.9997114		0.675	1_1	1_2	FALSE
S20.metabat2.5	S09.bam	S14.bam	0.9993497	0.9993397		0.921	1_1	1_2	FALSE
S20.metabat2.5	S09.bam	S15.bam	0.9995959	0.9995859		0.928	1_1	1_2	FALSE
S20.metabat2.5	S09.bam	S17.bam	0.9985953	0.9985853		0.913	1_1	1_2	FALSE
S20.metabat2.5	S09.bam	S18.bam	0.9997104	0.9997004		0.813	1_1	1_2	FALSE
S20.metabat2.5	S09.bam	S19.bam	0.9998987	0.9998887		0.923	1_1	1_2	FALSE
S20.metabat2.5	S09.bam	S20.bam	0.9999929	0.9999829		0.684	1_1	1_2	TRUE
S20.metabat2.5	S09.bam	S21.bam	0.9992278	0.9992178		0.822	1_1	1_2	FALSE
S20.metabat2.5	S10.bam	S11.bam	0.9999972	0.9999872		0.878	1_1	1_2	TRUE
S20.metabat2.5	S10.bam	S13.bam	0.9986408	0.9986308		0.955	1_1	1_2	FALSE
S20.metabat2.5	S10.bam	S17.bam	0.9999175	0.9999075		0.818	1_1	1_2	FALSE
S20.metabat2.5	S10.bam	S18.bam	0.9992579	0.9992479		0.786	1_1	1_2	FALSE
S20.metabat2.5	S10.bam	S20.bam	0.9998348	0.9998248		0.812	1_1	1_2	FALSE
S20.metabat2.5	S10.bam	S23.bam	0.9999983	0.9999883		0.604	1_1	1_2	TRUE
S20.metabat2.5	S11.bam	S12.bam	0.9999967	0.9999867		0.755	1_1	1_2	TRUE
S20.metabat2.5	S11.bam	S13.bam	0.9990163	0.9990063		0.736	1_1	1_2	FALSE
S20.metabat2.5	S11.bam	S15.bam	0.9993697	0.9993597		0.552	1_1	1_2	FALSE
S20.metabat2.5	S11.bam	S16.bam	0.9999939	0.9999839		0.949	1_1	1_2	TRUE
S20.metabat2.5	S11.bam	S18.bam	0.9999455	0.9999355		0.6	1_1	1_2	FALSE
S20.metabat2.5	S11.bam	S19.bam	0.9996411	0.9996311		0.689	1_1	1_2	FALSE
S20.metabat2.5	S11.bam	S20.bam	0.9989352	0.9989252		0.679	1_1	1_2	FALSE
S20.metabat2.5	S11.bam	S21.bam	0.9986334	0.9986234		0.669	1_1	1_2	FALSE
S20.metabat2.5	S11.bam	S22.bam	0.9999984	0.9999884		0.724	1_1	1_2	TRUE
S20.metabat2.5	S11.bam	S23.bam	0.9992193	0.9992093		0.976	1_1	1_2	FALSE
S20.metabat2.5	S12.bam	S13.bam	0.9993225	0.9993125		0.912	1_1	1_2	FALSE
S20.metabat2.5	S12.bam	S14.bam	0.9992281	0.9992181		0.661	1_1	1_2	FALSE
S20.metabat2.5	S12.bam	S15.bam	0.9999976	0.9999876		0.539	1_1	1_2	TRUE
S20.metabat2.5	S12.bam	S16.bam	0.999241	0.999231		0.89	1_1	1_2	FALSE
S20.metabat2.5	S12.bam	S18.bam	0.9989089	0.9988989		0.903	1_1	1_2	FALSE
S20.metabat2.5	S12.bam	S19.bam	0.9991305	0.9991205		0.96	1_1	1_2	FALSE
S20.metabat2.5	S12.bam	S20.bam	0.9996373	0.9996273		0.589	1_1	1_2	FALSE
S20.metabat2.5	S12.bam	S21.bam	0.9995605	0.9995505		0.856	1_1	1_2	FALSE
S20.metabat2.5	S12.bam	S22.bam	0.9999957	0.9999857		0.713	1_1	1_2	TRUE
S20.metabat2.5	S12.bam	S24.bam	0.9988509	0.9988409		0.77	1_1	1_2	FALSE
S20.metabat2.5	S13.bam	S14.bam	0.9999296	0.9999196		0.668	1_1	1_2	FALSE
S20.metabat2.5	S13.bam	S15.bam	0.9999931	0.9999831		0.946	1_1	1_2	TRUE
S20.metabat2.5	S13.bam	S16.bam	0.9985	0.99849		0.752	1_1	1_2	FALSE
S20.metabat2.5	S13.bam	S17.bam	0.9998086	0.9997986		0.853	1_1	1_2	FALSE
S20.metabat2.5	S13.bam	S18.bam	0.9999983	0.9999883		0.782	1_1	1_2	TRUE
S20.metabat2.5	S13.bam	S19.bam	0.9997863	0.9997763		0.542	1_1	1_2	FALSE
S20.metabat2.5	S13.bam	S20.bam	0.9991847	0.9991747		0.624	1_1	1_2	FALSE
S20.metabat2.5	S13.bam	S23.bam	0.9988349	0.9988249		0.927	1_1	1_2	FALSE
S20.metabat2.5	S14.bam	S15.bam	0.9999976	0.9999876		0.796	1_1	1_2	TRUE
S20.metabat2.5	S14.bam	S18.bam	0.9995643	0.9995543		0.927	1_1	1_2	FALSE
S20.metabat2.5	S14.bam	S20.bam	0.9995909	0.9995809		0.505	1_1	1_2	FALSE
S20.metabat2.5	S14.bam	S23.bam	0.9988287	0.9988187		0.776	1_1	1_2	FALSE
S20.metabat2.5	S15.bam	S17.bam	0.999904	0.999894		0.728	1_1	1_2	FALSE
S20.metabat2.5	S15.bam	S18.bam	0.9997579	0.9997479		0.754	1_1	1_2	FALSE
S20.metabat2.5	S15.bam	S19.bam	0.9994056	0.9993956		0.955	1_1	1_2	FALSE
S20.metabat2.5	S15.bam	S21.bam	0.9995505	0.9995405		0.696	1_1	1_2	FALSE
S20.metabat2.5	S15.bam	S24.bam	0.9996112	0.9996012		0.685	1_1	1_2	FALSE
S20.metabat2.5	S16.bam	S17.bam	0.9999931	0.9999831		0.689	1_1	1_2	TRUE
S20.metabat2.5	S16.bam	S18.bam	0.9989282	0.9989182		0.519	1_1	1_2	FALSE
S20.metabat2.5	S16.bam	S19.bam	0.9997654	0.9997554		0.816	1_1	1_2	FALSE
S20.metabat2.5	S16.bam	S20.bam	0.9989801	0.9989701		0.604	1_1	1_2	FALSE
S20.metabat2.5	S16.bam	S21.bam	0.9999933	0.9999833		0.777	1_1	1_2	TRUE
S20.metabat2.5	S16.bam	S23.bam	0.9990061	0.9989961		0.991	1_1	1_2	FALSE
S20.metabat2.5	S17.bam	S19.bam	0.9992893	0.9992793		0.641	1_1	1_2	FALSE
S20.metabat2.5	S17.bam	S20.bam	0.9988394	0.9988294		0.635	1_1	1_2	FALSE
S20.metabat2.5	S17.bam	S22.bam	0.9993688	0.9993588		0.666	1_1	1_2	FALSE
S20.metabat2.5	S18.bam	S19.bam	0.999042	0.999032		0.767	1_1	1_2	FALSE
S20.metabat2.5	S18.bam	S20.bam	0.9986572	0.9986472		0.908	1_1	1_2	FALSE
S20.metabat2.5	S18.bam	S22.bam	0.9988026	0.9987926		0.721	1_1	1_2	FALSE
S20.metabat2.5	S18.bam	S23.bam	0.9994023	0.9993923		0.988	1_1	1_2	FALSE
S20.metabat2.5	S18.bam	S24.bam	0.9995292	0.9995192		0.922	1_1	1_2	FALSE
S20.metabat2.5	S19.bam	S23.bam	0.9988205	0.9988105		0.805	1_1	1_2	FALSE
S20.metabat2.5	S20.bam	S23.bam	0.9995841	0.9995741		0.533	1_1	1_2	FALSE
S20.metabat2.5	S20.bam	S24.bam	0.9989122	0.9989022		0.937	1_1	1_2	FALSE
S20.metabat2.5	S21.bam	S22.bam	0.9986045	0.9985945		0.612	1_1	1_2	FALSE
S20.metabat2.5	S21.bam	S23.bam	0.9990302	0.9990202		0.947	1_1	1_2	FALSE
S20.metabat2.5	S21.bam	S24.bam	0.9989251	0.9989151		0.634	1_1	1_2	FALSE
S20.metabat2.5	S22.bam	S23.bam	0.9999914	0.9999814		0.715	1_1	1_2	TRUE
S20.metabat2.5	S22.bam	S24.bam	0.9999915	0.9999815		0.78	1_1	1_2	TRUE
S20.metabat2.5	S23.bam	S24.bam	0.9999914	0.9999814		0.579	1_1	1_2	TRUE
S10.metabat2.6	S01.bam	S02.bam	0.9999962	0.9999862		0.66	1_1	1_2	TRUE
S10.metabat2.6	S01.bam	S05.bam	0.9990518	0.9990418		0.547	1_1	1_2	FALSE
S10.metabat2.6	S01.bam	S06.bam	0.9994149	0.9994049		0.506	1_1	1_2	FALSE
S10.metabat2.6	S01.bam	S07.bam	0.999205	0.999195		0.623	1_1	1_2	FALSE
S10.metabat2.6	S01.bam	S08.bam	0.9985334	0.9985234		0.626	1_1	1_2	FALSE
S10.metabat2.6	S01.bam	S09.bam	0.9999646	0.9999546		0.639	1_1	1_2	FALSE
S10.metabat2.6	S01.bam	S13.bam	0.9999996	0.9999896		0.833	1_1	1_2	TRUE
S10.metabat2.6	S01.bam	S14.bam	0.9998813	0.9998713		0.521	1_1	1_2	FALSE
S10.metabat2.6	S01.bam	S15.bam	0.9999929	0.9999829		0.632	1_1	1_2	TRUE
S10.metabat2.6	S01.bam	S16.bam	0.9996257	0.9996157		0.664	1_1	1_2	FALSE
S10.metabat2.6	S01.bam	S17.bam	0.9987766	0.9987666		0.801	1_1	1_2	FALSE
S10.metabat2.6	S01.bam	S18.bam	0.9999913	0.9999813		0.584	1_1	1_2	TRUE
S10.metabat2.6	S01.bam	S19.bam	0.9985812	0.9985712		0.583	1_1	1_2	FALSE
S10.metabat2.6	S01.bam	S21.bam	0.9993138	0.9993038		0.56	1_1	1_2	FALSE
S10.metabat2.6	S01.bam	S24.bam	0.9995121	0.9995021		0.938	1_1	1_2	FALSE
S10.metabat2.6	S02.bam	S05.bam	0.9996603	0.9996503		0.63	1_1	1_2	FALSE
S10.metabat2.6	S02.bam	S08.bam	0.9991086	0.9990986		0.798	1_1	1_2	FALSE
S10.metabat2.6	S02.bam	S09.bam	0.9997753	0.9997653		0.725	1_1	1_2	FALSE
S10.metabat2.6	S02.bam	S15.bam	0.9999966	0.9999866		0.805	1_1	1_2	TRUE
S10.metabat2.6	S02.bam	S19.bam	0.999484	0.999474		0.828	1_1	1_2	FALSE
S10.metabat2.6	S02.bam	S20.bam	0.9988512	0.9988412		0.801	1_1	1_2	FALSE
S10.metabat2.6	S02.bam	S22.bam	0.9985878	0.9985778		0.751	1_1	1_2	FALSE
S10.metabat2.6	S02.bam	S23.bam	0.9985962	0.9985862		0.579	1_1	1_2	FALSE
S10.metabat2.6	S03.bam	S05.bam	0.9994888	0.9994788		0.96	1_1	1_2	FALSE
S10.metabat2.6	S03.bam	S06.bam	0.9995152	0.9995052		0.938	1_1	1_2	FALSE
S10.metabat2.6	S03.bam	S10.bam	0.9987305	0.9987205		0.851	1_1	1_2	FALSE
S10.metabat2.6	S03.bam	S11.bam	0.9991168	0.9991068		0.577	1_1	1_2	FALSE
S10.metabat2.6	S03.bam	S16.bam	0.9991036	0.9990936		0.777	1_1	1_2	FALSE
S10.metabat2.6	S03.bam	S18.bam	0.9994859	0.9994759		0.778	1_1	1_2	FALSE
S10.metabat2.6	S03.bam	S19.bam	0.9989242	0.9989142		0.641	1_1	1_2	FALSE
S10.metabat2.6	S03.bam	S20.bam	0.998921	0.998911		0.719	1_1	1_2	FALSE
S10.metabat2.6	S03.bam	S21.bam	0.9987187	0.9987087		0.967	1_1	1_2	FALSE
S10.metabat2.6	S04.bam	S06.bam	0.9999965	0.9999865		0.72	1_1	1_2	TRUE
S10.metabat2.6	S04.bam	S07.bam	0.999162	0.999152		0.956	1_1	1_2	FALSE
S10.metabat2.6	S04.bam	S08.bam	0.9991071	0.9990971		0.763	1_1	1_2	FALSE
S10.metabat2.6	S04.bam	S10.bam	0.9992325	0.9992225		0.858	1_1	1_2	FALSE
S10.metabat2.6	S04.bam	S11.bam	0.9997404	0.9997304		0.605	1_1	1_2	FALSE
S10.metabat2.6	S04.bam	S12.bam	0.999196	0.999186		0.794	1_1	1_2	FALSE
S10.metabat2.6	S04.bam	S13.bam	0.9991725	0.9991625		0.795	1_1	1_2	FALSE
S10.metabat2.6	S04.bam	S14.bam	0.998574	0.998564		0.622	1_1	1_2	FALSE
S10.metabat2.6	S04.bam	S15.bam	0.9995047	0.9994947		0.527	1_1	1_2	FALSE
S10.metabat2.6	S04.bam	S17.bam	0.9999986	0.9999886		0.57	1_1	1_2	TRUE
S10.metabat2.6	S04.bam	S18.bam	0.9999936	0.9999836		0.589	1_1	1_2	TRUE
S10.metabat2.6	S04.bam	S19.bam	0.9986087	0.9985987		0.871	1_1	1_2	FALSE
S10.metabat2.6	S04.bam	S21.bam	0.9987751	0.9987651		0.959	1_1	1_2	FALSE
S10.metabat2.6	S04.bam	S23.bam	0.9994641	0.9994541		0.554	1_1	1_2	FALSE
S10.metabat2.6	S05.bam	S06.bam	0.9999968	0.9999868		0.778	1_1	1_2	TRUE
S10.metabat2.6	S05.bam	S08.bam	0.999063	0.999053		0.799	1_1	1_2	FALSE
S10.metabat2.6	S05.bam	S09.bam	0.9995534	0.9995434		0.803	1_1	1_2	FALSE
S10.metabat2.6	S05.bam	S10.bam	0.999931	0.999921		0.688	1_1	1_2	FALSE
S10.metabat2.6	S05.bam	S15.bam	0.9985581	0.9985481		0.934	1_1	1_2	FALSE
S10.metabat2.6	S05.bam	S16.bam	0.9985245	0.9985145		0.999	1_1	1_2	FALSE
S10.metabat2.6	S05.bam	S19.bam	0.9988618	0.9988518		0.666	1_1	1_2	FALSE
S10.metabat2.6	S05.bam	S21.bam	0.9995844	0.9995744		0.522	1_1	1_2	FALSE
S10.metabat2.6	S05.bam	S22.bam	0.9987235	0.9987135		0.903	1_1	1_2	FALSE
S10.metabat2.6	S05.bam	S23.bam	0.9996763	0.9996663		0.676	1_1	1_2	FALSE
S10.metabat2.6	S06.bam	S07.bam	0.9992887	0.9992787		0.954	1_1	1_2	FALSE
S10.metabat2.6	S06.bam	S08.bam	0.9994614	0.9994514		0.56	1_1	1_2	FALSE
S10.metabat2.6	S06.bam	S09.bam	0.9985344	0.9985244		0.918	1_1	1_2	FALSE
S10.metabat2.6	S06.bam	S10.bam	0.9993813	0.9993713		0.954	1_1	1_2	FALSE
S10.metabat2.6	S06.bam	S11.bam	0.9985921	0.9985821		0.792	1_1	1_2	FALSE
S10.metabat2.6	S06.bam	S12.bam	0.998547	0.998537		0.606	1_1	1_2	FALSE
S10.metabat2.6	S06.bam	S14.bam	0.9991967	0.9991867		0.75	1_1	1_2	FALSE
S10.metabat2.6	S06.bam	S15.bam	0.9999367	0.9999267		0.62	1_1	1_2	FALSE
S10.metabat2.6	S06.bam	S16.bam	0.9999935	0.9999835		0.685	1_1	1_2	TRUE
S10.metabat2.6	S06.bam	S17.bam	0.9999984	0.9999884		0.516	1_1	1_2	TRUE
S10.metabat2.6	S06.bam	S20.bam	0.9992051	0.9991951		0.596	1_1	1_2	FALSE
S10.metabat2.6	S06.bam	S22.bam	0.9989835	0.9989735		0.515	1_1	1_2	FALSE
S10.metabat2.6	S07.bam	S08.bam	0.9999951	0.9999851		0.896	1_1	1_2	TRUE
S10.metabat2.6	S07.bam	S09.bam	0.9989752	0.9989652		0.895	1_1	1_2	FALSE
S10.metabat2.6	S07.bam	S10.bam	0.9996677	0.9996577		0.554	1_1	1_2	FALSE
S10.metabat2.6	S07.bam	S11.bam	0.9996928	0.9996828		0.822	1_1	1_2	FALSE
S10.metabat2.6	S07.bam	S12.bam	0.9995746	0.9995646		0.686	1_1	1_2	FALSE
S10.metabat2.6	S07.bam	S13.bam	0.998595	0.998585		0.715	1_1	1_2	FALSE
S10.metabat2.6	S07.bam	S17.bam	0.9999438	0.9999338		0.974	1_1	1_2	FALSE
S10.metabat2.6	S07.bam	S19.bam	0.999995	0.999985		0.666	1_1	1_2	TRUE
S10.metabat2.6	S07.bam	S21.bam	0.9999988	0.9999888		0.966	1_1	1_2	TRUE
S10.metabat2.6	S07.bam	S22.bam	0.9988334	0.9988234		0.782	1_1	1_2	FALSE
S10.metabat2.6	S07.bam	S23.bam	0.998914	0.998904		0.759	1_1	1_2	FALSE
S10.metabat2.6	S07.bam	S24.bam	0.9992835	0.9992735		0.66	1_1	1_2	FALSE
S10.metabat2.6	S08.bam	S09.bam	0.9999981	0.9999881		0.871	1_1	1_2	TRUE
S10.metabat2.6	S08.bam	S10.bam	0.9989826	0.9989726		0.637	1_1	1_2	FALSE
S10.metabat2.6	S08.bam	S11.bam	0.9989471	0.9989371		0.753	1_1	1_2	FALSE
S10.metabat2.6	S08.bam	S12.bam	0.999997	0.999987		0.826	1_1	1_2	TRUE
S10.metabat2.6	S08.bam	S13.bam	0.9995388	0.9995288		0.626	1_1	1_2	FALSE
S10.metabat2.6	S08.bam	S14.bam	0.999725	0.999715		0.814	1_1	1_2	FALSE
S10.metabat2.6	S08.bam	S16.bam	0.9993175	0.9993075		0.806	1_1	1_2	FALSE
S10.metabat2.6	S08.bam	S17.bam	0.9996722	0.9996622		0.962	1_1	1_2	FALSE
S10.metabat2.6	S08.bam	S18.bam	0.9993779	0.9993679		0.793	1_1	1_2	FALSE
S10.metabat2.6	S08.bam	S19.bam	0.9997005	0.9996905		0.819	1_1	1_2	FALSE
S10.metabat2.6	S08.bam	S20.bam	0.9999953	0.9999853		0.7	1_1	1_2	TRUE
S10.metabat2.6	S08.bam	S21.bam	0.9992206	0.9992106		0.51	1_1	1_2	FALSE
S10.metabat2.6	S08.bam	S22.bam	0.9988536	0.9988436		0.68	1_1	1_2	FALSE
S10.metabat2.6	S08.bam	S24.bam	0.9991552	0.9991452		0.92	1_1	1_2	FALSE
S10.metabat2.6	S09.bam	S11.bam	0.9993569	0.9993469		0.95	1_1	1_2	FALSE
S10.metabat2.6	S09.bam	S15.bam	0.9996508	0.9996408		0.805	1_1	1_2	FALSE
S10.metabat2.6	S09.bam	S16.bam	0.9989136	0.9989036		0.864	1_1	1_2	FALSE
S10.metabat2.6	S09.bam	S18.bam	0.9993795	0.9993695		0.522	1_1	1_2	FALSE
S10.metabat2.6	S09.bam	S19.bam	0.9999914	0.9999814		0.68	1_1	1_2	TRUE
S10.metabat2.6	S09.bam	S22.bam	0.9990456	0.9990356		0.675	1_1	1_2	FALSE
S10.metabat2.6	S10.bam	S11.bam	0.9999951	0.9999851		0.803	1_1	1_2	TRUE
S10.metabat2.6	S10.bam	S13.bam	0.9992745	0.9992645		0.893	1_1	1_2	FALSE
S10.metabat2.6	S10.bam	S14.bam	0.9990039	0.9989939		0.996	1_1	1_2	FALSE
S10.metabat2.6	S10.bam	S15.bam	0.9988237	0.9988137		0.813	1_1	1_2	FALSE
S10.metabat2.6	S10.bam	S16.bam	0.9996966	0.9996866		0.912	1_1	1_2	FALSE
S10.metabat2.6	S10.bam	S17.bam	0.9990349	0.9990249		0.835	1_1	1_2	FALSE
S10.metabat2.6	S10.bam	S18.bam	0.9991508	0.9991408		0.748	1_1	1_2	FALSE
S10.metabat2.6	S10.bam	S19.bam	0.9994505	0.9994405		0.983	1_1	1_2	FALSE
S10.metabat2.6	S10.bam	S21.bam	0.9998349	0.9998249		0.876	1_1	1_2	FALSE
S10.metabat2.6	S10.bam	S22.bam	0.9985427	0.9985327		0.871	1_1	1_2	FALSE
S10.metabat2.6	S10.bam	S23.bam	0.9999983	0.9999883		0.697	1_1	1_2	TRUE
S10.metabat2.6	S10.bam	S24.bam	0.9999933	0.9999833		0.6	1_1	1_2	TRUE
S10.metabat2.6	S11.bam	S13.bam	0.9989274	0.9989174		0.57	1_1	1_2	FALSE
S10.metabat2.6	S11.bam	S14.bam	0.9995203	0.9995103		0.637	1_1	1_2	FALSE
S10.metabat2.6	S11.bam	S15.bam	0.9994879	0.9994779		0.681	1_1	1_2	FALSE
S10.metabat2.6	S11.bam	S19.bam	0.998596	0.998586		0.894	1_1	1_2	FALSE
S10.metabat2.6	S11.bam	S22.bam	0.9993801	0.9993701		0.863	1_1	1_2	FALSE
S10.metabat2.6	S12.bam	S13.bam	0.9999221	0.9999121		0.685	1_1	1_2	FALSE
S10.metabat2.6	S12.bam	S15.bam	0.999824	0.999814		0.568	1_1	1_2	FALSE
S10.metabat2.6	S12.bam	S16.bam	0.9993353	0.9993253		0.591	1_1	1_2	FALSE
S10.metabat2.6	S12.bam	S17.bam	0.9998819	0.9998719		0.707	1_1	1_2	FALSE
S10.metabat2.6	S12.bam	S19.bam	0.9990926	0.9990826		0.678	1_1	1_2	FALSE
S10.metabat2.6	S12.bam	S21.bam	0.9988072	0.9987972		0.661	1_1	1_2	FALSE
S10.metabat2.6	S12.bam	S22.bam	0.9999923	0.9999823		0.77	1_1	1_2	TRUE
S10.metabat2.6	S13.bam	S14.bam	0.9999978	0.9999878		0.845	1_1	1_2	TRUE
S10.metabat2.6	S13.bam	S15.bam	0.9996063	0.9995963		0.792	1_1	1_2	FALSE
S10.metabat2.6	S13.bam	S16.bam	0.9987119	0.9987019		0.543	1_1	1_2	FALSE
S10.metabat2.6	S13.bam	S17.bam	0.9996241	0.9996141		0.933	1_1	1_2	FALSE
S10.metabat2.6	S13.bam	S18.bam	0.9996603	0.9996503		0.94	1_1	1_2	FALSE
S10.metabat2.6	S13.bam	S19.bam	0.9987742	0.9987642		0.772	1_1	1_2	FALSE
S10.metabat2.6	S13.bam	S22.bam	0.9993538	0.9993438		0.849	1_1	1_2	FALSE
S10.metabat2.6	S13.bam	S23.bam	0.9986754	0.9986654		0.911	1_1	1_2	FALSE
S10.metabat2.6	S13.bam	S24.bam	0.9989758	0.9989658		0.861	1_1	1_2	FALSE
S10.metabat2.6	S14.bam	S17.bam	0.9997405	0.9997305		0.54	1_1	1_2	FALSE
S10.metabat2.6	S14.bam	S18.bam	0.998612	0.998602		0.957	1_1	1_2	FALSE
S10.metabat2.6	S14.bam	S19.bam	0.9997383	0.9997283		0.61	1_1	1_2	FALSE
S10.metabat2.6	S14.bam	S21.bam	0.9987927	0.9987827		0.588	1_1	1_2	FALSE
S10.metabat2.6	S14.bam	S22.bam	0.9995595	0.9995495		0.787	1_1	1_2	FALSE
S10.metabat2.6	S14.bam	S23.bam	0.9996603	0.9996503		0.923	1_1	1_2	FALSE
S10.metabat2.6	S14.bam	S24.bam	0.9988464	0.9988364		0.793	1_1	1_2	FALSE
S10.metabat2.6	S15.bam	S17.bam	0.9990056	0.9989956		0.685	1_1	1_2	FALSE
S10.metabat2.6	S15.bam	S18.bam	0.9994519	0.9994419		0.751	1_1	1_2	FALSE
S10.metabat2.6	S15.bam	S20.bam	0.9999992	0.9999892		0.586	1_1	1_2	TRUE
S10.metabat2.6	S15.bam	S21.bam	0.9994612	0.9994512		0.554	1_1	1_2	FALSE
S10.metabat2.6	S15.bam	S24.bam	0.9991539	0.9991439		0.768	1_1	1_2	FALSE
S10.metabat2.6	S16.bam	S17.bam	0.9999998	0.9999898		0.908	1_1	1_2	TRUE
S10.metabat2.6	S16.bam	S19.bam	0.9992622	0.9992522		0.597	1_1	1_2	FALSE
S10.metabat2.6	S16.bam	S20.bam	0.9991279	0.9991179		0.867	1_1	1_2	FALSE
S10.metabat2.6	S16.bam	S21.bam	0.9998489	0.9998389		0.956	1_1	1_2	FALSE
S10.metabat2.6	S16.bam	S23.bam	0.9994319	0.9994219		0.899	1_1	1_2	FALSE
S10.metabat2.6	S17.bam	S18.bam	0.9999936	0.9999836		0.757	1_1	1_2	TRUE
S10.metabat2.6	S17.bam	S20.bam	0.9986852	0.9986752		0.733	1_1	1_2	FALSE
S10.metabat2.6	S17.bam	S21.bam	0.9992382	0.9992282		0.767	1_1	1_2	FALSE
S10.metabat2.6	S17.bam	S23.bam	0.9997442	0.9997342		0.679	1_1	1_2	FALSE
S10.metabat2.6	S17.bam	S24.bam	0.9987341	0.9987241		0.687	1_1	1_2	FALSE
S10.metabat2.6	S18.bam	S19.bam	0.9997565	0.9997465		0.812	1_1	1_2	FALSE
S10.metabat2.6	S18.bam	S21.bam	0.9999604	0.9999504		0.654	1_1	1_2	FALSE
S10.metabat2.6	S18.bam	S22.bam	0.9994196	0.9994096		0.698	1_1	1_2	FALSE
S10.metabat2.6	S18.bam	S23.bam	0.99891	0.9989		0.652	1_1	1_2	FALSE
S10.metabat2.6	S19.bam	S21.bam	0.9999996	0.9999896		0.655	1_1	1_2	TRUE
S10.metabat2.6	S19.bam	S23.bam	0.9994488	0.9994388		0.766	1_1	1_2	FALSE
S10.metabat2.6	S19.bam	S24.bam	0.9995646	0.9995546		0.667	1_1	1_2	FALSE
S10.metabat2.6	S20.bam	S21.bam	0.9999953	0.9999853		0.674	1_1	1_2	TRUE
S10.metabat2.6	S20.bam	S22.bam	0.9987742	0.9987642		0.724	1_1	1_2	FALSE
S10.metabat2.6	S20.bam	S23.bam	0.9985759	0.9985659		0.622	1_1	1_2	FALSE
S10.metabat2.6	S21.bam	S22.bam	0.9992712	0.9992612		0.529	1_1	1_2	FALSE
S10.metabat2.6	S21.bam	S23.bam	0.9996671	0.9996571		0.647	1_1	1_2	FALSE
S10.metabat2.6	S21.bam	S24.bam	0.9995869	0.9995769		0.604	1_1	1_2	FALSE
S10.metabat2.6	S22.bam	S23.bam	0.9999942	0.9999842		0.656	1_1	1_2	TRUE
S10.metabat2.6	S23.bam	S24.bam	0.999177	0.999167		0.9	1_1	1_2	FALSE
S22.metabat2.1	S01.bam	F01.bam	0.9998764	0.9998664		0.98	1_1	1_2	FALSE
S22.metabat2.1	S01.bam	F03.bam	0.9994322	0.9994222		0.513	1_1	1_2	FALSE
S22.metabat2.1	S01.bam	F05.bam	0.9993802	0.9993702		0.881	1_1	1_2	FALSE
S22.metabat2.1	S01.bam	F07.bam	0.9996695	0.9996595		0.916	1_1	1_2	FALSE
S22.metabat2.1	S01.bam	F08.bam	0.9990547	0.9990447		0.931	1_1	1_2	FALSE
S22.metabat2.1	S01.bam	F10.bam	0.9996072	0.9995972		0.529	1_1	1_2	FALSE
S22.metabat2.1	S02.bam	F02.bam	0.9991226	0.9991126		0.508	1_1	1_2	FALSE
S22.metabat2.1	S02.bam	F04.bam	0.9996114	0.9996014		0.757	1_1	1_2	FALSE
S22.metabat2.1	S02.bam	F05.bam	0.9993689	0.9993589		0.531	1_1	1_2	FALSE
S22.metabat2.1	S02.bam	F06.bam	0.9990325	0.9990225		0.711	1_1	1_2	FALSE
S22.metabat2.1	S02.bam	F07.bam	0.9995796	0.9995696		0.789	1_1	1_2	FALSE
S22.metabat2.1	S02.bam	F10.bam	0.9997938	0.9997838		0.909	1_1	1_2	FALSE
S22.metabat2.1	S02.bam	F11.bam	0.9992805	0.9992705		0.705	1_1	1_2	FALSE
S22.metabat2.1	S02.bam	F12.bam	0.9997406	0.9997306		0.928	1_1	1_2	FALSE
S22.metabat2.1	S02.bam	F13.bam	0.9996494	0.9996394		0.757	1_1	1_2	FALSE
S22.metabat2.1	S02.bam	F14.bam	0.9993866	0.9993766		0.846	1_1	1_2	FALSE
S22.metabat2.1	S03.bam	F02.bam	0.9985691	0.9985591		0.765	1_1	1_2	FALSE
S22.metabat2.1	S03.bam	F06.bam	0.9988315	0.9988215		0.74	1_1	1_2	FALSE
S22.metabat2.1	S03.bam	F07.bam	0.9987629	0.9987529		0.613	1_1	1_2	FALSE
S22.metabat2.1	S03.bam	F08.bam	0.9999916	0.9999816		0.743	1_1	1_2	TRUE
S22.metabat2.1	S03.bam	F10.bam	0.9997115	0.9997015		0.773	1_1	1_2	FALSE
S22.metabat2.1	S03.bam	F11.bam	0.9997686	0.9997586		0.653	1_1	1_2	FALSE
S22.metabat2.1	S04.bam	F01.bam	0.9997285	0.9997185		0.972	1_1	1_2	FALSE
S22.metabat2.1	S04.bam	F08.bam	0.9994946	0.9994846		0.787	1_1	1_2	FALSE
S22.metabat2.1	S04.bam	F09.bam	0.9985013	0.9984913		0.716	1_1	1_2	FALSE
S22.metabat2.1	S04.bam	F10.bam	0.9985195	0.9985095		0.964	1_1	1_2	FALSE
S22.metabat2.1	S04.bam	F11.bam	0.9988142	0.9988042		0.73	1_1	1_2	FALSE
S22.metabat2.1	S04.bam	F13.bam	0.998942	0.998932		0.572	1_1	1_2	FALSE
S22.metabat2.1	S04.bam	F15.bam	0.9989363	0.9989263		0.542	1_1	1_2	FALSE
S22.metabat2.1	S04.bam	F16.bam	0.9991101	0.9991001		0.74	1_1	1_2	FALSE
S22.metabat2.1	S05.bam	F05.bam	0.9986956	0.9986856		0.783	1_1	1_2	FALSE
S22.metabat2.1	S05.bam	F08.bam	0.9987724	0.9987624		0.737	1_1	1_2	FALSE
S22.metabat2.1	S05.bam	F09.bam	0.9998859	0.9998759		0.818	1_1	1_2	FALSE
S22.metabat2.1	S05.bam	F10.bam	0.9987692	0.9987592		0.51	1_1	1_2	FALSE
S22.metabat2.1	S05.bam	F12.bam	0.9990114	0.9990014		0.709	1_1	1_2	FALSE
S22.metabat2.1	S05.bam	F15.bam	0.9991558	0.9991458		0.504	1_1	1_2	FALSE
S22.metabat2.1	S06.bam	F03.bam	0.9994979	0.9994879		0.876	1_1	1_2	FALSE
S22.metabat2.1	S06.bam	F05.bam	0.9991529	0.9991429		0.907	1_1	1_2	FALSE
S22.metabat2.1	S06.bam	F06.bam	0.9989399	0.9989299		0.774	1_1	1_2	FALSE
S22.metabat2.1	S06.bam	F08.bam	0.9991165	0.9991065		0.781	1_1	1_2	FALSE
S22.metabat2.1	S06.bam	F09.bam	0.9992801	0.9992701		0.571	1_1	1_2	FALSE
S22.metabat2.1	S06.bam	F11.bam	0.9989277	0.9989177		0.96	1_1	1_2	FALSE
S22.metabat2.1	S06.bam	F15.bam	0.9999411	0.9999311		0.857	1_1	1_2	FALSE
S22.metabat2.1	S07.bam	F04.bam	0.9999977	0.9999877		0.794	1_1	1_2	TRUE
S22.metabat2.1	S07.bam	F05.bam	0.9988517	0.9988417		0.575	1_1	1_2	FALSE
S22.metabat2.1	S07.bam	F09.bam	0.998527	0.998517		0.916	1_1	1_2	FALSE
S22.metabat2.1	S07.bam	F10.bam	0.9997777	0.9997677		0.911	1_1	1_2	FALSE
S22.metabat2.1	S07.bam	F14.bam	0.9995805	0.9995705		0.763	1_1	1_2	FALSE
S22.metabat2.1	S07.bam	F15.bam	0.9987575	0.9987475		0.932	1_1	1_2	FALSE
S22.metabat2.1	S08.bam	F02.bam	0.9988119	0.9988019		0.64	1_1	1_2	FALSE
S22.metabat2.1	S08.bam	F03.bam	0.9993601	0.9993501		0.512	1_1	1_2	FALSE
S22.metabat2.1	S08.bam	F04.bam	0.998714	0.998704		0.796	1_1	1_2	FALSE
S22.metabat2.1	S08.bam	F05.bam	0.9987026	0.9986926		0.82	1_1	1_2	FALSE
S22.metabat2.1	S08.bam	F07.bam	0.9999651	0.9999551		0.697	1_1	1_2	FALSE
S22.metabat2.1	S08.bam	F08.bam	0.9997351	0.9997251		0.991	1_1	1_2	FALSE
S22.metabat2.1	S08.bam	F10.bam	0.9992013	0.9991913		0.663	1_1	1_2	FALSE
S22.metabat2.1	S08.bam	F12.bam	0.9991832	0.9991732		0.752	1_1	1_2	FALSE
S22.metabat2.1	S08.bam	F13.bam	0.9998329	0.9998229		0.516	1_1	1_2	FALSE
S22.metabat2.1	S08.bam	F16.bam	0.9991848	0.9991748		0.638	1_1	1_2	FALSE
S22.metabat2.1	S09.bam	F01.bam	0.9999532	0.9999432		0.796	1_1	1_2	FALSE
S22.metabat2.1	S09.bam	F08.bam	0.9999988	0.9999888		0.888	1_1	1_2	TRUE
S22.metabat2.1	S09.bam	F10.bam	0.9997922	0.9997822		0.814	1_1	1_2	FALSE
S22.metabat2.1	S09.bam	F15.bam	0.999341	0.999331		0.591	1_1	1_2	FALSE
S22.metabat2.1	S09.bam	F16.bam	0.9991192	0.9991092		0.652	1_1	1_2	FALSE
S22.metabat2.1	S10.bam	F02.bam	0.9995398	0.9995298		0.781	1_1	1_2	FALSE
S22.metabat2.1	S10.bam	F04.bam	0.9987033	0.9986933		0.587	1_1	1_2	FALSE
S22.metabat2.1	S10.bam	F06.bam	0.9992098	0.9991998		0.918	1_1	1_2	FALSE
S22.metabat2.1	S10.bam	F08.bam	0.9998087	0.9997987		0.976	1_1	1_2	FALSE
S22.metabat2.1	S10.bam	F09.bam	0.9987762	0.9987662		0.683	1_1	1_2	FALSE
S22.metabat2.1	S10.bam	F10.bam	0.9987473	0.9987373		0.602	1_1	1_2	FALSE
S22.metabat2.1	S10.bam	F11.bam	0.9990042	0.9989942		0.566	1_1	1_2	FALSE
S22.metabat2.1	S10.bam	F13.bam	0.9989233	0.9989133		0.678	1_1	1_2	FALSE
S22.metabat2.1	S11.bam	F02.bam	0.9999937	0.9999837		0.654	1_1	1_2	TRUE
S22.metabat2.1	S11.bam	F03.bam	0.999996	0.999986		0.75	1_1	1_2	TRUE
S22.metabat2.1	S11.bam	F05.bam	0.9999964	0.9999864		0.771	1_1	1_2	TRUE
S22.metabat2.1	S11.bam	F06.bam	0.9999974	0.9999874		0.848	1_1	1_2	TRUE
S22.metabat2.1	S11.bam	F08.bam	0.9992791	0.9992691		0.881	1_1	1_2	FALSE
S22.metabat2.1	S11.bam	F10.bam	0.9986999	0.9986899		0.947	1_1	1_2	FALSE
S22.metabat2.1	S11.bam	F11.bam	0.9989941	0.9989841		0.978	1_1	1_2	FALSE
S22.metabat2.1	S11.bam	F12.bam	0.9988046	0.9987946		0.73	1_1	1_2	FALSE
S22.metabat2.1	S11.bam	F13.bam	0.9989556	0.9989456		0.994	1_1	1_2	FALSE
S22.metabat2.1	S11.bam	F15.bam	0.9988699	0.9988599		0.67	1_1	1_2	FALSE
S22.metabat2.1	S12.bam	F01.bam	0.9990759	0.9990659		0.932	1_1	1_2	FALSE
S22.metabat2.1	S12.bam	F04.bam	0.9994263	0.9994163		0.706	1_1	1_2	FALSE
S22.metabat2.1	S12.bam	F05.bam	0.9990213	0.9990113		0.974	1_1	1_2	FALSE
S22.metabat2.1	S12.bam	F09.bam	0.9994384	0.9994284		0.939	1_1	1_2	FALSE
S22.metabat2.1	S12.bam	F10.bam	0.9987787	0.9987687		0.566	1_1	1_2	FALSE
S22.metabat2.1	S12.bam	F11.bam	0.9999668	0.9999568		0.676	1_1	1_2	FALSE
S22.metabat2.1	S12.bam	F12.bam	0.9995374	0.9995274		0.726	1_1	1_2	FALSE
S22.metabat2.1	S12.bam	F13.bam	0.9988389	0.9988289		0.631	1_1	1_2	FALSE
S22.metabat2.1	S12.bam	F16.bam	0.9985898	0.9985798		0.642	1_1	1_2	FALSE
S22.metabat2.1	S13.bam	F06.bam	0.9999957	0.9999857		0.64	1_1	1_2	TRUE
S22.metabat2.1	S13.bam	F07.bam	0.9999944	0.9999844		0.838	1_1	1_2	TRUE
S22.metabat2.1	S13.bam	F09.bam	0.9997271	0.9997171		0.584	1_1	1_2	FALSE
S22.metabat2.1	S13.bam	F10.bam	0.9996789	0.9996689		0.798	1_1	1_2	FALSE
S22.metabat2.1	S13.bam	F14.bam	0.9992078	0.9991978		0.844	1_1	1_2	FALSE
S22.metabat2.1	S13.bam	F15.bam	0.9991418	0.9991318		0.72	1_1	1_2	FALSE
S22.metabat2.1	S14.bam	F01.bam	0.9995049	0.9994949		0.768	1_1	1_2	FALSE
S22.metabat2.1	S14.bam	F02.bam	0.9991203	0.9991103		0.616	1_1	1_2	FALSE
S22.metabat2.1	S14.bam	F03.bam	0.9990834	0.9990734		0.777	1_1	1_2	FALSE
S22.metabat2.1	S14.bam	F06.bam	0.9998998	0.9998898		0.977	1_1	1_2	FALSE
S22.metabat2.1	S14.bam	F07.bam	0.998699	0.998689		0.588	1_1	1_2	FALSE
S22.metabat2.1	S14.bam	F08.bam	0.9997212	0.9997112		0.818	1_1	1_2	FALSE
S22.metabat2.1	S14.bam	F09.bam	0.9985341	0.9985241		0.914	1_1	1_2	FALSE
S22.metabat2.1	S14.bam	F10.bam	0.9999108	0.9999008		0.526	1_1	1_2	FALSE
S22.metabat2.1	S14.bam	F11.bam	0.999473	0.999463		0.985	1_1	1_2	FALSE
S22.metabat2.1	S14.bam	F12.bam	0.9990842	0.9990742		0.58	1_1	1_2	FALSE
S22.metabat2.1	S14.bam	F13.bam	0.9989219	0.9989119		0.729	1_1	1_2	FALSE
S22.metabat2.1	S14.bam	F14.bam	0.9996765	0.9996665		0.775	1_1	1_2	FALSE
S22.metabat2.1	S14.bam	F16.bam	0.9992463	0.9992363		0.527	1_1	1_2	FALSE
S22.metabat2.1	S15.bam	F03.bam	0.9991013	0.9990913		0.793	1_1	1_2	FALSE
S22.metabat2.1	S15.bam	F06.bam	0.9990501	0.9990401		0.899	1_1	1_2	FALSE
S22.metabat2.1	S15.bam	F07.bam	0.9993526	0.9993426		0.971	1_1	1_2	FALSE
S22.metabat2.1	S15.bam	F08.bam	0.9986065	0.9985965		0.601	1_1	1_2	FALSE
S22.metabat2.1	S15.bam	F09.bam	0.9985279	0.9985179		0.839	1_1	1_2	FALSE
S22.metabat2.1	S15.bam	F11.bam	0.999388	0.999378		0.939	1_1	1_2	FALSE
S22.metabat2.1	S15.bam	F14.bam	0.9989651	0.9989551		0.878	1_1	1_2	FALSE
S22.metabat2.1	S15.bam	F15.bam	0.999992	0.999982		0.808	1_1	1_2	TRUE
S22.metabat2.1	S15.bam	F16.bam	0.9986703	0.9986603		0.793	1_1	1_2	FALSE
S22.metabat2.1	S16.bam	F01.bam	0.9991285	0.9991185		0.734	1_1	1_2	FALSE
S22.metabat2.1	S16.bam	F03.bam	0.9997169	0.9997069		0.627	1_1	1_2	FALSE
S22.metabat2.1	S16.bam	F08.bam	0.998685	0.998675		0.92	1_1	1_2	FALSE
S22.metabat2.1	S16.bam	F09.bam	0.9995746	0.9995646		0.739	1_1	1_2	FALSE
S22.metabat2.1	S16.bam	F11.bam	0.999252	0.999242		0.865	1_1	1_2	FALSE
S22.metabat2.1	S16.bam	F15.bam	0.9985543	0.9985443		0.562	1_1	1_2	FALSE
S22.metabat2.1	S16.bam	F16.bam	0.9991213	0.9991113		0.882	1_1	1_2	FALSE
S22.metabat2.1	S17.bam	F02.bam	0.9987269	0.9987169		0.914	1_1	1_2	FALSE
S22.metabat2.1	S17.bam	F03.bam	0.998645	0.998635		0.594	1_1	1_2	FALSE
S22.metabat2.1	S17.bam	F04.bam	0.9999955	0.9999855		0.66	1_1	1_2	TRUE
S22.metabat2.1	S17.bam	F05.bam	0.9987426	0.9987326		0.975	1_1	1_2	FALSE
S22.metabat2.1	S17.bam	F06.bam	0.9998899	0.9998799		0.757	1_1	1_2	FALSE
S22.metabat2.1	S17.bam	F07.bam	0.999287	0.999277		0.839	1_1	1_2	FALSE
S22.metabat2.1	S17.bam	F10.bam	0.9996917	0.9996817		0.536	1_1	1_2	FALSE
S22.metabat2.1	S17.bam	F12.bam	0.9996053	0.9995953		0.617	1_1	1_2	FALSE
S22.metabat2.1	S17.bam	F14.bam	0.999362	0.999352		0.913	1_1	1_2	FALSE
S22.metabat2.1	S17.bam	F15.bam	0.9988739	0.9988639		0.998	1_1	1_2	FALSE
S22.metabat2.1	S17.bam	F16.bam	0.9992565	0.9992465		0.947	1_1	1_2	FALSE
S22.metabat2.1	S18.bam	F02.bam	0.9992595	0.9992495		0.657	1_1	1_2	FALSE
S22.metabat2.1	S18.bam	F04.bam	0.9992185	0.9992085		0.76	1_1	1_2	FALSE
S22.metabat2.1	S18.bam	F06.bam	0.9993079	0.9992979		0.799	1_1	1_2	FALSE
S22.metabat2.1	S18.bam	F13.bam	0.998514	0.998504		0.91	1_1	1_2	FALSE
S22.metabat2.1	S18.bam	F14.bam	0.999159	0.999149		0.648	1_1	1_2	FALSE
S22.metabat2.1	S19.bam	F03.bam	0.999394	0.999384		0.757	1_1	1_2	FALSE
S22.metabat2.1	S19.bam	F06.bam	0.9995979	0.9995879		0.797	1_1	1_2	FALSE
S22.metabat2.1	S19.bam	F08.bam	0.9995821	0.9995721		0.827	1_1	1_2	FALSE
S22.metabat2.1	S19.bam	F13.bam	0.9999258	0.9999158		0.598	1_1	1_2	FALSE
S22.metabat2.1	S19.bam	F14.bam	0.9995752	0.9995652		0.866	1_1	1_2	FALSE
S22.metabat2.1	S20.bam	F02.bam	0.999999	0.999989		0.504	1_1	1_2	TRUE
S22.metabat2.1	S20.bam	F07.bam	0.9990303	0.9990203		0.99	1_1	1_2	FALSE
S22.metabat2.1	S20.bam	F08.bam	0.9992713	0.9992613		0.636	1_1	1_2	FALSE
S22.metabat2.1	S20.bam	F09.bam	0.9988355	0.9988255		0.873	1_1	1_2	FALSE
S22.metabat2.1	S20.bam	F11.bam	0.9992408	0.9992308		0.667	1_1	1_2	FALSE
S22.metabat2.1	S20.bam	F12.bam	0.9986547	0.9986447		0.534	1_1	1_2	FALSE
S22.metabat2.1	S20.bam	F15.bam	0.9997157	0.9997057		0.965	1_1	1_2	FALSE
S22.metabat2.1	S20.bam	F16.bam	0.9989382	0.9989282		0.816	1_1	1_2	FALSE
S22.metabat2.1	S21.bam	F04.bam	0.9991606	0.9991506		0.55	1_1	1_2	FALSE
S22.metabat2.1	S21.bam	F13.bam	0.9998502	0.9998402		0.801	1_1	1_2	FALSE
S22.metabat2.1	S22.bam	F02.bam	0.9999942	0.9999842		0.781	1_1	1_2	TRUE
S22.metabat2.1	S22.bam	F03.bam	0.9996399	0.9996299		0.613	1_1	1_2	FALSE
S22.metabat2.1	S22.bam	F05.bam	0.9987969	0.9987869		0.897	1_1	1_2	FALSE
S22.metabat2.1	S22.bam	F06.bam	0.9992474	0.9992374		0.982	1_1	1_2	FALSE
S22.metabat2.1	S22.bam	F08.bam	0.9991702	0.9991602		0.685	1_1	1_2	FALSE
S22.metabat2.1	S22.bam	F09.bam	0.9994779	0.9994679		0.942	1_1	1_2	FALSE
S22.metabat2.1	S22.bam	F12.bam	0.9991529	0.9991429		0.774	1_1	1_2	FALSE
S22.metabat2.1	S22.bam	F14.bam	0.9986263	0.9986163		0.919	1_1	1_2	FALSE
S22.metabat2.1	S22.bam	F15.bam	0.9992071	0.9991971		0.771	1_1	1_2	FALSE
S22.metabat2.1	S22.bam	F16.bam	0.9991864	0.9991764		0.619	1_1	1_2	FALSE
S22.metabat2.1	S23.bam	F03.bam	0.9997976	0.9997876		0.854	1_1	1_2	FALSE
S22.metabat2.1	S23.bam	F04.bam	0.9996649	0.9996549		0.894	1_1	1_2	FALSE
S22.metabat2.1	S23.bam	F06.bam	0.9999995	0.9999895		0.802	1_1	1_2	TRUE
S22.metabat2.1	S23.bam	F10.bam	0.9986705	0.9986605		0.851	1_1	1_2	FALSE
S22.metabat2.1	S23.bam	F11.bam	0.9988315	0.9988215		0.6	1_1	1_2	FALSE
S22.metabat2.1	S23.bam	F12.bam	0.9987479	0.9987379		0.992	1_1	1_2	FALSE
S22.metabat2.1	S23.bam	F13.bam	0.999953	0.999943		0.599	1_1	1_2	FALSE
S22.metabat2.1	S23.bam	F16.bam	0.9998203	0.9998103		0.841	1_1	1_2	FALSE
S22.metabat2.1	S24.bam	F01.bam	0.9990791	0.9990691		0.83	1_1	1_2	FALSE
S22.metabat2.1	S24.bam	F02.bam	0.9999928	0.9999828		0.883	1_1	1_2	TRUE
S22.metabat2.1	S24.bam	F04.bam	0.999759	0.999749		0.601	1_1	1_2	FALSE
S22.metabat2.1	S24.bam	F05.bam	0.999997	0.999987		0.545	1_1	1_2	TRUE
S22.metabat2.1	S24.bam	F08.bam	0.998703	0.998693		0.961	1_1	1_2	FALSE
S22.metabat2.1	S24.bam	F11.bam	0.9990896	0.9990796		0.857	1_1	1_2	FALSE
S22.metabat2.1	S24.bam	F12.bam	0.9997225	0.9997125		0.974	1_1	1_2	FALSE
S22.metabat2.1	S24.bam	F15.bam	0.9988821	0.9988721		0.876	1_1	1_2	FALSE
S22.metabat2.1	F01.bam	F04.bam	0.999994	0.999984		0.711	1_1	1_2	TRUE
S22.metabat2.1	F01.bam	F05.bam	0.9999976	0.9999876		0.929	1_1	1_2	TRUE
S22.metabat2.1	F01.bam	F06.bam	0.9999948	0.9999848		0.642	1_1	1_2	TRUE
S22.metabat2.1	F01.bam	F07.bam	0.9988958	0.9988858		0.835	1_1	1_2	FALSE
S22.metabat2.1	F01.bam	F08.bam	0.9999731	0.9999631		0.974	1_1	1_2	FALSE
S22.metabat2.1	F01.bam	F09.bam	0.9992353	0.9992253		0.564	1_1	1_2	FALSE
S22.metabat2.1	F01.bam	F12.bam	0.9988199	0.9988099		0.965	1_1	1_2	FALSE
S22.metabat2.1	F01.bam	F13.bam	0.9992984	0.9992884		0.792	1_1	1_2	FALSE
S22.metabat2.1	F01.bam	F14.bam	0.9988311	0.9988211		0.707	1_1	1_2	FALSE
S22.metabat2.1	F01.bam	F16.bam	0.9986616	0.9986516		0.745	1_1	1_2	FALSE
S22.metabat2.1	F02.bam	F03.bam	0.9999967	0.9999867		0.928	1_1	1_2	TRUE
S22.metabat2.1	F02.bam	F04.bam	0.9999926	0.9999826		0.573	1_1	1_2	TRUE
S22.metabat2.1	F02.bam	F07.bam	0.99965	0.99964		0.621	1_1	1_2	FALSE
S22.metabat2.1	F02.bam	F08.bam	0.9997118	0.9997018		0.57	1_1	1_2	FALSE
S22.metabat2.1	F02.bam	F09.bam	0.9998829	0.9998729		0.799	1_1	1_2	FALSE
S22.metabat2.1	F02.bam	F10.bam	0.9992651	0.9992551		0.754	1_1	1_2	FALSE
S22.metabat2.1	F02.bam	F12.bam	0.9994548	0.9994448		0.723	1_1	1_2	FALSE
S22.metabat2.1	F02.bam	F13.bam	0.9986887	0.9986787		0.614	1_1	1_2	FALSE
S22.metabat2.1	F02.bam	F15.bam	0.999974	0.999964		0.656	1_1	1_2	FALSE
S22.metabat2.1	F02.bam	F16.bam	0.9987967	0.9987867		0.846	1_1	1_2	FALSE
S22.metabat2.1	F03.bam	F05.bam	0.9999971	0.9999871		0.916	1_1	1_2	TRUE
S22.metabat2.1	F03.bam	F06.bam	0.9993359	0.9993259		0.571	1_1	1_2	FALSE
S22.metabat2.1	F03.bam	F07.bam	0.9994056	0.9993956		0.692	1_1	1_2	FALSE
S22.metabat2.1	F03.bam	F10.bam	0.9995363	0.9995263		0.846	1_1	1_2	FALSE
S22.metabat2.1	F03.bam	F11.bam	0.9994478	0.9994378		0.543	1_1	1_2	FALSE
S22.metabat2.1	F03.bam	F13.bam	0.9989948	0.9989848		0.689	1_1	1_2	FALSE
S22.metabat2.1	F03.bam	F15.bam	0.9996273	0.9996173		0.583	1_1	1_2	FALSE
S22.metabat2.1	F03.bam	F16.bam	0.9986021	0.9985921		0.913	1_1	1_2	FALSE
S22.metabat2.1	F04.bam	F07.bam	0.9999974	0.9999874		0.945	1_1	1_2	TRUE
S22.metabat2.1	F04.bam	F12.bam	0.9998581	0.9998481		0.576	1_1	1_2	FALSE
S22.metabat2.1	F04.bam	F14.bam	0.9998197	0.9998097		0.851	1_1	1_2	FALSE
S22.metabat2.1	F04.bam	F15.bam	0.9985011	0.9984911		0.578	1_1	1_2	FALSE
S22.metabat2.1	F05.bam	F06.bam	0.9999931	0.9999831		0.936	1_1	1_2	TRUE
S22.metabat2.1	F05.bam	F07.bam	0.999562	0.999552		0.93	1_1	1_2	FALSE
S22.metabat2.1	F05.bam	F09.bam	0.9998544	0.9998444		0.791	1_1	1_2	FALSE
S22.metabat2.1	F05.bam	F10.bam	0.9997608	0.9997508		0.544	1_1	1_2	FALSE
S22.metabat2.1	F05.bam	F12.bam	0.9994565	0.9994465		0.883	1_1	1_2	FALSE
S22.metabat2.1	F05.bam	F14.bam	0.9995204	0.9995104		0.528	1_1	1_2	FALSE
S22.metabat2.1	F05.bam	F16.bam	0.9987058	0.9986958		0.782	1_1	1_2	FALSE
S22.metabat2.1	F06.bam	F07.bam	0.9999966	0.9999866		0.588	1_1	1_2	TRUE
S22.metabat2.1	F06.bam	F08.bam	0.9999954	0.9999854		0.53	1_1	1_2	TRUE
S22.metabat2.1	F06.bam	F13.bam	0.9995391	0.9995291		0.786	1_1	1_2	FALSE
S22.metabat2.1	F06.bam	F16.bam	0.9985966	0.9985866		0.809	1_1	1_2	FALSE
S22.metabat2.1	F07.bam	F10.bam	0.9987154	0.9987054		0.856	1_1	1_2	FALSE
S22.metabat2.1	F07.bam	F11.bam	0.9998971	0.9998871		0.986	1_1	1_2	FALSE
S22.metabat2.1	F07.bam	F14.bam	0.9993299	0.9993199		0.766	1_1	1_2	FALSE
S22.metabat2.1	F07.bam	F15.bam	0.9992831	0.9992731		0.913	1_1	1_2	FALSE
S22.metabat2.1	F08.bam	F09.bam	0.9986082	0.9985982		0.866	1_1	1_2	FALSE
S22.metabat2.1	F08.bam	F10.bam	0.9994102	0.9994002		0.833	1_1	1_2	FALSE
S22.metabat2.1	F08.bam	F11.bam	0.9988516	0.9988416		0.701	1_1	1_2	FALSE
S22.metabat2.1	F08.bam	F12.bam	0.9998946	0.9998846		0.812	1_1	1_2	FALSE
S22.metabat2.1	F08.bam	F13.bam	0.9995281	0.9995181		0.666	1_1	1_2	FALSE
S22.metabat2.1	F08.bam	F14.bam	0.9993318	0.9993218		0.774	1_1	1_2	FALSE
S22.metabat2.1	F08.bam	F15.bam	0.9987804	0.9987704		0.797	1_1	1_2	FALSE
S22.metabat2.1	F08.bam	F16.bam	0.9993793	0.9993693		0.606	1_1	1_2	FALSE
S22.metabat2.1	F09.bam	F11.bam	0.9991428	0.9991328		0.564	1_1	1_2	FALSE
S22.metabat2.1	F09.bam	F14.bam	0.9995448	0.9995348		0.859	1_1	1_2	FALSE
S22.metabat2.1	F10.bam	F11.bam	0.9985512	0.9985412		0.918	1_1	1_2	FALSE
S22.metabat2.1	F10.bam	F12.bam	0.9999987	0.9999887		0.923	1_1	1_2	TRUE
S22.metabat2.1	F10.bam	F13.bam	0.9985151	0.9985051		0.556	1_1	1_2	FALSE
S22.metabat2.1	F10.bam	F15.bam	0.9992953	0.9992853		0.791	1_1	1_2	FALSE
S22.metabat2.1	F10.bam	F16.bam	0.9985682	0.9985582		0.641	1_1	1_2	FALSE
S22.metabat2.1	F11.bam	F13.bam	0.9999365	0.9999265		0.547	1_1	1_2	FALSE
S22.metabat2.1	F11.bam	F14.bam	0.9997705	0.9997605		0.771	1_1	1_2	FALSE
S22.metabat2.1	F11.bam	F15.bam	0.9999653	0.9999553		0.768	1_1	1_2	FALSE
S22.metabat2.1	F13.bam	F15.bam	0.9992518	0.9992418		0.906	1_1	1_2	FALSE
S22.metabat2.1	F14.bam	F15.bam	0.9991063	0.9990963		0.682	1_1	1_2	FALSE
S22.metabat2.1	F14.bam	F16.bam	0.9991243	0.9991143		0.709	1_1	1_2	FALSE
S21.metabat2.2	S01.bam	F02.bam	0.998725	0.998715		0.609	1_1	1_2	FALSE
S21.metabat2.2	S01.bam	F03.bam	0.9990577	0.9990477		0.734	1_1	1_2	FALSE
S21.metabat2.2	S01.bam	F04.bam	0.9986869	0.9986769		0.959	1_1	1_2	FALSE
S21.metabat2.2	S01.bam	F07.bam	0.9993439	0.9993339		0.629	1_1	1_2	FALSE
S21.metabat2.2	S01.bam	F08.bam	0.9993692	0.9993592		0.87	1_1	1_2	FALSE
S21.metabat2.2	S01.bam	F11.bam	0.9994177	0.9994077		0.717	1_1	1_2	FALSE
S21.metabat2.2	S01.bam	F12.bam	0.9986219	0.9986119		0.512	1_1	1_2	FALSE
S21.metabat2.2	S01.bam	F13.bam	0.9986766	0.9986666		0.687	1_1	1_2	FALSE
S21.metabat2.2	S01.bam	F16.bam	0.9989408	0.9989308		0.825	1_1	1_2	FALSE
S21.metabat2.2	S02.bam	F07.bam	0.9993671	0.9993571		0.798	1_1	1_2	FALSE
S21.metabat2.2	S02.bam	F09.bam	0.999576	0.999566		0.677	1_1	1_2	FALSE
S21.metabat2.2	S02.bam	F10.bam	0.9999232	0.9999132		0.995	1_1	1_2	FALSE
S21.metabat2.2	S02.bam	F12.bam	0.9988661	0.9988561		0.639	1_1	1_2	FALSE
S21.metabat2.2	S02.bam	F15.bam	0.9991094	0.9990994		0.751	1_1	1_2	FALSE
S21.metabat2.2	S02.bam	F16.bam	0.9997612	0.9997512		0.668	1_1	1_2	FALSE
S21.metabat2.2	S03.bam	F07.bam	0.999287	0.999277		0.52	1_1	1_2	FALSE
S21.metabat2.2	S03.bam	F08.bam	0.999704	0.999694		0.55	1_1	1_2	FALSE
S21.metabat2.2	S03.bam	F09.bam	0.9985787	0.9985687		0.899	1_1	1_2	FALSE
S21.metabat2.2	S03.bam	F10.bam	0.9988095	0.9987995		0.965	1_1	1_2	FALSE
S21.metabat2.2	S03.bam	F12.bam	0.9991325	0.9991225		0.837	1_1	1_2	FALSE
S21.metabat2.2	S03.bam	F14.bam	0.998584	0.998574		0.926	1_1	1_2	FALSE
S21.metabat2.2	S03.bam	F15.bam	0.9996428	0.9996328		0.984	1_1	1_2	FALSE
S21.metabat2.2	S04.bam	F01.bam	0.9987356	0.9987256		0.532	1_1	1_2	FALSE
S21.metabat2.2	S04.bam	F02.bam	0.9987062	0.9986962		0.597	1_1	1_2	FALSE
S21.metabat2.2	S04.bam	F04.bam	0.9990482	0.9990382		0.521	1_1	1_2	FALSE
S21.metabat2.2	S04.bam	F05.bam	0.9996877	0.9996777		0.786	1_1	1_2	FALSE
S21.metabat2.2	S04.bam	F06.bam	0.9999635	0.9999535		0.679	1_1	1_2	FALSE
S21.metabat2.2	S04.bam	F07.bam	0.9990362	0.9990262		0.922	1_1	1_2	FALSE
S21.metabat2.2	S04.bam	F08.bam	0.99916	0.99915		0.719	1_1	1_2	FALSE
S21.metabat2.2	S04.bam	F10.bam	0.9985068	0.9984968		0.548	1_1	1_2	FALSE
S21.metabat2.2	S04.bam	F11.bam	0.9990942	0.9990842		0.802	1_1	1_2	FALSE
S21.metabat2.2	S05.bam	F02.bam	0.9998761	0.9998661		0.743	1_1	1_2	FALSE
S21.metabat2.2	S05.bam	F03.bam	0.9988741	0.9988641		0.507	1_1	1_2	FALSE
S21.metabat2.2	S05.bam	F06.bam	0.9987129	0.9987029		0.503	1_1	1_2	FALSE
S21.metabat2.2	S05.bam	F07.bam	0.9990389	0.9990289		0.935	1_1	1_2	FALSE
S21.metabat2.2	S05.bam	F08.bam	0.999383	0.999373		0.549	1_1	1_2	FALSE
S21.metabat2.2	S05.bam	F09.bam	0.9986822	0.9986722		0.512	1_1	1_2	FALSE
S21.metabat2.2	S05.bam	F11.bam	0.9990461	0.9990361		0.852	1_1	1_2	FALSE
S21.metabat2.2	S05.bam	F13.bam	0.998601	0.998591		0.607	1_1	1_2	FALSE
S21.metabat2.2	S06.bam	F01.bam	0.9997663	0.9997563		0.914	1_1	1_2	FALSE
S21.metabat2.2	S06.bam	F02.bam	0.9994884	0.9994784		0.625	1_1	1_2	FALSE
S21.metabat2.2	S06.bam	F04.bam	0.9987894	0.9987794		0.859	1_1	1_2	FALSE
S21.metabat2.2	S06.bam	F05.bam	0.9999108	0.9999008		0.592	1_1	1_2	FALSE
S21.metabat2.2	S06.bam	F07.bam	0.9986013	0.9985913		0.591	1_1	1_2	FALSE
S21.metabat2.2	S06.bam	F10.bam	0.9997116	0.9997016		0.759	1_1	1_2	FALSE
S21.metabat2.2	S06.bam	F16.bam	0.9998749	0.9998649		0.638	1_1	1_2	FALSE
S21.metabat2.2	S07.bam	F04.bam	0.9994427	0.9994327		0.586	1_1	1_2	FALSE
S21.metabat2.2	S07.bam	F06.bam	0.9988372	0.9988272		0.952	1_1	1_2	FALSE
S21.metabat2.2	S07.bam	F08.bam	0.9990025	0.9989925		0.931	1_1	1_2	FALSE
S21.metabat2.2	S07.bam	F09.bam	0.9992617	0.9992517		0.651	1_1	1_2	FALSE
S21.metabat2.2	S07.bam	F10.bam	0.9990406	0.9990306		0.985	1_1	1_2	FALSE
S21.metabat2.2	S07.bam	F11.bam	0.999687	0.999677		0.541	1_1	1_2	FALSE
S21.metabat2.2	S07.bam	F14.bam	0.9988982	0.9988882		0.675	1_1	1_2	FALSE
S21.metabat2.2	S08.bam	F02.bam	0.9995304	0.9995204		0.844	1_1	1_2	FALSE
S21.metabat2.2	S08.bam	F03.bam	0.9991732	0.9991632		0.93	1_1	1_2	FALSE
S21.metabat2.2	S08.bam	F04.bam	0.9993942	0.9993842		0.586	1_1	1_2	FALSE
S21.metabat2.2	S08.bam	F08.bam	0.9998251	0.9998151		0.582	1_1	1_2	FALSE
S21.metabat2.2	S08.bam	F10.bam	0.9993462	0.9993362		0.78	1_1	1_2	FALSE
S21.metabat2.2	S08.bam	F13.bam	0.9992574	0.9992474		0.818	1_1	1_2	FALSE
S21.metabat2.2	S08.bam	F14.bam	0.9985332	0.9985232		0.7	1_1	1_2	FALSE
S21.metabat2.2	S08.bam	F16.bam	0.9993561	0.9993461		0.761	1_1	1_2	FALSE
S21.metabat2.2	S09.bam	F04.bam	0.9999053	0.9998953		0.976	1_1	1_2	FALSE
S21.metabat2.2	S09.bam	F05.bam	0.9991249	0.9991149		0.89	1_1	1_2	FALSE
S21.metabat2.2	S09.bam	F15.bam	0.9999958	0.9999858		0.759	1_1	1_2	TRUE
S21.metabat2.2	S09.bam	F16.bam	0.9995335	0.9995235		0.779	1_1	1_2	FALSE
S21.metabat2.2	S10.bam	F01.bam	0.999646	0.999636		0.569	1_1	1_2	FALSE
S21.metabat2.2	S10.bam	F03.bam	0.9999566	0.9999466		0.908	1_1	1_2	FALSE
S21.metabat2.2	S10.bam	F04.bam	0.9987949	0.9987849		0.999	1_1	1_2	FALSE
S21.metabat2.2	S10.bam	F05.bam	0.9992637	0.9992537		0.69	1_1	1_2	FALSE
S21.metabat2.2	S10.bam	F07.bam	0.999276	0.999266		0.881	1_1	1_2	FALSE
S21.metabat2.2	S10.bam	F10.bam	0.9993444	0.9993344		0.563	1_1	1_2	FALSE
S21.metabat2.2	S10.bam	F13.bam	0.9994115	0.9994015		0.622	1_1	1_2	FALSE
S21.metabat2.2	S10.bam	F14.bam	0.9996955	0.9996855		0.642	1_1	1_2	FALSE
S21.metabat2.2	S11.bam	F01.bam	0.9987612	0.9987512		0.503	1_1	1_2	FALSE
S21.metabat2.2	S11.bam	F04.bam	0.9997643	0.9997543		0.97	1_1	1_2	FALSE
S21.metabat2.2	S11.bam	F08.bam	0.9990904	0.9990804		0.666	1_1	1_2	FALSE
S21.metabat2.2	S11.bam	F09.bam	0.9990044	0.9989944		0.793	1_1	1_2	FALSE
S21.metabat2.2	S11.bam	F12.bam	0.9986723	0.9986623		0.862	1_1	1_2	FALSE
S21.metabat2.2	S11.bam	F14.bam	0.9985804	0.9985704		0.911	1_1	1_2	FALSE
S21.metabat2.2	S12.bam	F01.bam	0.9987673	0.9987573		1	1_1	1_2	FALSE
S21.metabat2.2	S12.bam	F05.bam	0.9995855	0.9995755		0.756	1_1	1_2	FALSE
S21.metabat2.2	S12.bam	F07.bam	0.9989122	0.9989022		0.823	1_1	1_2	FALSE
S21.metabat2.2	S12.bam	F11.bam	0.9991176	0.9991076		0.915	1_1	1_2	FALSE
S21.metabat2.2	S12.bam	F12.bam	0.9990762	0.9990662		0.548	1_1	1_2	FALSE
S21.metabat2.2	S12.bam	F15.bam	0.9998704	0.9998604		0.627	1_1	1_2	FALSE
S21.metabat2.2	S12.bam	F16.bam	0.9986814	0.9986714		0.663	1_1	1_2	FALSE
S21.metabat2.2	S13.bam	F01.bam	0.998647	0.998637		0.766	1_1	1_2	FALSE
S21.metabat2.2	S13.bam	F06.bam	0.9987152	0.9987052		0.866	1_1	1_2	FALSE
S21.metabat2.2	S13.bam	F07.bam	0.9995835	0.9995735		0.714	1_1	1_2	FALSE
S21.metabat2.2	S13.bam	F08.bam	0.9991991	0.9991891		0.848	1_1	1_2	FALSE
S21.metabat2.2	S13.bam	F09.bam	0.9989021	0.9988921		0.945	1_1	1_2	FALSE
S21.metabat2.2	S13.bam	F10.bam	0.9988833	0.9988733		0.901	1_1	1_2	FALSE
S21.metabat2.2	S13.bam	F12.bam	0.9990985	0.9990885		0.515	1_1	1_2	FALSE
S21.metabat2.2	S13.bam	F14.bam	0.9987313	0.9987213		0.965	1_1	1_2	FALSE
S21.metabat2.2	S13.bam	F15.bam	0.9994776	0.9994676		0.641	1_1	1_2	FALSE
S21.metabat2.2	S13.bam	F16.bam	0.9995349	0.9995249		0.819	1_1	1_2	FALSE
S21.metabat2.2	S14.bam	F03.bam	0.9989004	0.9988904		0.769	1_1	1_2	FALSE
S21.metabat2.2	S14.bam	F05.bam	0.9990403	0.9990303		0.552	1_1	1_2	FALSE
S21.metabat2.2	S14.bam	F09.bam	0.9988327	0.9988227		0.927	1_1	1_2	FALSE
S21.metabat2.2	S14.bam	F11.bam	0.998649	0.998639		0.856	1_1	1_2	FALSE
S21.metabat2.2	S14.bam	F13.bam	0.9997312	0.9997212		0.731	1_1	1_2	FALSE
S21.metabat2.2	S14.bam	F14.bam	0.9993264	0.9993164		0.664	1_1	1_2	FALSE
S21.metabat2.2	S15.bam	F05.bam	0.9991661	0.9991561		0.911	1_1	1_2	FALSE
S21.metabat2.2	S15.bam	F07.bam	0.9988831	0.9988731		0.865	1_1	1_2	FALSE
S21.metabat2.2	S15.bam	F10.bam	0.9998922	0.9998822		0.648	1_1	1_2	FALSE
S21.metabat2.2	S15.bam	F11.bam	0.9994987	0.9994887		0.781	1_1	1_2	FALSE
S21.metabat2.2	S15.bam	F12.bam	0.9990945	0.9990845		0.653	1_1	1_2	FALSE
S21.metabat2.2	S15.bam	F13.bam	0.9989919	0.9989819		0.789	1_1	1_2	FALSE
S21.metabat2.2	S15.bam	F14.bam	0.9992332	0.9992232		0.883	1_1	1_2	FALSE
S21.metabat2.2	S15.bam	F15.bam	0.9995327	0.9995227		0.934	1_1	1_2	FALSE
S21.metabat2.2	S16.bam	F02.bam	0.9999068	0.9998968		0.643	1_1	1_2	FALSE
S21.metabat2.2	S16.bam	F04.bam	0.9996557	0.9996457		0.973	1_1	1_2	FALSE
S21.metabat2.2	S16.bam	F06.bam	0.9997121	0.9997021		0.501	1_1	1_2	FALSE
S21.metabat2.2	S16.bam	F10.bam	0.9993475	0.9993375		0.847	1_1	1_2	FALSE
S21.metabat2.2	S16.bam	F15.bam	0.9998805	0.9998705		0.522	1_1	1_2	FALSE
S21.metabat2.2	S17.bam	F01.bam	0.9987071	0.9986971		0.768	1_1	1_2	FALSE
S21.metabat2.2	S17.bam	F02.bam	0.998571	0.998561		0.602	1_1	1_2	FALSE
S21.metabat2.2	S17.bam	F05.bam	0.9988883	0.9988783		0.957	1_1	1_2	FALSE
S21.metabat2.2	S17.bam	F06.bam	0.9993275	0.9993175		0.849	1_1	1_2	FALSE
S21.metabat2.2	S17.bam	F14.bam	0.9985705	0.9985605		0.5	1_1	1_2	FALSE
S21.metabat2.2	S17.bam	F15.bam	0.9996498	0.9996398		0.981	1_1	1_2	FALSE
S21.metabat2.2	S18.bam	F01.bam	0.9985561	0.9985461		0.955	1_1	1_2	FALSE
S21.metabat2.2	S18.bam	F02.bam	0.9994942	0.9994842		0.626	1_1	1_2	FALSE
S21.metabat2.2	S18.bam	F04.bam	0.9990732	0.9990632		0.63	1_1	1_2	FALSE
S21.metabat2.2	S18.bam	F05.bam	0.9995802	0.9995702		0.515	1_1	1_2	FALSE
S21.metabat2.2	S18.bam	F06.bam	0.998571	0.998561		0.72	1_1	1_2	FALSE
S21.metabat2.2	S18.bam	F08.bam	0.9997162	0.9997062		0.991	1_1	1_2	FALSE
S21.metabat2.2	S18.bam	F09.bam	0.9996049	0.9995949		0.738	1_1	1_2	FALSE
S21.metabat2.2	S18.bam	F10.bam	0.9997643	0.9997543		0.74	1_1	1_2	FALSE
S21.metabat2.2	S18.bam	F14.bam	0.9986396	0.9986296		0.853	1_1	1_2	FALSE
S21.metabat2.2	S18.bam	F15.bam	0.9987302	0.9987202		0.953	1_1	1_2	FALSE
S21.metabat2.2	S18.bam	F16.bam	0.9992513	0.9992413		0.815	1_1	1_2	FALSE
S21.metabat2.2	S19.bam	F01.bam	0.9996654	0.9996554		0.815	1_1	1_2	FALSE
S21.metabat2.2	S19.bam	F03.bam	0.9990745	0.9990645		0.633	1_1	1_2	FALSE
S21.metabat2.2	S19.bam	F04.bam	0.9989528	0.9989428		0.622	1_1	1_2	FALSE
S21.metabat2.2	S19.bam	F09.bam	0.9992619	0.9992519		0.603	1_1	1_2	FALSE
S21.metabat2.2	S19.bam	F11.bam	0.9997872	0.9997772		0.642	1_1	1_2	FALSE
S21.metabat2.2	S19.bam	F12.bam	0.9992424	0.9992324		0.82	1_1	1_2	FALSE
S21.metabat2.2	S19.bam	F14.bam	0.9985619	0.9985519		0.888	1_1	1_2	FALSE
S21.metabat2.2	S19.bam	F16.bam	0.9987386	0.9987286		0.903	1_1	1_2	FALSE
S21.metabat2.2	S20.bam	F03.bam	0.9986258	0.9986158		0.964	1_1	1_2	FALSE
S21.metabat2.2	S20.bam	F04.bam	0.9999308	0.9999208		0.585	1_1	1_2	FALSE
S21.metabat2.2	S20.bam	F06.bam	0.9993783	0.9993683		0.89	1_1	1_2	FALSE
S21.metabat2.2	S20.bam	F07.bam	0.9992882	0.9992782		0.69	1_1	1_2	FALSE
S21.metabat2.2	S20.bam	F08.bam	0.9990694	0.9990594		0.563	1_1	1_2	FALSE
S21.metabat2.2	S20.bam	F14.bam	0.9990361	0.9990261		0.954	1_1	1_2	FALSE
S21.metabat2.2	S20.bam	F15.bam	0.9994597	0.9994497		0.863	1_1	1_2	FALSE
S21.metabat2.2	S21.bam	F01.bam	0.9999569	0.9999469		0.708	1_1	1_2	FALSE
S21.metabat2.2	S21.bam	F02.bam	0.9989904	0.9989804		0.678	1_1	1_2	FALSE
S21.metabat2.2	S21.bam	F03.bam	0.9994509	0.9994409		0.662	1_1	1_2	FALSE
S21.metabat2.2	S21.bam	F10.bam	0.9989982	0.9989882		0.754	1_1	1_2	FALSE
S21.metabat2.2	S21.bam	F11.bam	0.9997634	0.9997534		0.639	1_1	1_2	FALSE
S21.metabat2.2	S21.bam	F12.bam	0.9992446	0.9992346		0.925	1_1	1_2	FALSE
S21.metabat2.2	S21.bam	F15.bam	0.998718	0.998708		0.982	1_1	1_2	FALSE
S21.metabat2.2	S22.bam	F01.bam	0.9991722	0.9991622		0.734	1_1	1_2	FALSE
S21.metabat2.2	S22.bam	F02.bam	0.9998991	0.9998891		0.862	1_1	1_2	FALSE
S21.metabat2.2	S22.bam	F03.bam	0.9985541	0.9985441		0.778	1_1	1_2	FALSE
S21.metabat2.2	S22.bam	F04.bam	0.9986472	0.9986372		0.893	1_1	1_2	FALSE
S21.metabat2.2	S22.bam	F06.bam	0.9990245	0.9990145		0.998	1_1	1_2	FALSE
S21.metabat2.2	S22.bam	F07.bam	0.9993116	0.9993016		0.566	1_1	1_2	FALSE
S21.metabat2.2	S22.bam	F09.bam	0.9996004	0.9995904		0.54	1_1	1_2	FALSE
S21.metabat2.2	S22.bam	F10.bam	0.9999203	0.9999103		0.633	1_1	1_2	FALSE
S21.metabat2.2	S22.bam	F12.bam	0.9990971	0.9990871		0.785	1_1	1_2	FALSE
S21.metabat2.2	S22.bam	F13.bam	0.9992804	0.9992704		0.683	1_1	1_2	FALSE
S21.metabat2.2	S22.bam	F14.bam	0.9998266	0.9998166		0.932	1_1	1_2	FALSE
S21.metabat2.2	S22.bam	F16.bam	0.9988436	0.9988336		0.791	1_1	1_2	FALSE
S21.metabat2.2	S23.bam	F02.bam	0.9993087	0.9992987		0.719	1_1	1_2	FALSE
S21.metabat2.2	S23.bam	F03.bam	0.9995574	0.9995474		0.666	1_1	1_2	FALSE
S21.metabat2.2	S23.bam	F04.bam	0.9999353	0.9999253		0.667	1_1	1_2	FALSE
S21.metabat2.2	S23.bam	F07.bam	0.9991309	0.9991209		0.967	1_1	1_2	FALSE
S21.metabat2.2	S23.bam	F12.bam	0.9991624	0.9991524		0.622	1_1	1_2	FALSE
S21.metabat2.2	S23.bam	F13.bam	0.9997973	0.9997873		0.941	1_1	1_2	FALSE
S21.metabat2.2	S24.bam	F01.bam	0.9996089	0.9995989		0.582	1_1	1_2	FALSE
S21.metabat2.2	S24.bam	F02.bam	0.9986822	0.9986722		0.984	1_1	1_2	FALSE
S21.metabat2.2	S24.bam	F03.bam	0.9999064	0.9998964		0.534	1_1	1_2	FALSE
S21.metabat2.2	S24.bam	F05.bam	0.9991785	0.9991685		0.985	1_1	1_2	FALSE
S21.metabat2.2	S24.bam	F07.bam	0.9996853	0.9996753		0.706	1_1	1_2	FALSE
S21.metabat2.2	S24.bam	F11.bam	0.9986521	0.9986421		0.603	1_1	1_2	FALSE
S21.metabat2.2	S24.bam	F12.bam	0.9987175	0.9987075		0.708	1_1	1_2	FALSE
S21.metabat2.2	S24.bam	F13.bam	0.9989994	0.9989894		0.598	1_1	1_2	FALSE
S21.metabat2.2	S24.bam	F15.bam	0.9992319	0.9992219		0.531	1_1	1_2	FALSE
S21.metabat2.2	F01.bam	F02.bam	0.9991704	0.9991604		0.921	1_1	1_2	FALSE
S21.metabat2.2	F01.bam	F03.bam	0.999598	0.999588		0.793	1_1	1_2	FALSE
S21.metabat2.2	F01.bam	F04.bam	0.9999985	0.9999885		0.852	1_1	1_2	TRUE
S21.metabat2.2	F01.bam	F05.bam	0.9999935	0.9999835		0.625	1_1	1_2	TRUE
S21.metabat2.2	F01.bam	F07.bam	0.9993149	0.9993049		0.644	1_1	1_2	FALSE
S21.metabat2.2	F01.bam	F09.bam	0.9999471	0.9999371		0.597	1_1	1_2	FALSE
S21.metabat2.2	F01.bam	F10.bam	0.9995848	0.9995748		0.939	1_1	1_2	FALSE
S21.metabat2.2	F01.bam	F11.bam	0.9989894	0.9989794		0.628	1_1	1_2	FALSE
S21.metabat2.2	F01.bam	F15.bam	0.9989798	0.9989698		0.947	1_1	1_2	FALSE
S21.metabat2.2	F02.bam	F04.bam	0.999997	0.999987		0.714	1_1	1_2	TRUE
S21.metabat2.2	F02.bam	F06.bam	0.9986038	0.9985938		0.886	1_1	1_2	FALSE
S21.metabat2.2	F02.bam	F08.bam	0.9993142	0.9993042		0.525	1_1	1_2	FALSE
S21.metabat2.2	F02.bam	F09.bam	0.9999288	0.9999188		0.67	1_1	1_2	FALSE
S21.metabat2.2	F02.bam	F10.bam	0.999638	0.999628		0.719	1_1	1_2	FALSE
S21.metabat2.2	F02.bam	F11.bam	0.9992364	0.9992264		0.924	1_1	1_2	FALSE
S21.metabat2.2	F02.bam	F14.bam	0.9991428	0.9991328		0.674	1_1	1_2	FALSE
S21.metabat2.2	F02.bam	F15.bam	0.999075	0.999065		0.917	1_1	1_2	FALSE
S21.metabat2.2	F03.bam	F05.bam	0.9998304	0.9998204		0.787	1_1	1_2	FALSE
S21.metabat2.2	F03.bam	F06.bam	0.9999967	0.9999867		0.954	1_1	1_2	TRUE
S21.metabat2.2	F03.bam	F07.bam	0.9999971	0.9999871		0.844	1_1	1_2	TRUE
S21.metabat2.2	F03.bam	F08.bam	0.9999973	0.9999873		0.624	1_1	1_2	TRUE
S21.metabat2.2	F03.bam	F10.bam	0.9997021	0.9996921		0.59	1_1	1_2	FALSE
S21.metabat2.2	F03.bam	F11.bam	0.9987221	0.9987121		0.762	1_1	1_2	FALSE
S21.metabat2.2	F03.bam	F13.bam	0.9994447	0.9994347		0.718	1_1	1_2	FALSE
S21.metabat2.2	F03.bam	F15.bam	0.9991674	0.9991574		0.822	1_1	1_2	FALSE
S21.metabat2.2	F03.bam	F16.bam	0.9996642	0.9996542		0.738	1_1	1_2	FALSE
S21.metabat2.2	F04.bam	F05.bam	0.9999928	0.9999828		0.763	1_1	1_2	TRUE
S21.metabat2.2	F04.bam	F09.bam	0.9985011	0.9984911		0.819	1_1	1_2	FALSE
S21.metabat2.2	F04.bam	F11.bam	0.9985072	0.9984972		0.576	1_1	1_2	FALSE
S21.metabat2.2	F04.bam	F12.bam	0.9985636	0.9985536		0.642	1_1	1_2	FALSE
S21.metabat2.2	F04.bam	F14.bam	0.9986961	0.9986861		0.877	1_1	1_2	FALSE
S21.metabat2.2	F05.bam	F07.bam	0.9999975	0.9999875		0.523	1_1	1_2	TRUE
S21.metabat2.2	F05.bam	F08.bam	0.9999928	0.9999828		0.718	1_1	1_2	TRUE
S21.metabat2.2	F05.bam	F09.bam	0.9992845	0.9992745		0.794	1_1	1_2	FALSE
S21.metabat2.2	F05.bam	F12.bam	0.9997963	0.9997863		0.822	1_1	1_2	FALSE
S21.metabat2.2	F05.bam	F14.bam	0.9986102	0.9986002		0.69	1_1	1_2	FALSE
S21.metabat2.2	F05.bam	F15.bam	0.9997754	0.9997654		0.562	1_1	1_2	FALSE
S21.metabat2.2	F05.bam	F16.bam	0.9986213	0.9986113		0.886	1_1	1_2	FALSE
S21.metabat2.2	F06.bam	F07.bam	0.9999914	0.9999814		0.984	1_1	1_2	TRUE
S21.metabat2.2	F06.bam	F09.bam	0.9995312	0.9995212		0.739	1_1	1_2	FALSE
S21.metabat2.2	F06.bam	F11.bam	0.9991374	0.9991274		0.637	1_1	1_2	FALSE
S21.metabat2.2	F06.bam	F14.bam	0.9996199	0.9996099		0.501	1_1	1_2	FALSE
S21.metabat2.2	F06.bam	F15.bam	0.9994978	0.9994878		0.506	1_1	1_2	FALSE
S21.metabat2.2	F06.bam	F16.bam	0.9996109	0.9996009		0.982	1_1	1_2	FALSE
S21.metabat2.2	F07.bam	F09.bam	0.9998034	0.9997934		0.61	1_1	1_2	FALSE
S21.metabat2.2	F07.bam	F11.bam	0.9987838	0.9987738		0.917	1_1	1_2	FALSE
S21.metabat2.2	F07.bam	F14.bam	0.9989136	0.9989036		0.584	1_1	1_2	FALSE
S21.metabat2.2	F07.bam	F15.bam	0.9996606	0.9996506		0.94	1_1	1_2	FALSE
S21.metabat2.2	F08.bam	F11.bam	0.9991685	0.9991585		0.749	1_1	1_2	FALSE
S21.metabat2.2	F08.bam	F13.bam	0.998943	0.998933		0.626	1_1	1_2	FALSE
S21.metabat2.2	F08.bam	F15.bam	0.9995153	0.9995053		0.666	1_1	1_2	FALSE
S21.metabat2.2	F08.bam	F16.bam	0.9993431	0.9993331		0.567	1_1	1_2	FALSE
S21.metabat2.2	F09.bam	F12.bam	0.9999054	0.9998954		0.861	1_1	1_2	FALSE
S21.metabat2.2	F09.bam	F13.bam	0.9999941	0.9999841		0.643	1_1	1_2	TRUE
S21.metabat2.2	F09.bam	F14.bam	0.9999976	0.9999876		0.959	1_1	1_2	TRUE
S21.metabat2.2	F09.bam	F15.bam	0.9996772	0.9996672		0.587	1_1	1_2	FALSE
S21.metabat2.2	F09.bam	F16.bam	0.9999944	0.9999844		0.678	1_1	1_2	TRUE
S21.metabat2.2	F10.bam	F13.bam	0.9993595	0.9993495		0.973	1_1	1_2	FALSE
S21.metabat2.2	F10.bam	F14.bam	0.9999942	0.9999842		0.604	1_1	1_2	TRUE
S21.metabat2.2	F10.bam	F16.bam	0.9999934	0.9999834		0.632	1_1	1_2	TRUE
S21.metabat2.2	F11.bam	F15.bam	0.9991728	0.9991628		0.958	1_1	1_2	FALSE
S21.metabat2.2	F12.bam	F13.bam	0.9995701	0.9995601		0.868	1_1	1_2	FALSE
S21.metabat2.2	F13.bam	F14.bam	0.9990452	0.9990352		0.508	1_1	1_2	FALSE
S21.metabat2.2	F13.bam	F15.bam	0.9999985	0.9999885		0.758	1_1	1_2	TRUE
S21.metabat2.2	F14.bam	F16.bam	0.9999932	0.9999832		0.557	1_1	1_2	TRUE
S01.metabat2.3	S01.bam	F02.bam	0.9995607	0.9995507		0.888	1_1	1_2	FALSE
S01.metabat2.3	S01.bam	F03.bam	0.9991839	0.9991739		0.862	1_1	1_2	FALSE
S01.metabat2.3	S01.bam	F05.bam	0.9990403	0.9990303		0.944	1_1	1_2	FALSE
S01.metabat2.3	S01.bam	F06.bam	0.9998258	0.9998158		0.93	1_1	1_2	FALSE
S01.metabat2.3	S01.bam	F08.bam	0.9990962	0.9990862		0.912	1_1	1_2	FALSE
S01.metabat2.3	S01.bam	F10.bam	0.9996213	0.9996113		0.532	1_1	1_2	FALSE
S01.metabat2.3	S01.bam	F11.bam	0.9995158	0.9995058		0.997	1_1	1_2	FALSE
S01.metabat2.3	S01.bam	F16.bam	0.9991003	0.9990903		0.515	1_1	1_2	FALSE
S01.metabat2.3	S02.bam	F03.bam	0.9986749	0.9986649		0.758	1_1	1_2	FALSE
S01.metabat2.3	S02.bam	F05.bam	0.9990849	0.9990749		0.624	1_1	1_2	FALSE
S01.metabat2.3	S02.bam	F06.bam	0.999637	0.999627		0.983	1_1	1_2	FALSE
S01.metabat2.3	S02.bam	F08.bam	0.9991695	0.9991595		0.58	1_1	1_2	FALSE
S01.metabat2.3	S02.bam	F09.bam	0.9997372	0.9997272		0.926	1_1	1_2	FALSE
S01.metabat2.3	S02.bam	F10.bam	0.998985	0.998975		0.525	1_1	1_2	FALSE
S01.metabat2.3	S02.bam	F13.bam	0.9999482	0.9999382		0.559	1_1	1_2	FALSE
S01.metabat2.3	S03.bam	F01.bam	0.9989956	0.9989856		0.813	1_1	1_2	FALSE
S01.metabat2.3	S03.bam	F02.bam	0.9986944	0.9986844		0.645	1_1	1_2	FALSE
S01.metabat2.3	S03.bam	F03.bam	0.9996531	0.9996431		0.945	1_1	1_2	FALSE
S01.metabat2.3	S03.bam	F04.bam	0.9994317	0.9994217		1	1_1	1_2	FALSE
S01.metabat2.3	S03.bam	F05.bam	0.9992303	0.9992203		0.614	1_1	1_2	FALSE
S01.metabat2.3	S03.bam	F06.bam	0.9998859	0.9998759		0.665	1_1	1_2	FALSE
S01.metabat2.3	S03.bam	F08.bam	0.9992255	0.9992155		0.84	1_1	1_2	FALSE
S01.metabat2.3	S03.bam	F09.bam	0.9990785	0.9990685		0.55	1_1	1_2	FALSE
S01.metabat2.3	S03.bam	F11.bam	0.9987576	0.9987476		0.691	1_1	1_2	FALSE
S01.metabat2.3	S03.bam	F12.bam	0.9990949	0.9990849		0.735	1_1	1_2	FALSE
S01.metabat2.3	S03.bam	F14.bam	0.9998786	0.9998686		0.946	1_1	1_2	FALSE
S01.metabat2.3	S04.bam	F02.bam	0.9996614	0.9996514		0.509	1_1	1_2	FALSE
S01.metabat2.3	S04.bam	F05.bam	0.9989983	0.9989883		0.531	1_1	1_2	FALSE
S01.metabat2.3	S04.bam	F08.bam	0.999976	0.999966		0.892	1_1	1_2	FALSE
S01.metabat2.3	S04.bam	F11.bam	0.9999787	0.9999687		0.954	1_1	1_2	FALSE
S01.metabat2.3	S04.bam	F13.bam	0.9997589	0.9997489		0.665	1_1	1_2	FALSE
S01.metabat2.3	S04.bam	F14.bam	0.9994898	0.9994798		0.566	1_1	1_2	FALSE
S01.metabat2.3	S04.bam	F15.bam	0.9987631	0.9987531		0.977	1_1	1_2	FALSE
S01.metabat2.3	S04.bam	F16.bam	0.9994828	0.9994728		0.684	1_1	1_2	FALSE
S01.metabat2.3	S05.bam	F04.bam	0.9994341	0.9994241		0.857	1_1	1_2	FALSE
S01.metabat2.3	S05.bam	F05.bam	0.9994523	0.9994423		0.516	1_1	1_2	FALSE
S01.metabat2.3	S05.bam	F08.bam	0.9992632	0.9992532		0.833	1_1	1_2	FALSE
S01.metabat2.3	S05.bam	F09.bam	0.9995762	0.9995662		0.709	1_1	1_2	FALSE
S01.metabat2.3	S05.bam	F10.bam	0.9992586	0.9992486		0.753	1_1	1_2	FALSE
S01.metabat2.3	S05.bam	F12.bam	0.9991006	0.9990906		0.985	1_1	1_2	FALSE
S01.metabat2.3	S05.bam	F13.bam	0.999564	0.999554		0.515	1_1	1_2	FALSE
S01.metabat2.3	S05.bam	F14.bam	0.998984	0.998974		0.935	1_1	1_2	FALSE
S01.metabat2.3	S05.bam	F16.bam	0.9994597	0.9994497		0.96	1_1	1_2	FALSE
S01.metabat2.3	S06.bam	F01.bam	0.9999503	0.9999403		0.899	1_1	1_2	FALSE
S01.metabat2.3	S06.bam	F04.bam	0.999764	0.999754		0.742	1_1	1_2	FALSE
S01.metabat2.3	S06.bam	F06.bam	0.9997146	0.9997046		0.8	1_1	1_2	FALSE
S01.metabat2.3	S06.bam	F07.bam	0.9997132	0.9997032		0.505	1_1	1_2	FALSE
S01.metabat2.3	S06.bam	F08.bam	0.9999914	0.9999814		0.837	1_1	1_2	TRUE
S01.metabat2.3	S06.bam	F10.bam	0.9990165	0.9990065		0.631	1_1	1_2	FALSE
S01.metabat2.3	S06.bam	F12.bam	0.9995457	0.9995357		0.582	1_1	1_2	FALSE
S01.metabat2.3	S06.bam	F13.bam	0.9997931	0.9997831		0.76	1_1	1_2	FALSE
S01.metabat2.3	S06.bam	F15.bam	0.9998706	0.9998606		0.892	1_1	1_2	FALSE
S01.metabat2.3	S06.bam	F16.bam	0.9997344	0.9997244		0.604	1_1	1_2	FALSE
S01.metabat2.3	S07.bam	F02.bam	0.9994091	0.9993991		0.873	1_1	1_2	FALSE
S01.metabat2.3	S07.bam	F06.bam	0.9996938	0.9996838		0.63	1_1	1_2	FALSE
S01.metabat2.3	S07.bam	F09.bam	0.9997528	0.9997428		0.821	1_1	1_2	FALSE
S01.metabat2.3	S07.bam	F10.bam	0.9990678	0.9990578		0.801	1_1	1_2	FALSE
S01.metabat2.3	S07.bam	F12.bam	0.9986625	0.9986525		0.692	1_1	1_2	FALSE
S01.metabat2.3	S07.bam	F13.bam	0.9990347	0.9990247		0.605	1_1	1_2	FALSE
S01.metabat2.3	S08.bam	F01.bam	0.99931	0.9993		0.542	1_1	1_2	FALSE
S01.metabat2.3	S08.bam	F04.bam	0.9998107	0.9998007		0.586	1_1	1_2	FALSE
S01.metabat2.3	S08.bam	F05.bam	0.9986474	0.9986374		0.675	1_1	1_2	FALSE
S01.metabat2.3	S08.bam	F09.bam	0.9999771	0.9999671		0.742	1_1	1_2	FALSE
S01.metabat2.3	S08.bam	F11.bam	0.9993082	0.9992982		0.791	1_1	1_2	FALSE
S01.metabat2.3	S08.bam	F13.bam	0.9988369	0.9988269		0.503	1_1	1_2	FALSE
S01.metabat2.3	S08.bam	F14.bam	0.999417	0.999407		0.842	1_1	1_2	FALSE
S01.metabat2.3	S08.bam	F15.bam	0.9998229	0.9998129		0.651	1_1	1_2	FALSE
S01.metabat2.3	S09.bam	F01.bam	0.9989358	0.9989258		0.828	1_1	1_2	FALSE
S01.metabat2.3	S09.bam	F02.bam	0.9989342	0.9989242		0.537	1_1	1_2	FALSE
S01.metabat2.3	S09.bam	F03.bam	0.9990298	0.9990198		0.894	1_1	1_2	FALSE
S01.metabat2.3	S09.bam	F04.bam	0.998733	0.998723		0.96	1_1	1_2	FALSE
S01.metabat2.3	S09.bam	F05.bam	0.9999192	0.9999092		0.661	1_1	1_2	FALSE
S01.metabat2.3	S09.bam	F06.bam	0.9997461	0.9997361		0.623	1_1	1_2	FALSE
S01.metabat2.3	S09.bam	F08.bam	0.9997239	0.9997139		0.514	1_1	1_2	FALSE
S01.metabat2.3	S09.bam	F10.bam	0.9994797	0.9994697		0.807	1_1	1_2	FALSE
S01.metabat2.3	S09.bam	F11.bam	0.9986083	0.9985983		0.545	1_1	1_2	FALSE
S01.metabat2.3	S09.bam	F15.bam	0.9989553	0.9989453		0.863	1_1	1_2	FALSE
S01.metabat2.3	S09.bam	F16.bam	0.9990565	0.9990465		0.778	1_1	1_2	FALSE
S01.metabat2.3	S10.bam	F01.bam	0.9993318	0.9993218		0.638	1_1	1_2	FALSE
S01.metabat2.3	S10.bam	F04.bam	0.9988391	0.9988291		0.988	1_1	1_2	FALSE
S01.metabat2.3	S10.bam	F05.bam	0.9991025	0.9990925		0.785	1_1	1_2	FALSE
S01.metabat2.3	S10.bam	F07.bam	0.9991074	0.9990974		0.561	1_1	1_2	FALSE
S01.metabat2.3	S10.bam	F10.bam	0.9985757	0.9985657		0.825	1_1	1_2	FALSE
S01.metabat2.3	S10.bam	F11.bam	0.9997931	0.9997831		0.775	1_1	1_2	FALSE
S01.metabat2.3	S10.bam	F14.bam	0.9998184	0.9998084		0.549	1_1	1_2	FALSE
S01.metabat2.3	S11.bam	F02.bam	0.9989513	0.9989413		0.944	1_1	1_2	FALSE
S01.metabat2.3	S11.bam	F04.bam	0.998985	0.998975		0.92	1_1	1_2	FALSE
S01.metabat2.3	S11.bam	F08.bam	0.9986504	0.9986404		0.748	1_1	1_2	FALSE
S01.metabat2.3	S11.bam	F14.bam	0.9995685	0.9995585		0.599	1_1	1_2	FALSE
S01.metabat2.3	S11.bam	F16.bam	0.999468	0.999458		0.635	1_1	1_2	FALSE
S01.metabat2.3	S12.bam	F03.bam	0.9990765	0.9990665		0.725	1_1	1_2	FALSE
S01.metabat2.3	S12.bam	F04.bam	0.9988325	0.9988225		0.564	1_1	1_2	FALSE
S01.metabat2.3	S12.bam	F05.bam	0.9992161	0.9992061		0.749	1_1	1_2	FALSE
S01.metabat2.3	S12.bam	F09.bam	0.9991179	0.9991079		0.921	1_1	1_2	FALSE
S01.metabat2.3	S12.bam	F14.bam	0.9988605	0.9988505		0.695	1_1	1_2	FALSE
S01.metabat2.3	S12.bam	F15.bam	0.9988587	0.9988487		0.552	1_1	1_2	FALSE
S01.metabat2.3	S13.bam	F01.bam	0.9989397	0.9989297		0.965	1_1	1_2	FALSE
S01.metabat2.3	S13.bam	F02.bam	0.99975	0.99974		0.709	1_1	1_2	FALSE
S01.metabat2.3	S13.bam	F05.bam	0.9999382	0.9999282		0.502	1_1	1_2	FALSE
S01.metabat2.3	S13.bam	F06.bam	0.999713	0.999703		0.951	1_1	1_2	FALSE
S01.metabat2.3	S13.bam	F07.bam	0.9992132	0.9992032		0.988	1_1	1_2	FALSE
S01.metabat2.3	S13.bam	F08.bam	0.9995131	0.9995031		0.502	1_1	1_2	FALSE
S01.metabat2.3	S13.bam	F11.bam	0.9986094	0.9985994		0.96	1_1	1_2	FALSE
S01.metabat2.3	S13.bam	F13.bam	0.9986121	0.9986021		0.916	1_1	1_2	FALSE
S01.metabat2.3	S13.bam	F14.bam	0.9993634	0.9993534		0.78	1_1	1_2	FALSE
S01.metabat2.3	S13.bam	F15.bam	0.999119	0.999109		0.658	1_1	1_2	FALSE
S01.metabat2.3	S14.bam	F02.bam	0.9993748	0.9993648		0.823	1_1	1_2	FALSE
S01.metabat2.3	S14.bam	F03.bam	0.9988284	0.9988184		0.972	1_1	1_2	FALSE
S01.metabat2.3	S14.bam	F04.bam	0.9998071	0.9997971		0.788	1_1	1_2	FALSE
S01.metabat2.3	S14.bam	F05.bam	0.9989605	0.9989505		0.766	1_1	1_2	FALSE
S01.metabat2.3	S14.bam	F08.bam	0.9985353	0.9985253		0.725	1_1	1_2	FALSE
S01.metabat2.3	S14.bam	F09.bam	0.9989177	0.9989077		0.84	1_1	1_2	FALSE
S01.metabat2.3	S14.bam	F10.bam	0.9998804	0.9998704		0.912	1_1	1_2	FALSE
S01.metabat2.3	S14.bam	F11.bam	0.9998137	0.9998037		0.776	1_1	1_2	FALSE
S01.metabat2.3	S14.bam	F12.bam	0.999206	0.999196		0.599	1_1	1_2	FALSE
S01.metabat2.3	S14.bam	F13.bam	0.999914	0.999904		0.873	1_1	1_2	FALSE
S01.metabat2.3	S14.bam	F14.bam	0.9987926	0.9987826		0.624	1_1	1_2	FALSE
S01.metabat2.3	S14.bam	F16.bam	0.9997965	0.9997865		0.929	1_1	1_2	FALSE
S01.metabat2.3	S15.bam	F01.bam	0.9991194	0.9991094		0.958	1_1	1_2	FALSE
S01.metabat2.3	S15.bam	F02.bam	0.9992174	0.9992074		0.938	1_1	1_2	FALSE
S01.metabat2.3	S15.bam	F04.bam	0.998788	0.998778		0.979	1_1	1_2	FALSE
S01.metabat2.3	S15.bam	F05.bam	0.9991045	0.9990945		0.762	1_1	1_2	FALSE
S01.metabat2.3	S15.bam	F06.bam	0.999864	0.999854		0.595	1_1	1_2	FALSE
S01.metabat2.3	S15.bam	F07.bam	0.9989025	0.9988925		0.824	1_1	1_2	FALSE
S01.metabat2.3	S15.bam	F08.bam	0.999387	0.999377		0.596	1_1	1_2	FALSE
S01.metabat2.3	S15.bam	F10.bam	0.999764	0.999754		0.714	1_1	1_2	FALSE
S01.metabat2.3	S15.bam	F12.bam	0.9996888	0.9996788		0.546	1_1	1_2	FALSE
S01.metabat2.3	S15.bam	F15.bam	0.9993514	0.9993414		0.909	1_1	1_2	FALSE
S01.metabat2.3	S15.bam	F16.bam	0.9989124	0.9989024		0.686	1_1	1_2	FALSE
S01.metabat2.3	S16.bam	F01.bam	0.9995696	0.9995596		0.706	1_1	1_2	FALSE
S01.metabat2.3	S16.bam	F02.bam	0.9997673	0.9997573		0.973	1_1	1_2	FALSE
S01.metabat2.3	S16.bam	F03.bam	0.9985154	0.9985054		0.756	1_1	1_2	FALSE
S01.metabat2.3	S16.bam	F04.bam	0.999835	0.999825		0.504	1_1	1_2	FALSE
S01.metabat2.3	S16.bam	F06.bam	0.9995536	0.9995436		0.789	1_1	1_2	FALSE
S01.metabat2.3	S16.bam	F07.bam	0.9986456	0.9986356		0.781	1_1	1_2	FALSE
S01.metabat2.3	S16.bam	F08.bam	0.9999766	0.9999666		0.907	1_1	1_2	FALSE
S01.metabat2.3	S16.bam	F09.bam	0.9987417	0.9987317		0.975	1_1	1_2	FALSE
S01.metabat2.3	S16.bam	F11.bam	0.9989982	0.9989882		0.825	1_1	1_2	FALSE
S01.metabat2.3	S16.bam	F13.bam	0.9996994	0.9996894		0.721	1_1	1_2	FALSE
S01.metabat2.3	S17.bam	F02.bam	0.999573	0.999563		0.774	1_1	1_2	FALSE
S01.metabat2.3	S17.bam	F03.bam	0.9999718	0.9999618		0.673	1_1	1_2	FALSE
S01.metabat2.3	S17.bam	F05.bam	0.9985142	0.9985042		0.657	1_1	1_2	FALSE
S01.metabat2.3	S17.bam	F07.bam	0.998604	0.998594		0.9	1_1	1_2	FALSE
S01.metabat2.3	S17.bam	F08.bam	0.9994274	0.9994174		0.796	1_1	1_2	FALSE
S01.metabat2.3	S17.bam	F11.bam	0.999179	0.999169		0.504	1_1	1_2	FALSE
S01.metabat2.3	S17.bam	F12.bam	0.9989598	0.9989498		0.772	1_1	1_2	FALSE
S01.metabat2.3	S17.bam	F13.bam	0.9993846	0.9993746		0.777	1_1	1_2	FALSE
S01.metabat2.3	S17.bam	F15.bam	0.9994684	0.9994584		0.847	1_1	1_2	FALSE
S01.metabat2.3	S18.bam	F04.bam	0.9995316	0.9995216		0.711	1_1	1_2	FALSE
S01.metabat2.3	S18.bam	F06.bam	0.998643	0.998633		0.555	1_1	1_2	FALSE
S01.metabat2.3	S18.bam	F08.bam	0.9998483	0.9998383		0.555	1_1	1_2	FALSE
S01.metabat2.3	S18.bam	F09.bam	0.9989424	0.9989324		0.712	1_1	1_2	FALSE
S01.metabat2.3	S18.bam	F11.bam	0.9996432	0.9996332		0.578	1_1	1_2	FALSE
S01.metabat2.3	S18.bam	F12.bam	0.9986662	0.9986562		0.548	1_1	1_2	FALSE
S01.metabat2.3	S18.bam	F16.bam	0.9985998	0.9985898		0.669	1_1	1_2	FALSE
S01.metabat2.3	S19.bam	F01.bam	0.9997399	0.9997299		0.724	1_1	1_2	FALSE
S01.metabat2.3	S19.bam	F02.bam	0.9996574	0.9996474		0.599	1_1	1_2	FALSE
S01.metabat2.3	S19.bam	F03.bam	0.9997774	0.9997674		0.818	1_1	1_2	FALSE
S01.metabat2.3	S19.bam	F08.bam	0.9986539	0.9986439		0.605	1_1	1_2	FALSE
S01.metabat2.3	S19.bam	F16.bam	0.99924	0.99923		0.854	1_1	1_2	FALSE
S01.metabat2.3	S20.bam	F01.bam	0.99928	0.99927		0.801	1_1	1_2	FALSE
S01.metabat2.3	S20.bam	F02.bam	0.9994369	0.9994269		0.758	1_1	1_2	FALSE
S01.metabat2.3	S20.bam	F03.bam	0.9994268	0.9994168		0.879	1_1	1_2	FALSE
S01.metabat2.3	S20.bam	F04.bam	0.9991533	0.9991433		0.978	1_1	1_2	FALSE
S01.metabat2.3	S20.bam	F05.bam	0.9991624	0.9991524		0.932	1_1	1_2	FALSE
S01.metabat2.3	S20.bam	F06.bam	0.9996534	0.9996434		0.816	1_1	1_2	FALSE
S01.metabat2.3	S20.bam	F07.bam	0.999516	0.999506		0.52	1_1	1_2	FALSE
S01.metabat2.3	S20.bam	F11.bam	0.9990937	0.9990837		0.745	1_1	1_2	FALSE
S01.metabat2.3	S20.bam	F14.bam	0.9996783	0.9996683		0.541	1_1	1_2	FALSE
S01.metabat2.3	S21.bam	F03.bam	0.9988748	0.9988648		0.75	1_1	1_2	FALSE
S01.metabat2.3	S21.bam	F06.bam	0.9997804	0.9997704		0.6	1_1	1_2	FALSE
S01.metabat2.3	S21.bam	F09.bam	0.999954	0.999944		0.846	1_1	1_2	FALSE
S01.metabat2.3	S21.bam	F10.bam	0.9995578	0.9995478		0.885	1_1	1_2	FALSE
S01.metabat2.3	S21.bam	F12.bam	0.9996934	0.9996834		0.586	1_1	1_2	FALSE
S01.metabat2.3	S21.bam	F13.bam	0.9986121	0.9986021		0.63	1_1	1_2	FALSE
S01.metabat2.3	S21.bam	F15.bam	0.9989344	0.9989244		0.524	1_1	1_2	FALSE
S01.metabat2.3	S21.bam	F16.bam	0.9990717	0.9990617		0.888	1_1	1_2	FALSE
S01.metabat2.3	S22.bam	F05.bam	0.9985684	0.9985584		0.574	1_1	1_2	FALSE
S01.metabat2.3	S22.bam	F08.bam	0.9990411	0.9990311		0.921	1_1	1_2	FALSE
S01.metabat2.3	S22.bam	F11.bam	0.9995241	0.9995141		0.869	1_1	1_2	FALSE
S01.metabat2.3	S22.bam	F12.bam	0.9995412	0.9995312		0.821	1_1	1_2	FALSE
S01.metabat2.3	S22.bam	F13.bam	0.9987747	0.9987647		0.892	1_1	1_2	FALSE
S01.metabat2.3	S22.bam	F15.bam	0.9989673	0.9989573		0.759	1_1	1_2	FALSE
S01.metabat2.3	S23.bam	F05.bam	0.9997071	0.9996971		0.891	1_1	1_2	FALSE
S01.metabat2.3	S23.bam	F06.bam	0.9985034	0.9984934		0.507	1_1	1_2	FALSE
S01.metabat2.3	S23.bam	F07.bam	0.9999283	0.9999183		0.518	1_1	1_2	FALSE
S01.metabat2.3	S23.bam	F09.bam	0.9991573	0.9991473		0.915	1_1	1_2	FALSE
S01.metabat2.3	S23.bam	F10.bam	0.999057	0.999047		0.59	1_1	1_2	FALSE
S01.metabat2.3	S23.bam	F13.bam	0.9994296	0.9994196		0.774	1_1	1_2	FALSE
S01.metabat2.3	S23.bam	F14.bam	0.9987829	0.9987729		0.602	1_1	1_2	FALSE
S01.metabat2.3	S23.bam	F15.bam	0.9995919	0.9995819		0.644	1_1	1_2	FALSE
S01.metabat2.3	S24.bam	F02.bam	0.9989122	0.9989022		0.72	1_1	1_2	FALSE
S01.metabat2.3	S24.bam	F04.bam	0.9987855	0.9987755		0.971	1_1	1_2	FALSE
S01.metabat2.3	S24.bam	F06.bam	0.9993216	0.9993116		0.643	1_1	1_2	FALSE
S01.metabat2.3	S24.bam	F08.bam	0.9989892	0.9989792		0.748	1_1	1_2	FALSE
S01.metabat2.3	S24.bam	F10.bam	0.9995667	0.9995567		0.986	1_1	1_2	FALSE
S01.metabat2.3	S24.bam	F12.bam	0.998571	0.998561		0.588	1_1	1_2	FALSE
S01.metabat2.3	S24.bam	F14.bam	0.99996	0.99995		0.522	1_1	1_2	FALSE
S01.metabat2.3	S24.bam	F16.bam	0.999118	0.999108		0.853	1_1	1_2	FALSE
S01.metabat2.3	F01.bam	F02.bam	0.9996869	0.9996769		0.726	1_1	1_2	FALSE
S01.metabat2.3	F01.bam	F03.bam	0.9995796	0.9995696		0.697	1_1	1_2	FALSE
S01.metabat2.3	F01.bam	F05.bam	0.9999952	0.9999852		0.991	1_1	1_2	TRUE
S01.metabat2.3	F01.bam	F06.bam	0.9997994	0.9997894		0.886	1_1	1_2	FALSE
S01.metabat2.3	F01.bam	F07.bam	0.9998745	0.9998645		0.98	1_1	1_2	FALSE
S01.metabat2.3	F01.bam	F08.bam	0.9999932	0.9999832		0.993	1_1	1_2	TRUE
S01.metabat2.3	F01.bam	F09.bam	0.9993452	0.9993352		0.806	1_1	1_2	FALSE
S01.metabat2.3	F01.bam	F11.bam	0.9987094	0.9986994		0.956	1_1	1_2	FALSE
S01.metabat2.3	F01.bam	F16.bam	0.9986626	0.9986526		0.639	1_1	1_2	FALSE
S01.metabat2.3	F02.bam	F04.bam	0.9999989	0.9999889		0.599	1_1	1_2	TRUE
S01.metabat2.3	F02.bam	F05.bam	0.9991047	0.9990947		0.698	1_1	1_2	FALSE
S01.metabat2.3	F02.bam	F07.bam	0.9985377	0.9985277		0.551	1_1	1_2	FALSE
S01.metabat2.3	F02.bam	F09.bam	0.9991692	0.9991592		0.77	1_1	1_2	FALSE
S01.metabat2.3	F02.bam	F11.bam	0.9997485	0.9997385		0.689	1_1	1_2	FALSE
S01.metabat2.3	F02.bam	F14.bam	0.9990733	0.9990633		0.85	1_1	1_2	FALSE
S01.metabat2.3	F03.bam	F06.bam	0.9999955	0.9999855		0.63	1_1	1_2	TRUE
S01.metabat2.3	F03.bam	F09.bam	0.999193	0.999183		0.922	1_1	1_2	FALSE
S01.metabat2.3	F03.bam	F10.bam	0.9991782	0.9991682		0.991	1_1	1_2	FALSE
S01.metabat2.3	F03.bam	F14.bam	0.999247	0.999237		0.604	1_1	1_2	FALSE
S01.metabat2.3	F04.bam	F05.bam	0.9999993	0.9999893		0.809	1_1	1_2	TRUE
S01.metabat2.3	F04.bam	F07.bam	0.9999957	0.9999857		0.594	1_1	1_2	TRUE
S01.metabat2.3	F04.bam	F08.bam	0.9999974	0.9999874		0.611	1_1	1_2	TRUE
S01.metabat2.3	F04.bam	F10.bam	0.9985348	0.9985248		0.789	1_1	1_2	FALSE
S01.metabat2.3	F04.bam	F11.bam	0.9986768	0.9986668		0.861	1_1	1_2	FALSE
S01.metabat2.3	F05.bam	F06.bam	0.9999994	0.9999894		0.696	1_1	1_2	TRUE
S01.metabat2.3	F05.bam	F07.bam	0.9995778	0.9995678		0.612	1_1	1_2	FALSE
S01.metabat2.3	F05.bam	F09.bam	0.9995146	0.9995046		0.583	1_1	1_2	FALSE
S01.metabat2.3	F05.bam	F10.bam	0.9992813	0.9992713		0.812	1_1	1_2	FALSE
S01.metabat2.3	F05.bam	F11.bam	0.998704	0.998694		0.8	1_1	1_2	FALSE
S01.metabat2.3	F05.bam	F14.bam	0.9993268	0.9993168		0.9	1_1	1_2	FALSE
S01.metabat2.3	F05.bam	F15.bam	0.9990635	0.9990535		0.53	1_1	1_2	FALSE
S01.metabat2.3	F06.bam	F13.bam	0.9999276	0.9999176		0.722	1_1	1_2	FALSE
S01.metabat2.3	F06.bam	F14.bam	0.9994742	0.9994642		0.687	1_1	1_2	FALSE
S01.metabat2.3	F07.bam	F08.bam	0.9993317	0.9993217		0.644	1_1	1_2	FALSE
S01.metabat2.3	F07.bam	F09.bam	0.998802	0.998792		0.545	1_1	1_2	FALSE
S01.metabat2.3	F07.bam	F12.bam	0.9987496	0.9987396		0.785	1_1	1_2	FALSE
S01.metabat2.3	F07.bam	F14.bam	0.9997094	0.9996994		0.825	1_1	1_2	FALSE
S01.metabat2.3	F07.bam	F16.bam	0.9997165	0.9997065		0.954	1_1	1_2	FALSE
S01.metabat2.3	F08.bam	F13.bam	0.9989879	0.9989779		0.54	1_1	1_2	FALSE
S01.metabat2.3	F08.bam	F16.bam	0.999505	0.999495		0.559	1_1	1_2	FALSE
S01.metabat2.3	F09.bam	F10.bam	0.9999997	0.9999897		0.834	1_1	1_2	TRUE
S01.metabat2.3	F09.bam	F11.bam	0.9988379	0.9988279		0.866	1_1	1_2	FALSE
S01.metabat2.3	F09.bam	F12.bam	0.9999916	0.9999816		0.849	1_1	1_2	TRUE
S01.metabat2.3	F09.bam	F14.bam	0.998863	0.998853		0.998	1_1	1_2	FALSE
S01.metabat2.3	F10.bam	F11.bam	0.9999963	0.9999863		0.595	1_1	1_2	TRUE
S01.metabat2.3	F10.bam	F13.bam	0.9999626	0.9999526		0.987	1_1	1_2	FALSE
S01.metabat2.3	F11.bam	F15.bam	0.9999932	0.9999832		0.777	1_1	1_2	TRUE
S01.metabat2.3	F11.bam	F16.bam	0.9999916	0.9999816		0.993	1_1	1_2	TRUE
S01.metabat2.3	F12.bam	F14.bam	0.9999978	0.9999878		0.841	1_1	1_2	TRUE
S01.metabat2.3	F12.bam	F16.bam	0.9999917	0.9999817		0.84	1_1	1_2	TRUE
S01.metabat2.3	F13.bam	F14.bam	0.9994282	0.9994182		0.924	1_1	1_2	FALSE
S01.metabat2.3	F13.bam	F15.bam	0.9993338	0.9993238		0.609	1_1	1_2	FALSE
S01.metabat2.3	F13.bam	F16.bam	0.9989058	0.9988958		0.875	1_1	1_2	FALSE
S01.metabat2.3	F15.bam	F16.bam	0.9999929	0.9999829		0.592	1_1	1_2	TRUE
S08.metabat2.4	S01.bam	F01.bam	0.9987604	0.9987504		0.928	1_1	1_2	FALSE
S08.metabat2.4	S01.bam	F02.bam	0.9992409	0.9992309		0.569	1_1	1_2	FALSE
S08.metabat2.4	S01.bam	F03.bam	0.9986389	0.9986289		0.792	1_1	1_2	FALSE
S08.metabat2.4	S01.bam	F05.bam	0.9987815	0.9987715		0.518	1_1	1_2	FALSE
S08.metabat2.4	S01.bam	F07.bam	0.9995602	0.9995502		0.812	1_1	1_2	FALSE
S08.metabat2.4	S01.bam	F08.bam	0.9985227	0.9985127		0.517	1_1	1_2	FALSE
S08.metabat2.4	S01.bam	F09.bam	0.9996228	0.9996128		0.517	1_1	1_2	FALSE
S08.metabat2.4	S01.bam	F10.bam	0.9989208	0.9989108		0.842	1_1	1_2	FALSE
S08.metabat2.4	S02.bam	F01.bam	0.9990319	0.9990219		0.754	1_1	1_2	FALSE
S08.metabat2.4	S02.bam	F03.bam	0.998719	0.998709		0.703	1_1	1_2	FALSE
S08.metabat2.4	S02.bam	F05.bam	0.9988705	0.9988605		0.815	1_1	1_2	FALSE
S08.metabat2.4	S02.bam	F08.bam	0.9993539	0.9993439		0.864	1_1	1_2	FALSE
S08.metabat2.4	S02.bam	F09.bam	0.9987314	0.9987214		0.598	1_1	1_2	FALSE
S08.metabat2.4	S02.bam	F10.bam	0.9991155	0.9991055		0.899	1_1	1_2	FALSE
S08.metabat2.4	S02.bam	F11.bam	0.9992345	0.9992245		0.741	1_1	1_2	FALSE
S08.metabat2.4	S02.bam	F12.bam	0.9987451	0.9987351		0.619	1_1	1_2	FALSE
S08.metabat2.4	S03.bam	F02.bam	0.9990475	0.9990375		0.824	1_1	1_2	FALSE
S08.metabat2.4	S03.bam	F03.bam	0.9995507	0.9995407		0.64	1_1	1_2	FALSE
S08.metabat2.4	S03.bam	F04.bam	0.9988245	0.9988145		0.846	1_1	1_2	FALSE
S08.metabat2.4	S03.bam	F05.bam	0.9989255	0.9989155		0.604	1_1	1_2	FALSE
S08.metabat2.4	S03.bam	F12.bam	0.9985403	0.9985303		0.874	1_1	1_2	FALSE
S08.metabat2.4	S03.bam	F14.bam	0.9987465	0.9987365		0.725	1_1	1_2	FALSE
S08.metabat2.4	S03.bam	F15.bam	0.9990706	0.9990606		0.667	1_1	1_2	FALSE
S08.metabat2.4	S04.bam	F01.bam	0.9989011	0.9988911		0.908	1_1	1_2	FALSE
S08.metabat2.4	S04.bam	F02.bam	0.9988861	0.9988761		0.614	1_1	1_2	FALSE
S08.metabat2.4	S04.bam	F04.bam	0.9998818	0.9998718		0.69	1_1	1_2	FALSE
S08.metabat2.4	S04.bam	F05.bam	0.9990541	0.9990441		0.579	1_1	1_2	FALSE
S08.metabat2.4	S04.bam	F07.bam	0.9985701	0.9985601		0.607	1_1	1_2	FALSE
S08.metabat2.4	S04.bam	F09.bam	0.9998367	0.9998267		0.898	1_1	1_2	FALSE
S08.metabat2.4	S04.bam	F11.bam	0.998615	0.998605		0.872	1_1	1_2	FALSE
S08.metabat2.4	S04.bam	F12.bam	0.9985762	0.9985662		0.796	1_1	1_2	FALSE
S08.metabat2.4	S04.bam	F14.bam	0.9988403	0.9988303		0.54	1_1	1_2	FALSE
S08.metabat2.4	S04.bam	F15.bam	0.9988908	0.9988808		0.57	1_1	1_2	FALSE
S08.metabat2.4	S05.bam	F06.bam	0.9993978	0.9993878		0.745	1_1	1_2	FALSE
S08.metabat2.4	S05.bam	F07.bam	0.9989131	0.9989031		0.524	1_1	1_2	FALSE
S08.metabat2.4	S05.bam	F09.bam	0.9988193	0.9988093		0.83	1_1	1_2	FALSE
S08.metabat2.4	S05.bam	F10.bam	0.998689	0.998679		0.523	1_1	1_2	FALSE
S08.metabat2.4	S05.bam	F12.bam	0.999709	0.999699		0.873	1_1	1_2	FALSE
S08.metabat2.4	S05.bam	F13.bam	0.9997413	0.9997313		0.76	1_1	1_2	FALSE
S08.metabat2.4	S05.bam	F14.bam	0.9988763	0.9988663		0.523	1_1	1_2	FALSE
S08.metabat2.4	S05.bam	F16.bam	0.9990613	0.9990513		0.778	1_1	1_2	FALSE
S08.metabat2.4	S06.bam	F03.bam	0.9989044	0.9988944		0.915	1_1	1_2	FALSE
S08.metabat2.4	S06.bam	F04.bam	0.998721	0.998711		0.548	1_1	1_2	FALSE
S08.metabat2.4	S06.bam	F08.bam	0.9991897	0.9991797		0.508	1_1	1_2	FALSE
S08.metabat2.4	S06.bam	F09.bam	0.9995582	0.9995482		0.815	1_1	1_2	FALSE
S08.metabat2.4	S06.bam	F10.bam	0.9995584	0.9995484		0.81	1_1	1_2	FALSE
S08.metabat2.4	S07.bam	F01.bam	0.9986464	0.9986364		0.519	1_1	1_2	FALSE
S08.metabat2.4	S07.bam	F02.bam	0.9986597	0.9986497		0.655	1_1	1_2	FALSE
S08.metabat2.4	S07.bam	F03.bam	0.9988445	0.9988345		0.618	1_1	1_2	FALSE
S08.metabat2.4	S07.bam	F07.bam	0.9995914	0.9995814		0.637	1_1	1_2	FALSE
S08.metabat2.4	S07.bam	F09.bam	0.9986226	0.9986126		0.574	1_1	1_2	FALSE
S08.metabat2.4	S07.bam	F10.bam	0.998972	0.998962		0.994	1_1	1_2	FALSE
S08.metabat2.4	S07.bam	F13.bam	0.9995392	0.9995292		0.609	1_1	1_2	FALSE
S08.metabat2.4	S07.bam	F14.bam	0.9987595	0.9987495		0.662	1_1	1_2	FALSE
S08.metabat2.4	S07.bam	F15.bam	0.9999602	0.9999502		0.523	1_1	1_2	FALSE
S08.metabat2.4	S08.bam	F02.bam	0.9989989	0.9989889		0.949	1_1	1_2	FALSE
S08.metabat2.4	S08.bam	F05.bam	0.9991757	0.9991657		0.597	1_1	1_2	FALSE
S08.metabat2.4	S08.bam	F06.bam	0.9992013	0.9991913		0.895	1_1	1_2	FALSE
S08.metabat2.4	S08.bam	F08.bam	0.9997993	0.9997893		0.702	1_1	1_2	FALSE
S08.metabat2.4	S08.bam	F09.bam	0.9990016	0.9989916		0.506	1_1	1_2	FALSE
S08.metabat2.4	S08.bam	F10.bam	0.9990048	0.9989948		0.596	1_1	1_2	FALSE
S08.metabat2.4	S08.bam	F12.bam	0.9992946	0.9992846		0.826	1_1	1_2	FALSE
S08.metabat2.4	S08.bam	F14.bam	0.998853	0.998843		0.531	1_1	1_2	FALSE
S08.metabat2.4	S08.bam	F15.bam	0.9987592	0.9987492		0.544	1_1	1_2	FALSE
S08.metabat2.4	S08.bam	F16.bam	0.9997577	0.9997477		0.518	1_1	1_2	FALSE
S08.metabat2.4	S09.bam	F04.bam	0.9993906	0.9993806		0.755	1_1	1_2	FALSE
S08.metabat2.4	S09.bam	F10.bam	0.9995715	0.9995615		0.909	1_1	1_2	FALSE
S08.metabat2.4	S09.bam	F12.bam	0.9985023	0.9984923		0.95	1_1	1_2	FALSE
S08.metabat2.4	S09.bam	F14.bam	0.9994413	0.9994313		0.862	1_1	1_2	FALSE
S08.metabat2.4	S09.bam	F16.bam	0.9986447	0.9986347		0.8	1_1	1_2	FALSE
S08.metabat2.4	S10.bam	F03.bam	0.9991693	0.9991593		0.889	1_1	1_2	FALSE
S08.metabat2.4	S10.bam	F05.bam	0.9995552	0.9995452		0.829	1_1	1_2	FALSE
S08.metabat2.4	S10.bam	F06.bam	0.9998888	0.9998788		0.754	1_1	1_2	FALSE
S08.metabat2.4	S10.bam	F07.bam	0.9998091	0.9997991		0.885	1_1	1_2	FALSE
S08.metabat2.4	S10.bam	F08.bam	0.9994876	0.9994776		0.912	1_1	1_2	FALSE
S08.metabat2.4	S10.bam	F09.bam	0.9996825	0.9996725		0.61	1_1	1_2	FALSE
S08.metabat2.4	S10.bam	F10.bam	0.9992577	0.9992477		0.532	1_1	1_2	FALSE
S08.metabat2.4	S10.bam	F14.bam	0.9997959	0.9997859		0.538	1_1	1_2	FALSE
S08.metabat2.4	S10.bam	F15.bam	0.9999188	0.9999088		0.61	1_1	1_2	FALSE
S08.metabat2.4	S11.bam	F04.bam	0.9990515	0.9990415		0.746	1_1	1_2	FALSE
S08.metabat2.4	S11.bam	F05.bam	0.9999211	0.9999111		0.893	1_1	1_2	FALSE
S08.metabat2.4	S11.bam	F06.bam	0.9986651	0.9986551		0.74	1_1	1_2	FALSE
S08.metabat2.4	S11.bam	F09.bam	0.9993857	0.9993757		0.726	1_1	1_2	FALSE
S08.metabat2.4	S11.bam	F10.bam	0.9988337	0.9988237		0.617	1_1	1_2	FALSE
S08.metabat2.4	S11.bam	F12.bam	0.999679	0.999669		0.716	1_1	1_2	FALSE
S08.metabat2.4	S11.bam	F14.bam	0.9998677	0.9998577		0.765	1_1	1_2	FALSE
S08.metabat2.4	S12.bam	F01.bam	0.9994986	0.9994886		0.541	1_1	1_2	FALSE
S08.metabat2.4	S12.bam	F03.bam	0.9998014	0.9997914		0.885	1_1	1_2	FALSE
S08.metabat2.4	S12.bam	F06.bam	0.9995968	0.9995868		0.575	1_1	1_2	FALSE
S08.metabat2.4	S12.bam	F08.bam	0.9995395	0.9995295		0.6	1_1	1_2	FALSE
S08.metabat2.4	S12.bam	F09.bam	0.9999791	0.9999691		0.692	1_1	1_2	FALSE
S08.metabat2.4	S12.bam	F11.bam	0.9986108	0.9986008		0.804	1_1	1_2	FALSE
S08.metabat2.4	S12.bam	F13.bam	0.9991553	0.9991453		0.656	1_1	1_2	FALSE
S08.metabat2.4	S12.bam	F14.bam	0.9993407	0.9993307		0.568	1_1	1_2	FALSE
S08.metabat2.4	S12.bam	F16.bam	0.998892	0.998882		0.869	1_1	1_2	FALSE
S08.metabat2.4	S13.bam	F08.bam	0.9985685	0.9985585		0.736	1_1	1_2	FALSE
S08.metabat2.4	S13.bam	F09.bam	0.9991506	0.9991406		0.783	1_1	1_2	FALSE
S08.metabat2.4	S13.bam	F15.bam	0.9993315	0.9993215		0.699	1_1	1_2	FALSE
S08.metabat2.4	S14.bam	F02.bam	0.999413	0.999403		0.838	1_1	1_2	FALSE
S08.metabat2.4	S14.bam	F06.bam	0.9986803	0.9986703		0.844	1_1	1_2	FALSE
S08.metabat2.4	S14.bam	F09.bam	0.9995552	0.9995452		0.8	1_1	1_2	FALSE
S08.metabat2.4	S14.bam	F10.bam	0.9985202	0.9985102		0.626	1_1	1_2	FALSE
S08.metabat2.4	S14.bam	F11.bam	0.9996373	0.9996273		0.595	1_1	1_2	FALSE
S08.metabat2.4	S14.bam	F12.bam	0.9997322	0.9997222		0.576	1_1	1_2	FALSE
S08.metabat2.4	S14.bam	F13.bam	0.9990496	0.9990396		0.549	1_1	1_2	FALSE
S08.metabat2.4	S14.bam	F14.bam	0.9991172	0.9991072		0.502	1_1	1_2	FALSE
S08.metabat2.4	S14.bam	F15.bam	0.9990491	0.9990391		0.536	1_1	1_2	FALSE
S08.metabat2.4	S14.bam	F16.bam	0.9987825	0.9987725		0.502	1_1	1_2	FALSE
S08.metabat2.4	S15.bam	F02.bam	0.9991246	0.9991146		0.612	1_1	1_2	FALSE
S08.metabat2.4	S15.bam	F09.bam	0.9996959	0.9996859		0.521	1_1	1_2	FALSE
S08.metabat2.4	S15.bam	F10.bam	0.9997692	0.9997592		0.613	1_1	1_2	FALSE
S08.metabat2.4	S15.bam	F13.bam	0.9992318	0.9992218		0.742	1_1	1_2	FALSE
S08.metabat2.4	S15.bam	F14.bam	0.9993518	0.9993418		0.553	1_1	1_2	FALSE
S08.metabat2.4	S15.bam	F15.bam	0.9997009	0.9996909		0.844	1_1	1_2	FALSE
S08.metabat2.4	S16.bam	F01.bam	0.9991361	0.9991261		0.609	1_1	1_2	FALSE
S08.metabat2.4	S16.bam	F04.bam	0.9997837	0.9997737		0.687	1_1	1_2	FALSE
S08.metabat2.4	S16.bam	F06.bam	0.9988776	0.9988676		0.531	1_1	1_2	FALSE
S08.metabat2.4	S16.bam	F09.bam	0.9994268	0.9994168		0.917	1_1	1_2	FALSE
S08.metabat2.4	S16.bam	F10.bam	0.9991504	0.9991404		0.909	1_1	1_2	FALSE
S08.metabat2.4	S16.bam	F11.bam	0.9995784	0.9995684		0.819	1_1	1_2	FALSE
S08.metabat2.4	S16.bam	F13.bam	0.9994803	0.9994703		0.943	1_1	1_2	FALSE
S08.metabat2.4	S16.bam	F14.bam	0.9990247	0.9990147		0.995	1_1	1_2	FALSE
S08.metabat2.4	S16.bam	F15.bam	0.9995892	0.9995792		0.733	1_1	1_2	FALSE
S08.metabat2.4	S16.bam	F16.bam	0.9990529	0.9990429		0.936	1_1	1_2	FALSE
S08.metabat2.4	S17.bam	F02.bam	0.9993202	0.9993102		0.717	1_1	1_2	FALSE
S08.metabat2.4	S17.bam	F03.bam	0.9985208	0.9985108		0.641	1_1	1_2	FALSE
S08.metabat2.4	S17.bam	F04.bam	0.9994009	0.9993909		0.906	1_1	1_2	FALSE
S08.metabat2.4	S17.bam	F05.bam	0.9998967	0.9998867		0.989	1_1	1_2	FALSE
S08.metabat2.4	S17.bam	F06.bam	0.9991113	0.9991013		0.856	1_1	1_2	FALSE
S08.metabat2.4	S17.bam	F07.bam	0.9998854	0.9998754		0.542	1_1	1_2	FALSE
S08.metabat2.4	S17.bam	F08.bam	0.9996259	0.9996159		0.895	1_1	1_2	FALSE
S08.metabat2.4	S17.bam	F10.bam	0.9985861	0.9985761		0.681	1_1	1_2	FALSE
S08.metabat2.4	S17.bam	F12.bam	0.9998224	0.9998124		0.995	1_1	1_2	FALSE
S08.metabat2.4	S17.bam	F13.bam	0.9990493	0.9990393		0.679	1_1	1_2	FALSE
S08.metabat2.4	S17.bam	F14.bam	0.9991578	0.9991478		0.77	1_1	1_2	FALSE
S08.metabat2.4	S18.bam	F05.bam	0.999778	0.999768		0.758	1_1	1_2	FALSE
S08.metabat2.4	S18.bam	F06.bam	0.9992413	0.9992313		0.658	1_1	1_2	FALSE
S08.metabat2.4	S18.bam	F09.bam	0.9986397	0.9986297		0.966	1_1	1_2	FALSE
S08.metabat2.4	S18.bam	F10.bam	0.9998244	0.9998144		0.897	1_1	1_2	FALSE
S08.metabat2.4	S18.bam	F11.bam	0.9989939	0.9989839		0.516	1_1	1_2	FALSE
S08.metabat2.4	S18.bam	F12.bam	0.999565	0.999555		0.65	1_1	1_2	FALSE
S08.metabat2.4	S18.bam	F14.bam	0.9998949	0.9998849		0.652	1_1	1_2	FALSE
S08.metabat2.4	S19.bam	F01.bam	0.9996157	0.9996057		0.902	1_1	1_2	FALSE
S08.metabat2.4	S19.bam	F02.bam	0.9994206	0.9994106		0.526	1_1	1_2	FALSE
S08.metabat2.4	S19.bam	F04.bam	0.9997694	0.9997594		0.653	1_1	1_2	FALSE
S08.metabat2.4	S19.bam	F05.bam	0.9998078	0.9997978		0.531	1_1	1_2	FALSE
S08.metabat2.4	S19.bam	F06.bam	0.999601	0.999591		0.636	1_1	1_2	FALSE
S08.metabat2.4	S19.bam	F08.bam	0.9999658	0.9999558		0.685	1_1	1_2	FALSE
S08.metabat2.4	S19.bam	F09.bam	0.9994445	0.9994345		0.949	1_1	1_2	FALSE
S08.metabat2.4	S19.bam	F10.bam	0.9995304	0.9995204		0.674	1_1	1_2	FALSE
S08.metabat2.4	S19.bam	F15.bam	0.9992477	0.9992377		0.968	1_1	1_2	FALSE
S08.metabat2.4	S19.bam	F16.bam	0.9995346	0.9995246		0.867	1_1	1_2	FALSE
S08.metabat2.4	S20.bam	F01.bam	0.9997332	0.9997232		0.695	1_1	1_2	FALSE
S08.metabat2.4	S20.bam	F04.bam	0.9987511	0.9987411		0.935	1_1	1_2	FALSE
S08.metabat2.4	S20.bam	F06.bam	0.9998178	0.9998078		0.83	1_1	1_2	FALSE
S08.metabat2.4	S20.bam	F07.bam	0.9987451	0.9987351		0.81	1_1	1_2	FALSE
S08.metabat2.4	S20.bam	F08.bam	0.9990542	0.9990442		0.652	1_1	1_2	FALSE
S08.metabat2.4	S20.bam	F10.bam	0.9995363	0.9995263		0.808	1_1	1_2	FALSE
S08.metabat2.4	S20.bam	F11.bam	0.9989106	0.9989006		0.81	1_1	1_2	FALSE
S08.metabat2.4	S20.bam	F12.bam	0.999862	0.999852		0.779	1_1	1_2	FALSE
S08.metabat2.4	S20.bam	F13.bam	0.9994977	0.9994877		0.981	1_1	1_2	FALSE
S08.metabat2.4	S21.bam	F01.bam	0.9986532	0.9986432		0.757	1_1	1_2	FALSE
S08.metabat2.4	S21.bam	F02.bam	0.9988968	0.9988868		0.72	1_1	1_2	FALSE
S08.metabat2.4	S21.bam	F03.bam	0.9998481	0.9998381		0.749	1_1	1_2	FALSE
S08.metabat2.4	S21.bam	F04.bam	0.9996443	0.9996343		0.704	1_1	1_2	FALSE
S08.metabat2.4	S21.bam	F05.bam	0.9990357	0.9990257		0.968	1_1	1_2	FALSE
S08.metabat2.4	S21.bam	F06.bam	0.999734	0.999724		0.836	1_1	1_2	FALSE
S08.metabat2.4	S21.bam	F11.bam	0.9988843	0.9988743		0.608	1_1	1_2	FALSE
S08.metabat2.4	S21.bam	F14.bam	0.99917	0.99916		0.665	1_1	1_2	FALSE
S08.metabat2.4	S21.bam	F15.bam	0.9999704	0.9999604		0.719	1_1	1_2	FALSE
S08.metabat2.4	S22.bam	F01.bam	0.9998403	0.9998303		0.995	1_1	1_2	FALSE
S08.metabat2.4	S22.bam	F04.bam	0.9998593	0.9998493		0.807	1_1	1_2	FALSE
S08.metabat2.4	S22.bam	F07.bam	0.9990481	0.9990381		0.807	1_1	1_2	FALSE
S08.metabat2.4	S22.bam	F10.bam	0.9994221	0.9994121		0.802	1_1	1_2	FALSE
S08.metabat2.4	S22.bam	F15.bam	0.9995423	0.9995323		0.753	1_1	1_2	FALSE
S08.metabat2.4	S23.bam	F02.bam	0.9995324	0.9995224		0.788	1_1	1_2	FALSE
S08.metabat2.4	S23.bam	F04.bam	0.9990505	0.9990405		0.607	1_1	1_2	FALSE
S08.metabat2.4	S23.bam	F06.bam	0.9992164	0.9992064		0.579	1_1	1_2	FALSE
S08.metabat2.4	S23.bam	F07.bam	0.9997772	0.9997672		0.869	1_1	1_2	FALSE
S08.metabat2.4	S23.bam	F11.bam	0.9989416	0.9989316		0.532	1_1	1_2	FALSE
S08.metabat2.4	S23.bam	F12.bam	0.9992777	0.9992677		0.727	1_1	1_2	FALSE
S08.metabat2.4	S23.bam	F13.bam	0.9988419	0.9988319		0.54	1_1	1_2	FALSE
S08.metabat2.4	S23.bam	F15.bam	0.9993177	0.9993077		0.579	1_1	1_2	FALSE
S08.metabat2.4	S23.bam	F16.bam	0.9998673	0.9998573		0.8	1_1	1_2	FALSE
S08.metabat2.4	S24.bam	F05.bam	0.9989474	0.9989374		0.589	1_1	1_2	FALSE
S08.metabat2.4	S24.bam	F06.bam	0.9985286	0.9985186		0.922	1_1	1_2	FALSE
S08.metabat2.4	S24.bam	F07.bam	0.9992177	0.9992077		0.812	1_1	1_2	FALSE
S08.metabat2.4	S24.bam	F09.bam	0.998952	0.998942		0.696	1_1	1_2	FALSE
S08.metabat2.4	S24.bam	F10.bam	0.99965	0.99964		0.557	1_1	1_2	FALSE
S08.metabat2.4	S24.bam	F11.bam	0.9990952	0.9990852		0.802	1_1	1_2	FALSE
S08.metabat2.4	S24.bam	F12.bam	0.9996112	0.9996012		0.832	1_1	1_2	FALSE
S08.metabat2.4	S24.bam	F14.bam	0.9988278	0.9988178		0.794	1_1	1_2	FALSE
S08.metabat2.4	S24.bam	F15.bam	0.9994687	0.9994587		0.8	1_1	1_2	FALSE
S08.metabat2.4	S24.bam	F16.bam	0.9999412	0.9999312		0.633	1_1	1_2	FALSE
S08.metabat2.4	F01.bam	F02.bam	0.9999931	0.9999831		0.782	1_1	1_2	TRUE
S08.metabat2.4	F01.bam	F04.bam	0.9988544	0.9988444		0.78	1_1	1_2	FALSE
S08.metabat2.4	F01.bam	F07.bam	0.9988342	0.9988242		0.551	1_1	1_2	FALSE
S08.metabat2.4	F01.bam	F08.bam	0.9999957	0.9999857		0.548	1_1	1_2	TRUE
S08.metabat2.4	F01.bam	F09.bam	0.9987214	0.9987114		0.72	1_1	1_2	FALSE
S08.metabat2.4	F01.bam	F10.bam	0.9992975	0.9992875		0.665	1_1	1_2	FALSE
S08.metabat2.4	F01.bam	F12.bam	0.9996249	0.9996149		0.753	1_1	1_2	FALSE
S08.metabat2.4	F01.bam	F13.bam	0.9992836	0.9992736		0.712	1_1	1_2	FALSE
S08.metabat2.4	F01.bam	F14.bam	0.9987093	0.9986993		0.767	1_1	1_2	FALSE
S08.metabat2.4	F01.bam	F15.bam	0.9994086	0.9993986		0.697	1_1	1_2	FALSE
S08.metabat2.4	F01.bam	F16.bam	0.9994225	0.9994125		0.802	1_1	1_2	FALSE
S08.metabat2.4	F02.bam	F03.bam	0.999852	0.999842		0.598	1_1	1_2	FALSE
S08.metabat2.4	F02.bam	F05.bam	0.9992963	0.9992863		0.568	1_1	1_2	FALSE
S08.metabat2.4	F02.bam	F06.bam	0.9987932	0.9987832		0.577	1_1	1_2	FALSE
S08.metabat2.4	F02.bam	F07.bam	0.9985707	0.9985607		0.682	1_1	1_2	FALSE
S08.metabat2.4	F02.bam	F08.bam	0.9999263	0.9999163		0.709	1_1	1_2	FALSE
S08.metabat2.4	F02.bam	F09.bam	0.999111	0.999101		0.657	1_1	1_2	FALSE
S08.metabat2.4	F02.bam	F10.bam	0.9986597	0.9986497		0.618	1_1	1_2	FALSE
S08.metabat2.4	F02.bam	F11.bam	0.9998433	0.9998333		0.883	1_1	1_2	FALSE
S08.metabat2.4	F02.bam	F12.bam	0.9988089	0.9987989		0.714	1_1	1_2	FALSE
S08.metabat2.4	F02.bam	F14.bam	0.9989016	0.9988916		0.582	1_1	1_2	FALSE
S08.metabat2.4	F02.bam	F16.bam	0.9998435	0.9998335		0.715	1_1	1_2	FALSE
S08.metabat2.4	F03.bam	F04.bam	0.9989631	0.9989531		0.807	1_1	1_2	FALSE
S08.metabat2.4	F03.bam	F05.bam	0.9999991	0.9999891		0.603	1_1	1_2	TRUE
S08.metabat2.4	F03.bam	F07.bam	0.9986868	0.9986768		0.895	1_1	1_2	FALSE
S08.metabat2.4	F03.bam	F12.bam	0.9989849	0.9989749		0.864	1_1	1_2	FALSE
S08.metabat2.4	F03.bam	F13.bam	0.9988942	0.9988842		0.766	1_1	1_2	FALSE
S08.metabat2.4	F03.bam	F15.bam	0.9990687	0.9990587		0.706	1_1	1_2	FALSE
S08.metabat2.4	F03.bam	F16.bam	0.9995768	0.9995668		0.546	1_1	1_2	FALSE
S08.metabat2.4	F04.bam	F05.bam	0.9987899	0.9987799		0.611	1_1	1_2	FALSE
S08.metabat2.4	F04.bam	F07.bam	0.9999953	0.9999853		0.61	1_1	1_2	TRUE
S08.metabat2.4	F04.bam	F09.bam	0.999622	0.999612		0.989	1_1	1_2	FALSE
S08.metabat2.4	F04.bam	F12.bam	0.9990427	0.9990327		0.979	1_1	1_2	FALSE
S08.metabat2.4	F04.bam	F13.bam	0.9995389	0.9995289		0.802	1_1	1_2	FALSE
S08.metabat2.4	F04.bam	F14.bam	0.9993567	0.9993467		0.746	1_1	1_2	FALSE
S08.metabat2.4	F04.bam	F16.bam	0.9997033	0.9996933		0.579	1_1	1_2	FALSE
S08.metabat2.4	F05.bam	F07.bam	0.9991161	0.9991061		0.788	1_1	1_2	FALSE
S08.metabat2.4	F05.bam	F08.bam	0.9992597	0.9992497		0.638	1_1	1_2	FALSE
S08.metabat2.4	F05.bam	F09.bam	0.9987386	0.9987286		0.686	1_1	1_2	FALSE
S08.metabat2.4	F05.bam	F10.bam	0.9988175	0.9988075		0.99	1_1	1_2	FALSE
S08.metabat2.4	F05.bam	F11.bam	0.9993413	0.9993313		0.716	1_1	1_2	FALSE
S08.metabat2.4	F05.bam	F15.bam	0.9999962	0.9999862		0.862	1_1	1_2	TRUE
S08.metabat2.4	F05.bam	F16.bam	0.9987041	0.9986941		0.955	1_1	1_2	FALSE
S08.metabat2.4	F06.bam	F08.bam	0.9994405	0.9994305		0.862	1_1	1_2	FALSE
S08.metabat2.4	F06.bam	F09.bam	0.9986235	0.9986135		0.918	1_1	1_2	FALSE
S08.metabat2.4	F06.bam	F11.bam	0.9996443	0.9996343		0.724	1_1	1_2	FALSE
S08.metabat2.4	F06.bam	F12.bam	0.9987722	0.9987622		0.842	1_1	1_2	FALSE
S08.metabat2.4	F06.bam	F13.bam	0.9986301	0.9986201		0.81	1_1	1_2	FALSE
S08.metabat2.4	F06.bam	F14.bam	0.9991611	0.9991511		0.569	1_1	1_2	FALSE
S08.metabat2.4	F06.bam	F15.bam	0.9988284	0.9988184		0.927	1_1	1_2	FALSE
S08.metabat2.4	F08.bam	F10.bam	0.9992018	0.9991918		0.658	1_1	1_2	FALSE
S08.metabat2.4	F08.bam	F12.bam	0.9990382	0.9990282		0.816	1_1	1_2	FALSE
S08.metabat2.4	F08.bam	F15.bam	0.998953	0.998943		0.775	1_1	1_2	FALSE
S08.metabat2.4	F09.bam	F15.bam	0.9995601	0.9995501		0.981	1_1	1_2	FALSE
S08.metabat2.4	F10.bam	F11.bam	0.9999929	0.9999829		0.675	1_1	1_2	TRUE
S08.metabat2.4	F10.bam	F13.bam	0.9999951	0.9999851		0.581	1_1	1_2	TRUE
S08.metabat2.4	F10.bam	F15.bam	0.9999942	0.9999842		0.52	1_1	1_2	TRUE
S08.metabat2.4	F10.bam	F16.bam	0.9988221	0.9988121		0.855	1_1	1_2	FALSE
S08.metabat2.4	F12.bam	F16.bam	0.9999961	0.9999861		0.911	1_1	1_2	TRUE
S08.metabat2.4	F13.bam	F15.bam	0.9988734	0.9988634		0.529	1_1	1_2	FALSE
S20.metabat2.5	S01.bam	F01.bam	0.9987296	0.9987196		0.625	1_1	1_2	FALSE
S20.metabat2.5	S01.bam	F02.bam	0.9996028	0.9995928		0.715	1_1	1_2	FALSE
S20.metabat2.5	S01.bam	F04.bam	0.9988473	0.9988373		0.543	1_1	1_2	FALSE
S20.metabat2.5	S01.bam	F06.bam	0.9988463	0.9988363		0.749	1_1	1_2	FALSE
S20.metabat2.5	S01.bam	F08.bam	0.9993348	0.9993248		0.904	1_1	1_2	FALSE
S20.metabat2.5	S01.bam	F09.bam	0.9993785	0.9993685		0.789	1_1	1_2	FALSE
S20.metabat2.5	S01.bam	F11.bam	0.9994188	0.9994088		0.521	1_1	1_2	FALSE
S20.metabat2.5	S01.bam	F12.bam	0.9992731	0.9992631		0.766	1_1	1_2	FALSE
S20.metabat2.5	S01.bam	F15.bam	0.9999108	0.9999008		0.518	1_1	1_2	FALSE
S20.metabat2.5	S02.bam	F02.bam	0.9986606	0.9986506		0.919	1_1	1_2	FALSE
S20.metabat2.5	S02.bam	F05.bam	0.9996123	0.9996023		0.787	1_1	1_2	FALSE
S20.metabat2.5	S02.bam	F06.bam	0.9990457	0.9990357		0.838	1_1	1_2	FALSE
S20.metabat2.5	S02.bam	F08.bam	0.9988314	0.9988214		0.73	1_1	1_2	FALSE
S20.metabat2.5	S02.bam	F11.bam	0.9989745	0.9989645		0.551	1_1	1_2	FALSE
S20.metabat2.5	S02.bam	F12.bam	0.9988034	0.9987934		0.616	1_1	1_2	FALSE
S20.metabat2.5	S02.bam	F14.bam	0.9994521	0.9994421		0.645	1_1	1_2	FALSE
S20.metabat2.5	S02.bam	F15.bam	0.9989935	0.9989835		0.754	1_1	1_2	FALSE
S20.metabat2.5	S02.bam	F16.bam	0.9995877	0.9995777		0.971	1_1	1_2	FALSE
S20.metabat2.5	S03.bam	F01.bam	0.999636	0.999626		0.84	1_1	1_2	FALSE
S20.metabat2.5	S03.bam	F03.bam	0.9998258	0.9998158		0.877	1_1	1_2	FALSE
S20.metabat2.5	S03.bam	F04.bam	0.9992575	0.9992475		0.955	1_1	1_2	FALSE
S20.metabat2.5	S03.bam	F05.bam	0.9995617	0.9995517		0.598	1_1	1_2	FALSE
S20.metabat2.5	S03.bam	F06.bam	0.9993613	0.9993513		0.885	1_1	1_2	FALSE
S20.metabat2.5	S03.bam	F09.bam	0.9991771	0.9991671		0.853	1_1	1_2	FALSE
S20.metabat2.5	S03.bam	F10.bam	0.9985432	0.9985332		0.725	1_1	1_2	FALSE
S20.metabat2.5	S03.bam	F11.bam	0.9985874	0.9985774		0.761	1_1	1_2	FALSE
S20.metabat2.5	S03.bam	F13.bam	0.9985064	0.9984964		0.947	1_1	1_2	FALSE
S20.metabat2.5	S03.bam	F14.bam	0.9996465	0.9996365		0.677	1_1	1_2	FALSE
S20.metabat2.5	S03.bam	F15.bam	0.9996146	0.9996046		0.722	1_1	1_2	FALSE
S20.metabat2.5	S03.bam	F16.bam	0.9994433	0.9994333		0.767	1_1	1_2	FALSE
S20.metabat2.5	S04.bam	F03.bam	0.9987392	0.9987292		0.693	1_1	1_2	FALSE
S20.metabat2.5	S04.bam	F04.bam	0.998527	0.998517		0.714	1_1	1_2	FALSE
S20.metabat2.5	S04.bam	F07.bam	0.9994422	0.9994322		0.657	1_1	1_2	FALSE
S20.metabat2.5	S04.bam	F08.bam	0.9992402	0.9992302		0.977	1_1	1_2	FALSE
S20.metabat2.5	S04.bam	F13.bam	0.9993529	0.9993429		0.792	1_1	1_2	FALSE
S20.metabat2.5	S04.bam	F15.bam	0.9990855	0.9990755		0.622	1_1	1_2	FALSE
S20.metabat2.5	S04.bam	F16.bam	0.9993342	0.9993242		0.727	1_1	1_2	FALSE
S20.metabat2.5	S05.bam	F02.bam	0.9997977	0.9997877		0.695	1_1	1_2	FALSE
S20.metabat2.5	S05.bam	F03.bam	0.9997744	0.9997644		0.81	1_1	1_2	FALSE
S20.metabat2.5	S05.bam	F05.bam	0.9996716	0.9996616		0.607	1_1	1_2	FALSE
S20.metabat2.5	S05.bam	F06.bam	0.9985545	0.9985445		0.715	1_1	1_2	FALSE
S20.metabat2.5	S05.bam	F12.bam	0.9998399	0.9998299		0.552	1_1	1_2	FALSE
S20.metabat2.5	S05.bam	F14.bam	0.9997347	0.9997247		0.572	1_1	1_2	FALSE
S20.metabat2.5	S05.bam	F16.bam	0.9992255	0.9992155		0.626	1_1	1_2	FALSE
S20.metabat2.5	S06.bam	F01.bam	0.9988817	0.9988717		0.592	1_1	1_2	FALSE
S20.metabat2.5	S06.bam	F02.bam	0.9990905	0.9990805		0.557	1_1	1_2	FALSE
S20.metabat2.5	S06.bam	F04.bam	0.9994564	0.9994464		0.542	1_1	1_2	FALSE
S20.metabat2.5	S06.bam	F05.bam	0.9987488	0.9987388		0.579	1_1	1_2	FALSE
S20.metabat2.5	S06.bam	F06.bam	0.9991371	0.9991271		0.712	1_1	1_2	FALSE
S20.metabat2.5	S06.bam	F07.bam	0.9987953	0.9987853		0.733	1_1	1_2	FALSE
S20.metabat2.5	S06.bam	F08.bam	0.9993344	0.9993244		0.739	1_1	1_2	FALSE
S20.metabat2.5	S06.bam	F09.bam	0.9990674	0.9990574		0.721	1_1	1_2	FALSE
S20.metabat2.5	S06.bam	F10.bam	0.9991478	0.9991378		0.598	1_1	1_2	FALSE
S20.metabat2.5	S06.bam	F11.bam	0.9988707	0.9988607		0.831	1_1	1_2	FALSE
S20.metabat2.5	S06.bam	F12.bam	0.9987093	0.9986993		0.58	1_1	1_2	FALSE
S20.metabat2.5	S06.bam	F14.bam	0.9993428	0.9993328		0.863	1_1	1_2	FALSE
S20.metabat2.5	S06.bam	F16.bam	0.9997111	0.9997011		0.86	1_1	1_2	FALSE
S20.metabat2.5	S07.bam	F02.bam	0.9994778	0.9994678		0.938	1_1	1_2	FALSE
S20.metabat2.5	S07.bam	F03.bam	0.9992654	0.9992554		0.709	1_1	1_2	FALSE
S20.metabat2.5	S07.bam	F05.bam	0.9993589	0.9993489		0.632	1_1	1_2	FALSE
S20.metabat2.5	S07.bam	F06.bam	0.9996128	0.9996028		0.527	1_1	1_2	FALSE
S20.metabat2.5	S07.bam	F08.bam	0.9994686	0.9994586		0.85	1_1	1_2	FALSE
S20.metabat2.5	S07.bam	F10.bam	0.9986553	0.9986453		0.912	1_1	1_2	FALSE
S20.metabat2.5	S07.bam	F11.bam	0.9996292	0.9996192		0.725	1_1	1_2	FALSE
S20.metabat2.5	S07.bam	F12.bam	0.9997014	0.9996914		0.631	1_1	1_2	FALSE
S20.metabat2.5	S08.bam	F05.bam	0.999003	0.998993		0.671	1_1	1_2	FALSE
S20.metabat2.5	S08.bam	F07.bam	0.9987733	0.9987633		0.569	1_1	1_2	FALSE
S20.metabat2.5	S08.bam	F08.bam	0.9993933	0.9993833		0.809	1_1	1_2	FALSE
S20.metabat2.5	S08.bam	F11.bam	0.9986051	0.9985951		0.702	1_1	1_2	FALSE
S20.metabat2.5	S08.bam	F12.bam	0.99942	0.99941		0.663	1_1	1_2	FALSE
S20.metabat2.5	S08.bam	F13.bam	0.9985626	0.9985526		0.764	1_1	1_2	FALSE
S20.metabat2.5	S09.bam	F03.bam	0.9986701	0.9986601		0.874	1_1	1_2	FALSE
S20.metabat2.5	S09.bam	F05.bam	0.9989268	0.9989168		0.739	1_1	1_2	FALSE
S20.metabat2.5	S09.bam	F06.bam	0.9990423	0.9990323		0.867	1_1	1_2	FALSE
S20.metabat2.5	S09.bam	F07.bam	0.9993733	0.9993633		0.758	1_1	1_2	FALSE
S20.metabat2.5	S09.bam	F09.bam	0.999523	0.999513		0.775	1_1	1_2	FALSE
S20.metabat2.5	S09.bam	F10.bam	0.9987772	0.9987672		0.791	1_1	1_2	FALSE
S20.metabat2.5	S09.bam	F11.bam	0.9987937	0.9987837		0.673	1_1	1_2	FALSE
S20.metabat2.5	S09.bam	F12.bam	0.9993807	0.9993707		0.66	1_1	1_2	FALSE
S20.metabat2.5	S09.bam	F13.bam	0.9990071	0.9989971		0.564	1_1	1_2	FALSE
S20.metabat2.5	S09.bam	F16.bam	0.9987703	0.9987603		0.582	1_1	1_2	FALSE
S20.metabat2.5	S10.bam	F01.bam	0.9995198	0.9995098		0.854	1_1	1_2	FALSE
S20.metabat2.5	S10.bam	F03.bam	0.9991252	0.9991152		0.983	1_1	1_2	FALSE
S20.metabat2.5	S10.bam	F06.bam	0.9991579	0.9991479		0.707	1_1	1_2	FALSE
S20.metabat2.5	S10.bam	F07.bam	0.9993707	0.9993607		0.555	1_1	1_2	FALSE
S20.metabat2.5	S10.bam	F11.bam	0.9997061	0.9996961		0.537	1_1	1_2	FALSE
S20.metabat2.5	S10.bam	F13.bam	0.9990158	0.9990058		0.77	1_1	1_2	FALSE
S20.metabat2.5	S10.bam	F14.bam	0.999407	0.999397		0.727	1_1	1_2	FALSE
S20.metabat2.5	S10.bam	F15.bam	0.9993529	0.9993429		0.573	1_1	1_2	FALSE
S20.metabat2.5	S11.bam	F01.bam	0.9999094	0.9998994		0.871	1_1	1_2	FALSE
S20.metabat2.5	S11.bam	F03.bam	0.9996111	0.9996011		0.656	1_1	1_2	FALSE
S20.metabat2.5	S11.bam	F07.bam	0.9999531	0.9999431		0.775	1_1	1_2	FALSE
S20.metabat2.5	S11.bam	F09.bam	0.9985732	0.9985632		0.601	1_1	1_2	FALSE
S20.metabat2.5	S11.bam	F10.bam	0.9999266	0.9999166		0.58	1_1	1_2	FALSE
S20.metabat2.5	S11.bam	F11.bam	0.9998121	0.9998021		0.638	1_1	1_2	FALSE
S20.metabat2.5	S11.bam	F13.bam	0.9999378	0.9999278		0.996	1_1	1_2	FALSE
S20.metabat2.5	S11.bam	F14.bam	0.9987982	0.9987882		0.825	1_1	1_2	FALSE
S20.metabat2.5	S11.bam	F16.bam	0.999713	0.999703		0.839	1_1	1_2	FALSE
S20.metabat2.5	S12.bam	F01.bam	0.9985581	0.9985481		0.504	1_1	1_2	FALSE
S20.metabat2.5	S12.bam	F04.bam	0.9988234	0.9988134		0.703	1_1	1_2	FALSE
S20.metabat2.5	S12.bam	F07.bam	0.9988395	0.9988295		0.969	1_1	1_2	FALSE
S20.metabat2.5	S12.bam	F10.bam	0.9998724	0.9998624		0.948	1_1	1_2	FALSE
S20.metabat2.5	S12.bam	F11.bam	0.9993001	0.9992901		0.777	1_1	1_2	FALSE
S20.metabat2.5	S12.bam	F13.bam	0.9986475	0.9986375		0.951	1_1	1_2	FALSE
S20.metabat2.5	S13.bam	F03.bam	0.9992846	0.9992746		0.884	1_1	1_2	FALSE
S20.metabat2.5	S13.bam	F04.bam	0.9995088	0.9994988		0.77	1_1	1_2	FALSE
S20.metabat2.5	S13.bam	F05.bam	0.9999236	0.9999136		0.966	1_1	1_2	FALSE
S20.metabat2.5	S13.bam	F06.bam	0.9992557	0.9992457		0.994	1_1	1_2	FALSE
S20.metabat2.5	S13.bam	F12.bam	0.9987008	0.9986908		0.868	1_1	1_2	FALSE
S20.metabat2.5	S13.bam	F14.bam	0.9998868	0.9998768		0.796	1_1	1_2	FALSE
S20.metabat2.5	S14.bam	F01.bam	0.9989451	0.9989351		0.603	1_1	1_2	FALSE
S20.metabat2.5	S14.bam	F02.bam	0.9991408	0.9991308		0.739	1_1	1_2	FALSE
S20.metabat2.5	S14.bam	F07.bam	0.9992772	0.9992672		0.834	1_1	1_2	FALSE
S20.metabat2.5	S14.bam	F08.bam	0.9989743	0.9989643		0.686	1_1	1_2	FALSE
S20.metabat2.5	S14.bam	F09.bam	0.999493	0.999483		0.667	1_1	1_2	FALSE
S20.metabat2.5	S14.bam	F12.bam	0.9990792	0.9990692		0.518	1_1	1_2	FALSE
S20.metabat2.5	S14.bam	F16.bam	0.9988001	0.9987901		0.878	1_1	1_2	FALSE
S20.metabat2.5	S15.bam	F04.bam	0.9989621	0.9989521		0.731	1_1	1_2	FALSE
S20.metabat2.5	S15.bam	F08.bam	0.9991321	0.9991221		0.513	1_1	1_2	FALSE
S20.metabat2.5	S15.bam	F09.bam	0.9985348	0.9985248		0.706	1_1	1_2	FALSE
S20.metabat2.5	S16.bam	F02.bam	0.9992647	0.9992547		0.713	1_1	1_2	FALSE
S20.metabat2.5	S16.bam	F03.bam	0.9988618	0.9988518		0.899	1_1	1_2	FALSE
S20.metabat2.5	S16.bam	F08.bam	0.9995642	0.9995542		0.806	1_1	1_2	FALSE
S20.metabat2.5	S16.bam	F09.bam	0.999608	0.999598		0.72	1_1	1_2	FALSE
S20.metabat2.5	S16.bam	F10.bam	0.9988818	0.9988718		0.989	1_1	1_2	FALSE
S20.metabat2.5	S16.bam	F12.bam	0.9990978	0.9990878		0.51	1_1	1_2	FALSE
S20.metabat2.5	S16.bam	F13.bam	0.9987662	0.9987562		0.644	1_1	1_2	FALSE
S20.metabat2.5	S16.bam	F16.bam	0.9992059	0.9991959		0.687	1_1	1_2	FALSE
S20.metabat2.5	S17.bam	F06.bam	0.9997729	0.9997629		0.941	1_1	1_2	FALSE
S20.metabat2.5	S17.bam	F07.bam	0.9995915	0.9995815		0.915	1_1	1_2	FALSE
S20.metabat2.5	S17.bam	F08.bam	0.9992052	0.9991952		0.972	1_1	1_2	FALSE
S20.metabat2.5	S17.bam	F09.bam	0.9994096	0.9993996		0.683	1_1	1_2	FALSE
S20.metabat2.5	S17.bam	F11.bam	0.9987171	0.9987071		0.913	1_1	1_2	FALSE
S20.metabat2.5	S18.bam	F01.bam	0.9993679	0.9993579		0.814	1_1	1_2	FALSE
S20.metabat2.5	S18.bam	F05.bam	0.9996911	0.9996811		0.625	1_1	1_2	FALSE
S20.metabat2.5	S18.bam	F06.bam	0.9999589	0.9999489		0.614	1_1	1_2	FALSE
S20.metabat2.5	S18.bam	F07.bam	0.9993917	0.9993817		0.861	1_1	1_2	FALSE
S20.metabat2.5	S18.bam	F09.bam	0.9993345	0.9993245		0.611	1_1	1_2	FALSE
S20.metabat2.5	S18.bam	F11.bam	0.9994459	0.9994359		0.924	1_1	1_2	FALSE
S20.metabat2.5	S18.bam	F12.bam	0.9996663	0.9996563		0.629	1_1	1_2	FALSE
S20.metabat2.5	S18.bam	F13.bam	0.9994491	0.9994391		0.76	1_1	1_2	FALSE
S20.metabat2.5	S18.bam	F15.bam	0.9986795	0.9986695		0.52	1_1	1_2	FALSE
S20.metabat2.5	S18.bam	F16.bam	0.9989536	0.9989436		0.667	1_1	1_2	FALSE
S20.metabat2.5	S19.bam	F04.bam	0.9993878	0.9993778		0.966	1_1	1_2	FALSE
S20.metabat2.5	S19.bam	F05.bam	0.9990784	0.9990684		0.703	1_1	1_2	FALSE
S20.metabat2.5	S19.bam	F07.bam	0.9994127	0.9994027		0.92	1_1	1_2	FALSE
S20.metabat2.5	S19.bam	F08.bam	0.9997534	0.9997434		0.517	1_1	1_2	FALSE
S20.metabat2.5	S19.bam	F09.bam	0.9999155	0.9999055		0.816	1_1	1_2	FALSE
S20.metabat2.5	S19.bam	F10.bam	0.9986601	0.9986501		0.873	1_1	1_2	FALSE
S20.metabat2.5	S19.bam	F11.bam	0.9985761	0.9985661		0.741	1_1	1_2	FALSE
S20.metabat2.5	S19.bam	F12.bam	0.9999633	0.9999533		0.983	1_1	1_2	FALSE
S20.metabat2.5	S19.bam	F14.bam	0.9997936	0.9997836		0.818	1_1	1_2	FALSE
S20.metabat2.5	S20.bam	F01.bam	0.9993316	0.9993216		0.534	1_1	1_2	FALSE
S20.metabat2.5	S20.bam	F03.bam	0.9991318	0.9991218		0.991	1_1	1_2	FALSE
S20.metabat2.5	S20.bam	F04.bam	0.9992114	0.9992014		0.826	1_1	1_2	FALSE
S20.metabat2.5	S20.bam	F05.bam	0.9987696	0.9987596		0.535	1_1	1_2	FALSE
S20.metabat2.5	S20.bam	F07.bam	0.9990911	0.9990811		0.61	1_1	1_2	FALSE
S20.metabat2.5	S20.bam	F11.bam	0.9987536	0.9987436		0.551	1_1	1_2	FALSE
S20.metabat2.5	S20.bam	F12.bam	0.9991045	0.9990945		0.902	1_1	1_2	FALSE
S20.metabat2.5	S21.bam	F02.bam	0.9997276	0.9997176		0.792	1_1	1_2	FALSE
S20.metabat2.5	S21.bam	F04.bam	0.9985135	0.9985035		0.809	1_1	1_2	FALSE
S20.metabat2.5	S21.bam	F07.bam	0.9998895	0.9998795		0.945	1_1	1_2	FALSE
S20.metabat2.5	S21.bam	F09.bam	0.9997194	0.9997094		0.673	1_1	1_2	FALSE
S20.metabat2.5	S21.bam	F11.bam	0.9989971	0.9989871		0.889	1_1	1_2	FALSE
S20.metabat2.5	S21.bam	F13.bam	0.9993021	0.9992921		0.504	1_1	1_2	FALSE
S20.metabat2.5	S22.bam	F01.bam	0.9989482	0.9989382		0.94	1_1	1_2	FALSE
S20.metabat2.5	S22.bam	F03.bam	0.9994102	0.9994002		0.872	1_1	1_2	FALSE
S20.metabat2.5	S22.bam	F05.bam	0.9998312	0.9998212		0.514	1_1	1_2	FALSE
S20.metabat2.5	S22.bam	F06.bam	0.9996847	0.9996747		0.764	1_1	1_2	FALSE
S20.metabat2.5	S22.bam	F09.bam	0.9985169	0.9985069		0.626	1_1	1_2	FALSE
S20.metabat2.5	S22.bam	F10.bam	0.9996607	0.9996507		0.68	1_1	1_2	FALSE
S20.metabat2.5	S22.bam	F13.bam	0.9988855	0.9988755		0.73	1_1	1_2	FALSE
S20.metabat2.5	S22.bam	F14.bam	0.9994023	0.9993923		0.705	1_1	1_2	FALSE
S20.metabat2.5	S22.bam	F15.bam	0.9987613	0.9987513		0.654	1_1	1_2	FALSE
S20.metabat2.5	S23.bam	F02.bam	0.9989034	0.9988934		0.517	1_1	1_2	FALSE
S20.metabat2.5	S23.bam	F03.bam	0.9986986	0.9986886		0.705	1_1	1_2	FALSE
S20.metabat2.5	S23.bam	F05.bam	0.9987125	0.9987025		0.971	1_1	1_2	FALSE
S20.metabat2.5	S23.bam	F10.bam	0.999786	0.999776		0.886	1_1	1_2	FALSE
S20.metabat2.5	S23.bam	F11.bam	0.9987695	0.9987595		0.872	1_1	1_2	FALSE
S20.metabat2.5	S24.bam	F01.bam	0.9995777	0.9995677		0.703	1_1	1_2	FALSE
S20.metabat2.5	S24.bam	F02.bam	0.9998936	0.9998836		0.84	1_1	1_2	FALSE
S20.metabat2.5	S24.bam	F03.bam	0.9988849	0.9988749		0.607	1_1	1_2	FALSE
S20.metabat2.5	S24.bam	F04.bam	0.9993263	0.9993163		0.881	1_1	1_2	FALSE
S20.metabat2.5	S24.bam	F07.bam	0.9995662	0.9995562		0.821	1_1	1_2	FALSE
S20.metabat2.5	S24.bam	F10.bam	0.9999651	0.9999551		0.876	1_1	1_2	FALSE
S20.metabat2.5	S24.bam	F12.bam	0.99877	0.99876		0.888	1_1	1_2	FALSE
S20.metabat2.5	S24.bam	F13.bam	0.9987651	0.9987551		0.825	1_1	1_2	FALSE
S20.metabat2.5	S24.bam	F14.bam	0.9989643	0.9989543		0.53	1_1	1_2	FALSE
S20.metabat2.5	F01.bam	F02.bam	0.9999982	0.9999882		0.998	1_1	1_2	TRUE
S20.metabat2.5	F01.bam	F05.bam	0.9991258	0.9991158		0.956	1_1	1_2	FALSE
S20.metabat2.5	F01.bam	F06.bam	0.9988864	0.9988764		0.826	1_1	1_2	FALSE
S20.metabat2.5	F01.bam	F07.bam	0.9989286	0.9989186		0.635	1_1	1_2	FALSE
S20.metabat2.5	F01.bam	F09.bam	0.9992745	0.9992645		0.589	1_1	1_2	FALSE
S20.metabat2.5	F01.bam	F14.bam	0.9994387	0.9994287		0.721	1_1	1_2	FALSE
S20.metabat2.5	F02.bam	F07.bam	0.9988296	0.9988196		0.66	1_1	1_2	FALSE
S20.metabat2.5	F02.bam	F08.bam	0.9992139	0.9992039		0.608	1_1	1_2	FALSE
S20.metabat2.5	F02.bam	F10.bam	0.9986187	0.9986087		0.51	1_1	1_2	FALSE
S20.metabat2.5	F02.bam	F12.bam	0.9996881	0.9996781		0.579	1_1	1_2	FALSE
S20.metabat2.5	F02.bam	F13.bam	0.9997854	0.9997754		0.928	1_1	1_2	FALSE
S20.metabat2.5	F02.bam	F14.bam	0.9999368	0.9999268		0.581	1_1	1_2	FALSE
S20.metabat2.5	F02.bam	F16.bam	0.9998126	0.9998026		0.824	1_1	1_2	FALSE
S20.metabat2.5	F03.bam	F04.bam	0.999228	0.999218		0.732	1_1	1_2	FALSE
S20.metabat2.5	F03.bam	F05.bam	0.9997919	0.9997819		0.886	1_1	1_2	FALSE
S20.metabat2.5	F03.bam	F07.bam	0.9985639	0.9985539		0.711	1_1	1_2	FALSE
S20.metabat2.5	F03.bam	F14.bam	0.9989086	0.9988986		0.505	1_1	1_2	FALSE
S20.metabat2.5	F04.bam	F05.bam	0.9986735	0.9986635		0.919	1_1	1_2	FALSE
S20.metabat2.5	F04.bam	F08.bam	0.9999978	0.9999878		0.855	1_1	1_2	TRUE
S20.metabat2.5	F04.bam	F09.bam	0.999972	0.999962		0.559	1_1	1_2	FALSE
S20.metabat2.5	F04.bam	F13.bam	0.9991916	0.9991816		0.837	1_1	1_2	FALSE
S20.metabat2.5	F04.bam	F15.bam	0.9990452	0.9990352		0.701	1_1	1_2	FALSE
S20.metabat2.5	F05.bam	F06.bam	0.9999972	0.9999872		0.912	1_1	1_2	TRUE
S20.metabat2.5	F05.bam	F08.bam	0.9992646	0.9992546		0.529	1_1	1_2	FALSE
S20.metabat2.5	F05.bam	F09.bam	0.9989733	0.9989633		0.734	1_1	1_2	FALSE
S20.metabat2.5	F05.bam	F10.bam	0.9986716	0.9986616		0.721	1_1	1_2	FALSE
S20.metabat2.5	F05.bam	F12.bam	0.9997589	0.9997489		0.524	1_1	1_2	FALSE
S20.metabat2.5	F05.bam	F13.bam	0.9999685	0.9999585		0.903	1_1	1_2	FALSE
S20.metabat2.5	F05.bam	F14.bam	0.9992137	0.9992037		0.679	1_1	1_2	FALSE
S20.metabat2.5	F05.bam	F15.bam	0.9988095	0.9987995		0.738	1_1	1_2	FALSE
S20.metabat2.5	F06.bam	F08.bam	0.999991	0.999981		0.664	1_1	1_2	TRUE
S20.metabat2.5	F06.bam	F09.bam	0.9995778	0.9995678		0.939	1_1	1_2	FALSE
S20.metabat2.5	F06.bam	F13.bam	0.9995779	0.9995679		0.604	1_1	1_2	FALSE
S20.metabat2.5	F07.bam	F08.bam	0.9997189	0.9997089		0.553	1_1	1_2	FALSE
S20.metabat2.5	F07.bam	F09.bam	0.9986023	0.9985923		0.666	1_1	1_2	FALSE
S20.metabat2.5	F07.bam	F11.bam	0.9994015	0.9993915		0.647	1_1	1_2	FALSE
S20.metabat2.5	F07.bam	F13.bam	0.9993729	0.9993629		0.763	1_1	1_2	FALSE
S20.metabat2.5	F07.bam	F14.bam	0.9998298	0.9998198		0.828	1_1	1_2	FALSE
S20.metabat2.5	F07.bam	F16.bam	0.9985481	0.9985381		0.738	1_1	1_2	FALSE
S20.metabat2.5	F08.bam	F09.bam	0.9996998	0.9996898		0.891	1_1	1_2	FALSE
S20.metabat2.5	F08.bam	F10.bam	0.9989639	0.9989539		0.718	1_1	1_2	FALSE
S20.metabat2.5	F08.bam	F12.bam	0.9996806	0.9996706		0.812	1_1	1_2	FALSE
S20.metabat2.5	F08.bam	F13.bam	0.9996231	0.9996131		0.748	1_1	1_2	FALSE
S20.metabat2.5	F08.bam	F14.bam	0.9992667	0.9992567		0.904	1_1	1_2	FALSE
S20.metabat2.5	F09.bam	F11.bam	0.9991622	0.9991522		0.744	1_1	1_2	FALSE
S20.metabat2.5	F09.bam	F12.bam	0.9998487	0.9998387		0.619	1_1	1_2	FALSE
S20.metabat2.5	F09.bam	F13.bam	0.9987986	0.9987886		0.553	1_1	1_2	FALSE
S20.metabat2.5	F09.bam	F15.bam	0.9986186	0.9986086		0.817	1_1	1_2	FALSE
S20.metabat2.5	F10.bam	F11.bam	0.9989504	0.9989404		0.569	1_1	1_2	FALSE
S20.metabat2.5	F10.bam	F12.bam	0.9999932	0.9999832		0.613	1_1	1_2	TRUE
S20.metabat2.5	F10.bam	F15.bam	0.9992321	0.9992221		0.518	1_1	1_2	FALSE
S20.metabat2.5	F10.bam	F16.bam	0.9987159	0.9987059		0.739	1_1	1_2	FALSE
S20.metabat2.5	F11.bam	F16.bam	0.9999979	0.9999879		0.964	1_1	1_2	TRUE
S20.metabat2.5	F12.bam	F15.bam	0.9990144	0.9990044		0.57	1_1	1_2	FALSE
S20.metabat2.5	F13.bam	F15.bam	0.9999949	0.9999849		0.567	1_1	1_2	TRUE
S20.metabat2.5	F15.bam	F16.bam	0.9993145	0.9993045		0.57	1_1	1_2	FALSE
S10.metabat2.6	S01.bam	F02.bam	0.998886	0.998876		0.605	1_1	1_2	FALSE
S10.metabat2.6	S01.bam	F03.bam	0.9999726	0.9999626		0.517	1_1	1_2	FALSE
S10.metabat2.6	S01.bam	F04.bam	0.9997746	0.9997646		0.778	1_1	1_2	FALSE
S10.metabat2.6	S01.bam	F05.bam	0.9996623	0.9996523		0.524	1_1	1_2	FALSE
S10.metabat2.6	S01.bam	F06.bam	0.999835	0.999825		0.687	1_1	1_2	FALSE
S10.metabat2.6	S01.bam	F08.bam	0.9991804	0.9991704		0.54	1_1	1_2	FALSE
S10.metabat2.6	S01.bam	F09.bam	0.9989134	0.9989034		0.675	1_1	1_2	FALSE
S10.metabat2.6	S01.bam	F13.bam	0.9989365	0.9989265		0.688	1_1	1_2	FALSE
S10.metabat2.6	S01.bam	F15.bam	0.999186	0.999176		0.745	1_1	1_2	FALSE
S10.metabat2.6	S02.bam	F01.bam	0.9994813	0.9994713		0.6	1_1	1_2	FALSE
S10.metabat2.6	S02.bam	F04.bam	0.9997211	0.9997111		0.968	1_1	1_2	FALSE
S10.metabat2.6	S02.bam	F07.bam	0.9999296	0.9999196		0.677	1_1	1_2	FALSE
S10.metabat2.6	S02.bam	F09.bam	0.9988196	0.9988096		0.941	1_1	1_2	FALSE
S10.metabat2.6	S02.bam	F10.bam	0.9985119	0.9985019		0.668	1_1	1_2	FALSE
S10.metabat2.6	S02.bam	F12.bam	0.9994039	0.9993939		0.96	1_1	1_2	FALSE
S10.metabat2.6	S02.bam	F14.bam	0.9988506	0.9988406		0.845	1_1	1_2	FALSE
S10.metabat2.6	S02.bam	F15.bam	0.9990421	0.9990321		0.79	1_1	1_2	FALSE
S10.metabat2.6	S03.bam	F01.bam	0.9985013	0.9984913		0.586	1_1	1_2	FALSE
S10.metabat2.6	S03.bam	F02.bam	0.9992786	0.9992686		0.645	1_1	1_2	FALSE
S10.metabat2.6	S03.bam	F03.bam	0.9994526	0.9994426		0.832	1_1	1_2	FALSE
S10.metabat2.6	S03.bam	F05.bam	0.9997015	0.9996915		0.759	1_1	1_2	FALSE
S10.metabat2.6	S03.bam	F06.bam	0.9993765	0.9993665		0.549	1_1	1_2	FALSE
S10.metabat2.6	S03.bam	F07.bam	0.9990071	0.9989971		0.758	1_1	1_2	FALSE
S10.metabat2.6	S03.bam	F08.bam	0.9988954	0.9988854		0.506	1_1	1_2	FALSE
S10.metabat2.6	S03.bam	F09.bam	0.9986752	0.9986652		0.6	1_1	1_2	FALSE
S10.metabat2.6	S03.bam	F10.bam	0.9987181	0.9987081		0.998	1_1	1_2	FALSE
S10.metabat2.6	S03.bam	F13.bam	0.9989717	0.9989617		0.941	1_1	1_2	FALSE
S10.metabat2.6	S03.bam	F16.bam	0.9986857	0.9986757		0.889	1_1	1_2	FALSE
S10.metabat2.6	S04.bam	F06.bam	0.9999205	0.9999105		0.604	1_1	1_2	FALSE
S10.metabat2.6	S04.bam	F07.bam	0.9996651	0.9996551		0.971	1_1	1_2	FALSE
S10.metabat2.6	S04.bam	F08.bam	0.9998484	0.9998384		0.785	1_1	1_2	FALSE
S10.metabat2.6	S04.bam	F10.bam	0.9988803	0.9988703		0.918	1_1	1_2	FALSE
S10.metabat2.6	S04.bam	F15.bam	0.9999146	0.9999046		0.53	1_1	1_2	FALSE
S10.metabat2.6	S04.bam	F16.bam	0.9987227	0.9987127		0.748	1_1	1_2	FALSE
S10.metabat2.6	S05.bam	F01.bam	0.9998903	0.9998803		0.582	1_1	1_2	FALSE
S10.metabat2.6	S05.bam	F02.bam	0.9998854	0.9998754		0.801	1_1	1_2	FALSE
S10.metabat2.6	S05.bam	F03.bam	0.9992662	0.9992562		0.733	1_1	1_2	FALSE
S10.metabat2.6	S05.bam	F08.bam	0.9998909	0.9998809		0.769	1_1	1_2	FALSE
S10.metabat2.6	S05.bam	F10.bam	0.9996125	0.9996025		0.584	1_1	1_2	FALSE
S10.metabat2.6	S05.bam	F12.bam	0.9991416	0.9991316		0.884	1_1	1_2	FALSE
S10.metabat2.6	S05.bam	F13.bam	0.9986746	0.9986646		0.797	1_1	1_2	FALSE
S10.metabat2.6	S05.bam	F14.bam	0.999718	0.999708		0.859	1_1	1_2	FALSE
S10.metabat2.6	S05.bam	F16.bam	0.9985284	0.9985184		0.971	1_1	1_2	FALSE
S10.metabat2.6	S06.bam	F04.bam	0.9995936	0.9995836		0.701	1_1	1_2	FALSE
S10.metabat2.6	S06.bam	F13.bam	0.9988433	0.9988333		0.87	1_1	1_2	FALSE
S10.metabat2.6	S06.bam	F15.bam	0.9999768	0.9999668		0.843	1_1	1_2	FALSE
S10.metabat2.6	S06.bam	F16.bam	0.999548	0.999538		0.888	1_1	1_2	FALSE
S10.metabat2.6	S07.bam	F01.bam	0.999993	0.999983		0.762	1_1	1_2	TRUE
S10.metabat2.6	S07.bam	F02.bam	0.9995106	0.9995006		0.8	1_1	1_2	FALSE
S10.metabat2.6	S07.bam	F03.bam	0.9998174	0.9998074		0.711	1_1	1_2	FALSE
S10.metabat2.6	S07.bam	F04.bam	0.999786	0.999776		0.957	1_1	1_2	FALSE
S10.metabat2.6	S07.bam	F08.bam	0.9990951	0.9990851		0.56	1_1	1_2	FALSE
S10.metabat2.6	S07.bam	F11.bam	0.9990651	0.9990551		0.812	1_1	1_2	FALSE
S10.metabat2.6	S07.bam	F12.bam	0.9990325	0.9990225		0.862	1_1	1_2	FALSE
S10.metabat2.6	S07.bam	F14.bam	0.9998407	0.9998307		0.955	1_1	1_2	FALSE
S10.metabat2.6	S07.bam	F15.bam	0.9996097	0.9995997		0.639	1_1	1_2	FALSE
S10.metabat2.6	S08.bam	F02.bam	0.9996677	0.9996577		0.702	1_1	1_2	FALSE
S10.metabat2.6	S08.bam	F03.bam	0.999506	0.999496		0.525	1_1	1_2	FALSE
S10.metabat2.6	S08.bam	F04.bam	0.9997637	0.9997537		0.766	1_1	1_2	FALSE
S10.metabat2.6	S08.bam	F06.bam	0.9990618	0.9990518		0.537	1_1	1_2	FALSE
S10.metabat2.6	S08.bam	F07.bam	0.9994249	0.9994149		0.837	1_1	1_2	FALSE
S10.metabat2.6	S08.bam	F10.bam	0.9996785	0.9996685		0.566	1_1	1_2	FALSE
S10.metabat2.6	S08.bam	F11.bam	0.9993886	0.9993786		0.705	1_1	1_2	FALSE
S10.metabat2.6	S08.bam	F13.bam	0.9996683	0.9996583		0.786	1_1	1_2	FALSE
S10.metabat2.6	S08.bam	F14.bam	0.9995697	0.9995597		0.58	1_1	1_2	FALSE
S10.metabat2.6	S09.bam	F01.bam	0.9986729	0.9986629		0.717	1_1	1_2	FALSE
S10.metabat2.6	S09.bam	F02.bam	0.9995632	0.9995532		0.588	1_1	1_2	FALSE
S10.metabat2.6	S09.bam	F06.bam	0.9986163	0.9986063		0.877	1_1	1_2	FALSE
S10.metabat2.6	S09.bam	F08.bam	0.9987985	0.9987885		0.663	1_1	1_2	FALSE
S10.metabat2.6	S09.bam	F09.bam	0.998978	0.998968		0.501	1_1	1_2	FALSE
S10.metabat2.6	S09.bam	F12.bam	0.9995325	0.9995225		0.806	1_1	1_2	FALSE
S10.metabat2.6	S09.bam	F15.bam	0.9986936	0.9986836		0.978	1_1	1_2	FALSE
S10.metabat2.6	S09.bam	F16.bam	0.9992937	0.9992837		0.895	1_1	1_2	FALSE
S10.metabat2.6	S10.bam	F04.bam	0.9987323	0.9987223		0.886	1_1	1_2	FALSE
S10.metabat2.6	S10.bam	F06.bam	0.9997827	0.9997727		0.891	1_1	1_2	FALSE
S10.metabat2.6	S10.bam	F08.bam	0.9987653	0.9987553		0.574	1_1	1_2	FALSE
S10.metabat2.6	S10.bam	F09.bam	0.9995975	0.9995875		0.671	1_1	1_2	FALSE
S10.metabat2.6	S10.bam	F10.bam	0.9991016	0.9990916		0.817	1_1	1_2	FALSE
S10.metabat2.6	S10.bam	F11.bam	0.9999349	0.9999249		0.596	1_1	1_2	FALSE
S10.metabat2.6	S10.bam	F12.bam	0.9997872	0.9997772		0.848	1_1	1_2	FALSE
S10.metabat2.6	S10.bam	F13.bam	0.9989674	0.9989574		0.635	1_1	1_2	FALSE
S10.metabat2.6	S10.bam	F14.bam	0.9990536	0.9990436		0.524	1_1	1_2	FALSE
S10.metabat2.6	S10.bam	F16.bam	0.9991429	0.9991329		0.917	1_1	1_2	FALSE
S10.metabat2.6	S11.bam	F01.bam	0.9993351	0.9993251		0.75	1_1	1_2	FALSE
S10.metabat2.6	S11.bam	F02.bam	0.9985526	0.9985426		0.504	1_1	1_2	FALSE
S10.metabat2.6	S11.bam	F03.bam	0.9999134	0.9999034		0.699	1_1	1_2	FALSE
S10.metabat2.6	S11.bam	F04.bam	0.9990142	0.9990042		0.816	1_1	1_2	FALSE
S10.metabat2.6	S11.bam	F05.bam	0.9985474	0.9985374		0.588	1_1	1_2	FALSE
S10.metabat2.6	S11.bam	F06.bam	0.9992573	0.9992473		0.676	1_1	1_2	FALSE
S10.metabat2.6	S11.bam	F09.bam	0.9990707	0.9990607		0.96	1_1	1_2	FALSE
S10.metabat2.6	S11.bam	F12.bam	0.9990286	0.9990186		0.8	1_1	1_2	FALSE
S10.metabat2.6	S11.bam	F14.bam	0.9995505	0.9995405		0.966	1_1	1_2	FALSE
S10.metabat2.6	S11.bam	F16.bam	0.9991652	0.9991552		0.948	1_1	1_2	FALSE
S10.metabat2.6	S12.bam	F03.bam	0.9989081	0.9988981		0.543	1_1	1_2	FALSE
S10.metabat2.6	S12.bam	F04.bam	0.9997583	0.9997483		0.888	1_1	1_2	FALSE
S10.metabat2.6	S12.bam	F06.bam	0.9990025	0.9989925		0.536	1_1	1_2	FALSE
S10.metabat2.6	S12.bam	F07.bam	0.9993092	0.9992992		0.616	1_1	1_2	FALSE
S10.metabat2.6	S12.bam	F09.bam	0.9989941	0.9989841		0.691	1_1	1_2	FALSE
S10.metabat2.6	S12.bam	F11.bam	0.9989622	0.9989522		0.527	1_1	1_2	FALSE
S10.metabat2.6	S12.bam	F14.bam	0.9989766	0.9989666		0.93	1_1	1_2	FALSE
S10.metabat2.6	S13.bam	F06.bam	0.9996454	0.9996354		0.948	1_1	1_2	FALSE
S10.metabat2.6	S13.bam	F09.bam	0.9988816	0.9988716		0.921	1_1	1_2	FALSE
S10.metabat2.6	S13.bam	F11.bam	0.9989779	0.9989679		0.596	1_1	1_2	FALSE
S10.metabat2.6	S13.bam	F12.bam	0.9992149	0.9992049		0.676	1_1	1_2	FALSE
S10.metabat2.6	S13.bam	F15.bam	0.9985041	0.9984941		0.535	1_1	1_2	FALSE
S10.metabat2.6	S13.bam	F16.bam	0.9988124	0.9988024		0.503	1_1	1_2	FALSE
S10.metabat2.6	S14.bam	F02.bam	0.9992139	0.9992039		0.591	1_1	1_2	FALSE
S10.metabat2.6	S14.bam	F04.bam	0.9985452	0.9985352		0.514	1_1	1_2	FALSE
S10.metabat2.6	S14.bam	F05.bam	0.9993999	0.9993899		0.95	1_1	1_2	FALSE
S10.metabat2.6	S14.bam	F06.bam	0.9991609	0.9991509		0.946	1_1	1_2	FALSE
S10.metabat2.6	S14.bam	F07.bam	0.999118	0.999108		0.791	1_1	1_2	FALSE
S10.metabat2.6	S14.bam	F09.bam	0.9987432	0.9987332		0.72	1_1	1_2	FALSE
S10.metabat2.6	S14.bam	F14.bam	0.9988853	0.9988753		0.708	1_1	1_2	FALSE
S10.metabat2.6	S15.bam	F01.bam	0.9988443	0.9988343		0.639	1_1	1_2	FALSE
S10.metabat2.6	S15.bam	F02.bam	0.999024	0.999014		0.87	1_1	1_2	FALSE
S10.metabat2.6	S15.bam	F07.bam	0.9993022	0.9992922		0.993	1_1	1_2	FALSE
S10.metabat2.6	S15.bam	F08.bam	0.99953	0.99952		0.648	1_1	1_2	FALSE
S10.metabat2.6	S15.bam	F09.bam	0.9992664	0.9992564		0.585	1_1	1_2	FALSE
S10.metabat2.6	S15.bam	F12.bam	0.9987142	0.9987042		0.931	1_1	1_2	FALSE
S10.metabat2.6	S15.bam	F14.bam	0.999204	0.999194		0.527	1_1	1_2	FALSE
S10.metabat2.6	S15.bam	F15.bam	0.9996768	0.9996668		0.61	1_1	1_2	FALSE
S10.metabat2.6	S16.bam	F01.bam	0.9986872	0.9986772		0.54	1_1	1_2	FALSE
S10.metabat2.6	S16.bam	F02.bam	0.9985173	0.9985073		0.609	1_1	1_2	FALSE
S10.metabat2.6	S16.bam	F04.bam	0.998691	0.998681		0.642	1_1	1_2	FALSE
S10.metabat2.6	S16.bam	F06.bam	0.9991147	0.9991047		0.962	1_1	1_2	FALSE
S10.metabat2.6	S16.bam	F10.bam	0.99888	0.99887		0.605	1_1	1_2	FALSE
S10.metabat2.6	S16.bam	F14.bam	0.9997231	0.9997131		0.644	1_1	1_2	FALSE
S10.metabat2.6	S16.bam	F16.bam	0.9989451	0.9989351		0.969	1_1	1_2	FALSE
S10.metabat2.6	S17.bam	F04.bam	0.9994998	0.9994898		0.755	1_1	1_2	FALSE
S10.metabat2.6	S17.bam	F07.bam	0.9995541	0.9995441		0.947	1_1	1_2	FALSE
S10.metabat2.6	S17.bam	F08.bam	0.9999974	0.9999874		0.786	1_1	1_2	TRUE
S10.metabat2.6	S17.bam	F13.bam	0.9990716	0.9990616		0.974	1_1	1_2	FALSE
S10.metabat2.6	S17.bam	F15.bam	0.9993413	0.9993313		0.777	1_1	1_2	FALSE
S10.metabat2.6	S17.bam	F16.bam	0.99935	0.99934		0.957	1_1	1_2	FALSE
S10.metabat2.6	S18.bam	F04.bam	0.9988281	0.9988181		0.936	1_1	1_2	FALSE
S10.metabat2.6	S18.bam	F05.bam	0.9988424	0.9988324		0.669	1_1	1_2	FALSE
S10.metabat2.6	S18.bam	F06.bam	0.9999057	0.9998957		0.757	1_1	1_2	FALSE
S10.metabat2.6	S18.bam	F10.bam	0.9994369	0.9994269		0.59	1_1	1_2	FALSE
S10.metabat2.6	S18.bam	F11.bam	0.9991746	0.9991646		0.667	1_1	1_2	FALSE
S10.metabat2.6	S18.bam	F15.bam	0.9999074	0.9998974		0.871	1_1	1_2	FALSE
S10.metabat2.6	S19.bam	F02.bam	0.9992704	0.9992604		0.801	1_1	1_2	FALSE
S10.metabat2.6	S19.bam	F04.bam	0.9993645	0.9993545		0.732	1_1	1_2	FALSE
S10.metabat2.6	S19.bam	F05.bam	0.9997354	0.9997254		0.99	1_1	1_2	FALSE
S10.metabat2.6	S19.bam	F09.bam	0.9992167	0.9992067		0.891	1_1	1_2	FALSE
S10.metabat2.6	S19.bam	F13.bam	0.9997913	0.9997813		0.689	1_1	1_2	FALSE
S10.metabat2.6	S19.bam	F14.bam	0.9997743	0.9997643		0.683	1_1	1_2	FALSE
S10.metabat2.6	S19.bam	F16.bam	0.9991656	0.9991556		0.827	1_1	1_2	FALSE
S10.metabat2.6	S20.bam	F02.bam	0.9998482	0.9998382		0.975	1_1	1_2	FALSE
S10.metabat2.6	S20.bam	F03.bam	0.9996961	0.9996861		0.558	1_1	1_2	FALSE
S10.metabat2.6	S20.bam	F05.bam	0.9985479	0.9985379		0.735	1_1	1_2	FALSE
S10.metabat2.6	S20.bam	F08.bam	0.9990351	0.9990251		0.828	1_1	1_2	FALSE
S10.metabat2.6	S20.bam	F09.bam	0.9999712	0.9999612		0.718	1_1	1_2	FALSE
S10.metabat2.6	S20.bam	F13.bam	0.9988519	0.9988419		0.534	1_1	1_2	FALSE
S10.metabat2.6	S20.bam	F14.bam	0.9985491	0.9985391		0.564	1_1	1_2	FALSE
S10.metabat2.6	S21.bam	F01.bam	0.999244	0.999234		0.891	1_1	1_2	FALSE
S10.metabat2.6	S21.bam	F03.bam	0.9985763	0.9985663		0.852	1_1	1_2	FALSE
S10.metabat2.6	S21.bam	F07.bam	0.9993652	0.9993552		0.519	1_1	1_2	FALSE
S10.metabat2.6	S21.bam	F08.bam	0.9994846	0.9994746		0.708	1_1	1_2	FALSE
S10.metabat2.6	S21.bam	F11.bam	0.9997704	0.9997604		0.645	1_1	1_2	FALSE
S10.metabat2.6	S21.bam	F12.bam	0.9997501	0.9997401		0.656	1_1	1_2	FALSE
S10.metabat2.6	S21.bam	F13.bam	0.9999706	0.9999606		0.533	1_1	1_2	FALSE
S10.metabat2.6	S21.bam	F14.bam	0.9997406	0.9997306		0.611	1_1	1_2	FALSE
S10.metabat2.6	S22.bam	F01.bam	0.9988175	0.9988075		0.851	1_1	1_2	FALSE
S10.metabat2.6	S22.bam	F04.bam	0.9986034	0.9985934		0.882	1_1	1_2	FALSE
S10.metabat2.6	S22.bam	F05.bam	0.9996194	0.9996094		0.693	1_1	1_2	FALSE
S10.metabat2.6	S22.bam	F08.bam	0.9992467	0.9992367		0.777	1_1	1_2	FALSE
S10.metabat2.6	S22.bam	F09.bam	0.9998374	0.9998274		0.524	1_1	1_2	FALSE
S10.metabat2.6	S22.bam	F16.bam	0.9993277	0.9993177		0.972	1_1	1_2	FALSE
S10.metabat2.6	S23.bam	F02.bam	0.999854	0.999844		0.557	1_1	1_2	FALSE
S10.metabat2.6	S23.bam	F05.bam	0.9988532	0.9988432		0.899	1_1	1_2	FALSE
S10.metabat2.6	S23.bam	F08.bam	0.9988842	0.9988742		0.922	1_1	1_2	FALSE
S10.metabat2.6	S23.bam	F10.bam	0.9994526	0.9994426		0.711	1_1	1_2	FALSE
S10.metabat2.6	S23.bam	F15.bam	0.9988608	0.9988508		0.536	1_1	1_2	FALSE
S10.metabat2.6	S24.bam	F03.bam	0.9990692	0.9990592		0.926	1_1	1_2	FALSE
S10.metabat2.6	S24.bam	F04.bam	0.9986442	0.9986342		0.745	1_1	1_2	FALSE
S10.metabat2.6	S24.bam	F06.bam	0.9990893	0.9990793		0.576	1_1	1_2	FALSE
S10.metabat2.6	S24.bam	F07.bam	0.9986565	0.9986465		0.549	1_1	1_2	FALSE
S10.metabat2.6	S24.bam	F12.bam	0.9994098	0.9993998		0.949	1_1	1_2	FALSE
S10.metabat2.6	S24.bam	F14.bam	0.9990015	0.9989915		0.72	1_1	1_2	FALSE
S10.metabat2.6	S24.bam	F15.bam	0.9985617	0.9985517		0.947	1_1	1_2	FALSE
S10.metabat2.6	F01.bam	F02.bam	0.9999946	0.9999846		0.899	1_1	1_2	TRUE
S10.metabat2.6	F01.bam	F03.bam	0.999996	0.999986		0.636	1_1	1_2	TRUE
S10.metabat2.6	F01.bam	F04.bam	0.9996178	0.9996078		0.835	1_1	1_2	FALSE
S10.metabat2.6	F01.bam	F05.bam	0.9998269	0.9998169		0.993	1_1	1_2	FALSE
S10.metabat2.6	F01.bam	F06.bam	0.9999919	0.9999819		0.902	1_1	1_2	TRUE
S10.metabat2.6	F01.bam	F08.bam	0.9999995	0.9999895		0.825	1_1	1_2	TRUE
S10.metabat2.6	F01.bam	F09.bam	0.9993625	0.9993525		0.739	1_1	1_2	FALSE
S10.metabat2.6	F01.bam	F10.bam	0.9989769	0.9989669		0.544	1_1	1_2	FALSE
S10.metabat2.6	F01.bam	F11.bam	0.9992054	0.9991954		0.623	1_1	1_2	FALSE
S10.metabat2.6	F01.bam	F12.bam	0.9997304	0.9997204		0.739	1_1	1_2	FALSE
S10.metabat2.6	F01.bam	F13.bam	0.999326	0.999316		0.746	1_1	1_2	FALSE
S10.metabat2.6	F01.bam	F14.bam	0.9998369	0.9998269		0.6	1_1	1_2	FALSE
S10.metabat2.6	F01.bam	F15.bam	0.9991807	0.9991707		0.794	1_1	1_2	FALSE
S10.metabat2.6	F01.bam	F16.bam	0.9989109	0.9989009		0.756	1_1	1_2	FALSE
S10.metabat2.6	F02.bam	F04.bam	0.9999984	0.9999884		0.651	1_1	1_2	TRUE
S10.metabat2.6	F02.bam	F05.bam	0.999997	0.999987		0.594	1_1	1_2	TRUE
S10.metabat2.6	F02.bam	F08.bam	0.9999664	0.9999564		0.696	1_1	1_2	FALSE
S10.metabat2.6	F02.bam	F12.bam	0.9986842	0.9986742		0.641	1_1	1_2	FALSE
S10.metabat2.6	F02.bam	F16.bam	0.999828	0.999818		0.925	1_1	1_2	FALSE
S10.metabat2.6	F03.bam	F05.bam	0.9999917	0.9999817		0.666	1_1	1_2	TRUE
S10.metabat2.6	F03.bam	F07.bam	0.9993564	0.9993464		0.983	1_1	1_2	FALSE
S10.metabat2.6	F03.bam	F08.bam	0.9994973	0.9994873		0.801	1_1	1_2	FALSE
S10.metabat2.6	F03.bam	F10.bam	0.9995314	0.9995214		0.508	1_1	1_2	FALSE
S10.metabat2.6	F03.bam	F12.bam	0.9996696	0.9996596		0.886	1_1	1_2	FALSE
S10.metabat2.6	F03.bam	F13.bam	0.9988056	0.9987956		0.777	1_1	1_2	FALSE
S10.metabat2.6	F04.bam	F05.bam	0.9996848	0.9996748		0.872	1_1	1_2	FALSE
S10.metabat2.6	F04.bam	F06.bam	0.9998026	0.9997926		0.671	1_1	1_2	FALSE
S10.metabat2.6	F04.bam	F10.bam	0.9998005	0.9997905		0.533	1_1	1_2	FALSE
S10.metabat2.6	F04.bam	F13.bam	0.9991788	0.9991688		0.968	1_1	1_2	FALSE
S10.metabat2.6	F04.bam	F15.bam	0.9985375	0.9985275		0.592	1_1	1_2	FALSE
S10.metabat2.6	F05.bam	F06.bam	0.9994823	0.9994723		0.839	1_1	1_2	FALSE
S10.metabat2.6	F05.bam	F07.bam	0.9999953	0.9999853		0.505	1_1	1_2	TRUE
S10.metabat2.6	F05.bam	F09.bam	0.999202	0.999192		0.686	1_1	1_2	FALSE
S10.metabat2.6	F05.bam	F10.bam	0.9999642	0.9999542		0.621	1_1	1_2	FALSE
S10.metabat2.6	F05.bam	F12.bam	0.9999449	0.9999349		0.682	1_1	1_2	FALSE
S10.metabat2.6	F05.bam	F13.bam	0.9992458	0.9992358		0.566	1_1	1_2	FALSE
S10.metabat2.6	F05.bam	F16.bam	0.9986217	0.9986117		0.704	1_1	1_2	FALSE
S10.metabat2.6	F06.bam	F07.bam	0.9991291	0.9991191		0.666	1_1	1_2	FALSE
S10.metabat2.6	F06.bam	F10.bam	0.9993774	0.9993674		0.599	1_1	1_2	FALSE
S10.metabat2.6	F06.bam	F11.bam	0.9997382	0.9997282		0.575	1_1	1_2	FALSE
S10.metabat2.6	F06.bam	F12.bam	0.9991182	0.9991082		0.89	1_1	1_2	FALSE
S10.metabat2.6	F06.bam	F13.bam	0.9998616	0.9998516		0.774	1_1	1_2	FALSE
S10.metabat2.6	F06.bam	F14.bam	0.9993635	0.9993535		0.594	1_1	1_2	FALSE
S10.metabat2.6	F06.bam	F15.bam	0.9999992	0.9999892		0.793	1_1	1_2	TRUE
S10.metabat2.6	F06.bam	F16.bam	0.9987873	0.9987773		0.967	1_1	1_2	FALSE
S10.metabat2.6	F07.bam	F09.bam	0.9986295	0.9986195		0.723	1_1	1_2	FALSE
S10.metabat2.6	F07.bam	F10.bam	0.9999996	0.9999896		0.613	1_1	1_2	TRUE
S10.metabat2.6	F07.bam	F11.bam	0.9992019	0.9991919		0.734	1_1	1_2	FALSE
S10.metabat2.6	F07.bam	F13.bam	0.9994176	0.9994076		0.55	1_1	1_2	FALSE
S10.metabat2.6	F07.bam	F14.bam	0.9988987	0.9988887		0.547	1_1	1_2	FALSE
S10.metabat2.6	F07.bam	F15.bam	0.9996302	0.9996202		0.73	1_1	1_2	FALSE
S10.metabat2.6	F07.bam	F16.bam	0.9986316	0.9986216		0.532	1_1	1_2	FALSE
S10.metabat2.6	F08.bam	F12.bam	0.9987559	0.9987459		0.994	1_1	1_2	FALSE
S10.metabat2.6	F08.bam	F15.bam	0.999108	0.999098		0.955	1_1	1_2	FALSE
S10.metabat2.6	F09.bam	F10.bam	0.9999926	0.9999826		0.844	1_1	1_2	TRUE
S10.metabat2.6	F09.bam	F12.bam	0.9989453	0.9989353		0.939	1_1	1_2	FALSE
S10.metabat2.6	F09.bam	F13.bam	0.9999974	0.9999874		0.678	1_1	1_2	TRUE
S10.metabat2.6	F09.bam	F16.bam	0.9985647	0.9985547		0.8	1_1	1_2	FALSE
S10.metabat2.6	F10.bam	F12.bam	0.9989729	0.9989629		0.688	1_1	1_2	FALSE
S10.metabat2.6	F10.bam	F13.bam	0.9985723	0.9985623		0.972	1_1	1_2	FALSE
S10.metabat2.6	F10.bam	F16.bam	0.9999955	0.9999855		0.913	1_1	1_2	TRUE
S10.metabat2.6	F12.bam	F13.bam	0.9993049	0.9992949		0.791	1_1	1_2	FALSE
S10.metabat2.6	F12.bam	F14.bam	0.9999958	0.9999858		0.87	1_1	1_2	TRUE
S10.metabat2.6	F13.bam	F16.bam	0.9999972	0.9999872		0.753	1_1	1_2	TRUE
S10.metabat2.6	F14.bam	F15.bam	0.9990063	0.9989963		0.95	1_1	1_2	FALSE
S10.metabat2.6	F14.bam	F16.bam	0.9987369	0.9987269		0.76	1_1	1_2	FALSE
S10.metabat2.6	F15.bam	F16.bam	0.9994385	0.9994285		0.89	1_1	1_2	FALSE
